{
"type": "FeatureCollection",
"name": "inundation_extent",
"crs": { "type": "name", "properties": { "name": "urn:ogc:def:crs:OGC:1.3:CRS84" } },
"features": [
{ "type": "Feature", "properties": { "OBJECTID": 1, "Id": 0, "Shape_Leng": 17067.153842700001, "Shape_Length": 30524.385591243587, "Shape_Area": 1470515.353237685 }, "geometry": { "type": "MultiPolygon", "coordinates": [ [ [ [ -119.645458604623542, 34.442851409104449 ], [ -119.645447412698744, 34.442792268282318 ], [ -119.645443684738524, 34.442783287005739 ], [ -119.645458604623542, 34.442851409104449 ], [ -119.645379174669912, 34.442645678380089 ], [ -119.645242830113702, 34.442543927108041 ], [ -119.644929974311438, 34.442465470362436 ], [ -119.644695702553562, 34.442403413643127 ], [ -119.644719563531723, 34.442222287025807 ], [ -119.644743251727888, 34.44207930782251 ], [ -119.644744071907112, 34.441898109668365 ], [ -119.64474467624666, 34.441764595360333 ], [ -119.644733890376841, 34.441602435149647 ], [ -119.64473466740202, 34.441430774229318 ], [ -119.64473527175393, 34.441297259859567 ], [ -119.644655235335776, 34.441163495290034 ], [ -119.644724916571903, 34.441039731750394 ], [ -119.644728843342804, 34.441040105281118 ], [ -119.644692080284955, 34.440913266678962 ], [ -119.644543206464931, 34.440717298507721 ], [ -119.644371140871669, 34.440554637402037 ], [ -119.64423280501002, 34.440445662342341 ], [ -119.644212844439124, 34.440429938853057 ], [ -119.644164517402544, 34.4403918686399 ], [ -119.644153732919975, 34.440229708154213 ], [ -119.644158457393303, 34.44011486774491 ], [ -119.644260221366693, 34.439610141430684 ], [ -119.64422298182096, 34.440201312710705 ], [ -119.644297061723833, 34.440377975097526 ], [ -119.644360075054578, 34.440454465994073 ], [ -119.644509523517016, 34.440569013681305 ], [ -119.644572459419877, 34.440617252270798 ], [ -119.64476178391277, 34.440784734426877 ], [ -119.644847449923702, 34.440947127002445 ], [ -119.644828326735151, 34.441099657999779 ], [ -119.644828208055699, 34.441125883834189 ], [ -119.644908201584911, 34.441269184707693 ], [ -119.644908028994863, 34.44130733218843 ], [ -119.644861214566021, 34.441469313826879 ], [ -119.64490677189886, 34.441607080416603 ], [ -119.644918038561116, 34.441641153345088 ], [ -119.644975207914001, 34.441736699683027 ], [ -119.644916701033395, 34.441936792120075 ], [ -119.644893013192075, 34.442079772280536 ], [ -119.644903627954662, 34.442280078945807 ], [ -119.644926280351115, 34.442365980774852 ], [ -119.645236937319041, 34.442452775090196 ], [ -119.645320211107617, 34.442491891966164 ], [ -119.645368481116094, 34.442514565813227 ], [ -119.645392349994765, 34.442548908371947 ], [ -119.645580625777328, 34.442950039342854 ], [ -119.645592487660792, 34.443193265386149 ], [ -119.645673197177544, 34.443497502826958 ], [ -119.645749943119597, 34.443723048558432 ], [ -119.645795495327093, 34.444159499797927 ], [ -119.645820739032843, 34.444309783320577 ], [ -119.645995785588056, 34.4447716694363 ], [ -119.646076240253834, 34.445133125322961 ], [ -119.646221435602484, 34.445509087140088 ], [ -119.646307378411109, 34.44561187346747 ], [ -119.646413912472823, 34.445619354571434 ], [ -119.64643385899042, 34.445667100510164 ], [ -119.646554299875589, 34.445784298343291 ], [ -119.646766874908181, 34.445908933284471 ], [ -119.646827423520364, 34.445894814794634 ], [ -119.646873656151683, 34.445861578214362 ], [ -119.646896923175106, 34.445811581245373 ], [ -119.646909045277724, 34.445678102963299 ], [ -119.646886400482884, 34.445589817487722 ], [ -119.646892708249396, 34.445468243019747 ], [ -119.646898843284646, 34.445384814060922 ], [ -119.646896252570045, 34.445320433025202 ], [ -119.646905086655906, 34.44527754459228 ], [ -119.646910976045163, 34.445248951401318 ], [ -119.646916950144586, 34.445201286340129 ], [ -119.646902764110663, 34.445153558223701 ], [ -119.64696037816276, 34.445151351478131 ], [ -119.647009147477803, 34.445194417471811 ], [ -119.647066472069724, 34.445256583738143 ], [ -119.647094479883847, 34.445433101414245 ], [ -119.647119424444639, 34.445647653834449 ], [ -119.647145508066387, 34.445614458683174 ], [ -119.647258167244587, 34.445540895266966 ], [ -119.647315920855647, 34.445507693980282 ], [ -119.647385151844091, 34.445484065414192 ], [ -119.647416983382897, 34.445450784264189 ], [ -119.647451620263496, 34.445434201314029 ], [ -119.647483280406561, 34.445439067472449 ], [ -119.647520487078651, 34.445491634158202 ], [ -119.647572105135154, 34.445541861723392 ], [ -119.647582227537839, 34.445595504774964 ], [ -119.647597460520814, 34.44559152185515 ], [ -119.647715112443606, 34.445562120833856 ], [ -119.647864850309446, 34.445529779782348 ], [ -119.647986066886901, 34.445506259311934 ], [ -119.648039544584108, 34.445503319318618 ], [ -119.64807163228852, 34.445538600199178 ], [ -119.648117979580277, 34.44556800094351 ], [ -119.648224935161608, 34.445559180467512 ], [ -119.648246326457013, 34.445541540136553 ], [ -119.648289109018918, 34.445506259461673 ], [ -119.648389191825316, 34.445455265313569 ], [ -119.648404614178247, 34.445431837680587 ], [ -119.648415646518401, 34.445342749347098 ], [ -119.648445021517333, 34.445234424407495 ], [ -119.648458796148276, 34.445169097900241 ], [ -119.648462941356613, 34.445103742732542 ], [ -119.648455551846808, 34.445033569029199 ], [ -119.648432646693607, 34.444987262428441 ], [ -119.648344629800391, 34.444857850480091 ], [ -119.648338952847041, 34.444835512387627 ], [ -119.648335400490097, 34.444768539491605 ], [ -119.648366316393023, 34.444746312849567 ], [ -119.648416384925525, 34.444748061537133 ], [ -119.648472237562373, 34.444748232979194 ], [ -119.648520444712091, 34.444735625622364 ], [ -119.648549505200677, 34.44469745067677 ], [ -119.648563101167014, 34.444671982678997 ], [ -119.648590107462098, 34.444662500188933 ], [ -119.648615109585378, 34.444670548179651 ], [ -119.648628584181466, 34.444672183595522 ], [ -119.648653593443882, 34.444678638424925 ], [ -119.648670899021255, 34.444685068716453 ], [ -119.648686227904662, 34.444702653274319 ], [ -119.648707278834962, 34.444733010689824 ], [ -119.648691663390423, 34.444779198195114 ], [ -119.648687683619784, 34.444807884754837 ], [ -119.648687476657017, 34.444854119519341 ], [ -119.64868729823614, 34.444893978067512 ], [ -119.64868906688703, 34.444929058558209 ], [ -119.648679158082828, 34.44499120791474 ], [ -119.648656004087712, 34.445000703141794 ], [ -119.648609687855014, 34.445021287631597 ], [ -119.648599978858087, 34.445038795373939 ], [ -119.648582551847696, 34.445059468485525 ], [ -119.648566908793214, 34.445112033977168 ], [ -119.648560937957853, 34.445155062891274 ], [ -119.648523866537573, 34.445261770175023 ], [ -119.648534050658398, 34.445308818074487 ], [ -119.648585020292941, 34.44527399133684 ], [ -119.648663454908672, 34.445194609326087 ], [ -119.648726815300634, 34.445127029803913 ], [ -119.648763279761823, 34.445118166516643 ], [ -119.648848844259902, 34.445106406192693 ], [ -119.648913018612461, 34.44508288464538 ], [ -119.649003753980125, 34.445054527072024 ], [ -119.649034234623628, 34.445006442283393 ], [ -119.649073452135255, 34.4449094184777 ], [ -119.649087712911012, 34.44485355689303 ], [ -119.649105538573849, 34.444803574297794 ], [ -119.649114478472768, 34.44475110082135 ], [ -119.649144755373484, 34.444685969838858 ], [ -119.649176843055542, 34.44464774813742 ], [ -119.649198234048626, 34.444624226924212 ], [ -119.649216060046697, 34.444597766157763 ], [ -119.649276667625983, 34.444536023409036 ], [ -119.649308351987941, 34.444511295558911 ], [ -119.649340841469964, 34.444465460596568 ], [ -119.64941571115169, 34.444406657622928 ], [ -119.649465623961632, 34.444362555636033 ], [ -119.649511970646628, 34.444315514081694 ], [ -119.64954338048112, 34.44428640859531 ], [ -119.649565449236249, 34.444233190357743 ], [ -119.649576144942785, 34.444206729335065 ], [ -119.649590404918555, 34.444165566673632 ], [ -119.64959753595349, 34.444121465281142 ], [ -119.649601100671546, 34.444086183024481 ], [ -119.649608231053222, 34.444021500103823 ], [ -119.649618927415318, 34.443962697066404 ], [ -119.649629622417422, 34.443915655406457 ], [ -119.649625187383862, 34.443880599179487 ], [ -119.649636753201193, 34.443830390948548 ], [ -119.649654579248718, 34.443786288012902 ], [ -119.649675970352661, 34.443739245718383 ], [ -119.649693796353404, 34.443695143673843 ], [ -119.649706995390105, 34.443654831991971 ], [ -119.649718751992168, 34.443615759438067 ], [ -119.649709593890606, 34.443578222398962 ], [ -119.649679535113279, 34.443542255155194 ], [ -119.649664079762644, 34.443515692485683 ], [ -119.649690230387208, 34.443477572285758 ], [ -119.649684699272001, 34.443444446492236 ], [ -119.649686665634064, 34.443412888146852 ], [ -119.649672405021875, 34.443389366798208 ], [ -119.649651013449301, 34.443359965465071 ], [ -119.649624517192677, 34.443324334400216 ], [ -119.649497020379201, 34.443221330354675 ], [ -119.649466352230036, 34.44316148244539 ], [ -119.649464068970659, 34.443095318960282 ], [ -119.649448725938853, 34.443067529270039 ], [ -119.649443704100506, 34.443037637321325 ], [ -119.649461796330044, 34.443027022556045 ], [ -119.649495242205731, 34.443042063659647 ], [ -119.649505506207404, 34.443052765213473 ], [ -119.649474399689737, 34.443091082883029 ], [ -119.649471679078786, 34.443123085881204 ], [ -119.649497382539693, 34.443140236232402 ], [ -119.649528135381587, 34.443180877960806 ], [ -119.64959510461739, 34.443193886865096 ], [ -119.649646566622295, 34.443215385486205 ], [ -119.649703243278452, 34.443224095144593 ], [ -119.649744603178959, 34.443198612764178 ], [ -119.649744698414452, 34.443177272774754 ], [ -119.649698639345047, 34.4431003052688 ], [ -119.649696195051206, 34.443070421216142 ], [ -119.649693712662682, 34.443049072438697 ], [ -119.649722087938628, 34.443044891530604 ], [ -119.649763344070493, 34.443042883855121 ], [ -119.649766887713142, 34.443043520067938 ], [ -119.649772229905153, 34.443033606080867 ], [ -119.649779360568388, 34.442998323872409 ], [ -119.649782926125425, 34.442913059239622 ], [ -119.649786491391964, 34.442898358482509 ], [ -119.649790055800025, 34.442871896324291 ], [ -119.649793621974624, 34.442810152678213 ], [ -119.649790056020151, 34.442748408846093 ], [ -119.649775795218432, 34.442683724395984 ], [ -119.649768664605489, 34.442607279617768 ], [ -119.649761535080188, 34.44258669789064 ], [ -119.649736578350058, 34.442522014056387 ], [ -119.649712779208812, 34.442492598136617 ], [ -119.649658143958376, 34.442407346476365 ], [ -119.649604666643654, 34.442342661859556 ], [ -119.649583275061815, 34.442327960435804 ], [ -119.649508405769652, 34.442272097149214 ], [ -119.649483869017971, 34.442199482874038 ], [ -119.649466518891586, 34.44217559427058 ], [ -119.649432236625771, 34.442143910518922 ], [ -119.649380771239677, 34.442120902391466 ], [ -119.64935746947927, 34.442114951248854 ], [ -119.649315225183145, 34.442116041116755 ], [ -119.649269459922891, 34.442095840257338 ], [ -119.649236853792388, 34.442066419782087 ], [ -119.649215061355861, 34.442054978207914 ], [ -119.649184132473664, 34.44204508830498 ], [ -119.649168458355035, 34.442006447156388 ], [ -119.64915571738139, 34.441981302042016 ], [ -119.64914225143896, 34.441981484266513 ], [ -119.649098720650315, 34.441937757450617 ], [ -119.649067509722471, 34.441899180417671 ], [ -119.649049683437383, 34.441879578711408 ], [ -119.648976847140247, 34.441845641009522 ], [ -119.648957568960768, 34.441818943929 ], [ -119.648929489613366, 34.441790152697301 ], [ -119.648902667543055, 34.44175381663446 ], [ -119.648873666012562, 34.441711697705635 ], [ -119.648841563396573, 34.441683911478066 ], [ -119.64879688784292, 34.441670584798104 ], [ -119.648771575215235, 34.441660861587835 ], [ -119.648745088433529, 34.441644977420609 ], [ -119.648713571921888, 34.44163169286827 ], [ -119.648682977661338, 34.441633913998061 ], [ -119.648656155494379, 34.441620250941796 ], [ -119.648607005354194, 34.441637010557855 ], [ -119.648583237384472, 34.441637010619957 ], [ -119.648529759442084, 34.441629660083557 ], [ -119.648503021062751, 34.441624759735703 ], [ -119.648473311100005, 34.44161740912746 ], [ -119.648436215619412, 34.4416282564789 ], [ -119.648389360442934, 34.441578593408302 ], [ -119.64835164142815, 34.441577252076044 ], [ -119.648328843212141, 34.44155906325895 ], [ -119.648303780298832, 34.441557764377514 ], [ -119.648284921397959, 34.441538863148168 ], [ -119.648294979424875, 34.441520631944641 ], [ -119.64832347849277, 34.441508394846863 ], [ -119.648328172286369, 34.441479225596282 ], [ -119.648310151289593, 34.441489535838336 ], [ -119.648296405230752, 34.441474028608219 ], [ -119.648286849428047, 34.441457433076437 ], [ -119.648268409644302, 34.441437315716691 ], [ -119.648245777885066, 34.441428389100956 ], [ -119.648217446813845, 34.441408734264179 ], [ -119.64818794322089, 34.441392765903935 ], [ -119.6481871045075, 34.441372733235532 ], [ -119.648186517717889, 34.441347252268862 ], [ -119.648174447823266, 34.441327177888525 ], [ -119.648140753215614, 34.441306893791946 ], [ -119.648108734059107, 34.441291178104493 ], [ -119.648096412678385, 34.441270390156035 ], [ -119.64808668917513, 34.441238287616265 ], [ -119.648080319310054, 34.44121737467475 ], [ -119.648078558682286, 34.441191265620169 ], [ -119.648075197152821, 34.441137170065559 ], [ -119.648072225621064, 34.441107768199416 ], [ -119.648078139443555, 34.441075260441927 ], [ -119.648093023407824, 34.441041612394727 ], [ -119.648110848793905, 34.441019559985705 ], [ -119.648131646413518, 34.440982807720559 ], [ -119.648155413494621, 34.440946053759703 ], [ -119.648167297716299, 34.440924002010739 ], [ -119.648201281448507, 34.440879018855036 ], [ -119.648192258586519, 34.440862540285742 ], [ -119.648175704978257, 34.440832310012816 ], [ -119.648157851631737, 34.440795052411154 ], [ -119.648136981307019, 34.440758927255622 ], [ -119.648122815694734, 34.440742833876719 ], [ -119.648104123802128, 34.440723639349535 ], [ -119.648081743899198, 34.440721711569516 ], [ -119.648054335753045, 34.440687345117844 ], [ -119.648034721458245, 34.440669952687792 ], [ -119.648017317663758, 34.440662816392567 ], [ -119.648007229378592, 34.440658678980171 ], [ -119.647983341014168, 34.440655493986995 ], [ -119.6479612126722, 34.440568364207138 ], [ -119.647864150218652, 34.440542380260645 ], [ -119.647855343634973, 34.440517266885102 ], [ -119.647849401452874, 34.44049276426469 ], [ -119.647846430798012, 34.440470711916518 ], [ -119.647849401222558, 34.440424158342076 ], [ -119.647855343716955, 34.440392304875665 ], [ -119.647876139872025, 34.440338399795564 ], [ -119.647876139860372, 34.440313897419934 ], [ -119.647894595427346, 34.440266602066323 ], [ -119.647888437049829, 34.440257051075577 ], [ -119.647842818471332, 34.440186286359484 ], [ -119.647744810321385, 34.440141208243766 ], [ -119.64773364357201, 34.440138247055188 ], [ -119.647720567692573, 34.44012022586579 ], [ -119.647697182340281, 34.44011850758065 ], [ -119.647681850352569, 34.440097983340806 ], [ -119.647681191379164, 34.440092986399776 ], [ -119.647677736495439, 34.44006679099634 ], [ -119.647664031423872, 34.440007562300224 ], [ -119.647648064252522, 34.439985235659336 ], [ -119.647627696638594, 34.439951917117448 ], [ -119.647617554794977, 34.439919730304446 ], [ -119.647594504193805, 34.439890016994937 ], [ -119.647552594504191, 34.439859758135221 ], [ -119.647518312579919, 34.439814579442569 ], [ -119.647502805827912, 34.439757373590673 ], [ -119.64747087162435, 34.439719277710111 ], [ -119.647448743330912, 34.439689269834012 ], [ -119.647419909109402, 34.439675188452711 ], [ -119.64738478942904, 34.439686168623034 ], [ -119.647331312112328, 34.43971969688161 ], [ -119.647325361352145, 34.439698364332564 ], [ -119.647297533149441, 34.439696101522244 ], [ -119.647290409205567, 34.439675691710413 ], [ -119.647262664949693, 34.439649665677315 ], [ -119.647244140981826, 34.439624939520193 ], [ -119.647213714301316, 34.43959585401393 ], [ -119.647177923901125, 34.439597195462504 ], [ -119.647135175355587, 34.439616556813583 ], [ -119.647082957085445, 34.439626909291235 ], [ -119.647032414023826, 34.439638224800312 ], [ -119.646978937232618, 34.439633614735641 ], [ -119.646928730075572, 34.439619616930528 ], [ -119.646920668113907, 34.439604493785062 ], [ -119.646878689630043, 34.439598326841136 ], [ -119.646828733137227, 34.439580640573041 ], [ -119.646819765231712, 34.43959945807056 ], [ -119.646797553024925, 34.439617185815258 ], [ -119.646784980289468, 34.43959095053598 ], [ -119.646784812259796, 34.439566852226392 ], [ -119.646796211215587, 34.439531732829948 ], [ -119.646807275625179, 34.439513627376989 ], [ -119.646789170478883, 34.4394945587742 ], [ -119.646754134938931, 34.43944766177475 ], [ -119.646728737299114, 34.439421007552973 ], [ -119.646706608910918, 34.439397873279283 ], [ -119.646692946397167, 34.439373146704263 ], [ -119.646675008864221, 34.439346115385064 ], [ -119.646658832587036, 34.439294650173501 ], [ -119.646632429574808, 34.439241089832848 ], [ -119.646613318612125, 34.439211418197203 ], [ -119.646602757488822, 34.439194863538539 ], [ -119.646580042685329, 34.439194653767771 ], [ -119.646555986782303, 34.43919591138549 ], [ -119.646537210823411, 34.439176214386421 ], [ -119.646528744721664, 34.439140884102763 ], [ -119.646514160570987, 34.439118043406609 ], [ -119.64649194924877, 34.439092088316322 ], [ -119.646506951796468, 34.439087282083996 ], [ -119.646511774926068, 34.439074466797067 ], [ -119.646524721987646, 34.439055975186065 ], [ -119.646509062704126, 34.439068358730637 ], [ -119.646480298214186, 34.439073199978544 ], [ -119.646490201622896, 34.439089320983001 ], [ -119.646488176565555, 34.439091599076036 ], [ -119.646455236258177, 34.439097969246951 ], [ -119.646435287374828, 34.439116115729917 ], [ -119.646406704758277, 34.439110541452131 ], [ -119.646393126470741, 34.439092520342406 ], [ -119.646377618959647, 34.439078942112673 ], [ -119.646352389590589, 34.439066453053066 ], [ -119.64633663166147, 34.43903694851511 ], [ -119.646315760510817, 34.439017963200264 ], [ -119.646295057554653, 34.43900296045895 ], [ -119.646277455296456, 34.438988291694812 ], [ -119.646248034978498, 34.438987705203232 ], [ -119.646228421159037, 34.438973287938531 ], [ -119.646209898091712, 34.438957404309804 ], [ -119.646191793054683, 34.438941269655139 ], [ -119.646168658440487, 34.438934480314181 ], [ -119.646147368322801, 34.438930456804734 ], [ -119.646133286705748, 34.438910382250278 ], [ -119.646094059329343, 34.438903717984388 ], [ -119.646056676492904, 34.438887499401105 ], [ -119.646022478551103, 34.438865496433998 ], [ -119.645992805784104, 34.438855732068063 ], [ -119.64595123178799, 34.438838423652584 ], [ -119.645938742970358, 34.438816840111159 ], [ -119.645917788104072, 34.438796178373046 ], [ -119.64591175293485, 34.438773630755705 ], [ -119.645893732656219, 34.43874693515972 ], [ -119.645851403622302, 34.438740900114439 ], [ -119.645818294915955, 34.438722376079937 ], [ -119.645798597871476, 34.438712443365823 ], [ -119.645772529510865, 34.438717555903821 ], [ -119.645762219927207, 34.438700791975428 ], [ -119.645726262071307, 34.438710138022998 ], [ -119.645690303417226, 34.438708084859528 ], [ -119.645687369641863, 34.43868235234477 ], [ -119.645657865258485, 34.438683776745982 ], [ -119.645618470472215, 34.438688428992727 ], [ -119.645607322381423, 34.438653434551796 ], [ -119.645605227432114, 34.438684447403688 ], [ -119.645588463306694, 34.438697062601101 ], [ -119.645556780000646, 34.438695301974576 ], [ -119.645529370673742, 34.438719442010594 ], [ -119.645498106607633, 34.438702217604117 ], [ -119.645454101418451, 34.43865737399318 ], [ -119.645377742059054, 34.438622673239067 ], [ -119.6453370899726, 34.438612656629829 ], [ -119.645314207224118, 34.438619781223693 ], [ -119.645284535485118, 34.43863222844076 ], [ -119.645272884806872, 34.438600334972598 ], [ -119.645279171334423, 34.43857661437422 ], [ -119.645302975616303, 34.438558258347598 ], [ -119.645308172887809, 34.438537596387235 ], [ -119.645331641556808, 34.438523892711011 ], [ -119.645363241455399, 34.438523138109268 ], [ -119.645390314588568, 34.438524017634833 ], [ -119.64541973600177, 34.438522635398428 ], [ -119.645442869581515, 34.438528166923824 ], [ -119.645445048684536, 34.438501429255574 ], [ -119.645441612874976, 34.43848227607252 ], [ -119.645420405975159, 34.438470709386436 ], [ -119.645398697030785, 34.438486425330069 ], [ -119.645374975942659, 34.438504446417888 ], [ -119.645351255021609, 34.438499542944349 ], [ -119.645319404191966, 34.43848814332619 ], [ -119.645278584654548, 34.438456669546987 ], [ -119.645258467445373, 34.438448454777351 ], [ -119.645216726367266, 34.438466266821607 ], [ -119.645181772953151, 34.43847230148328 ], [ -119.6451584718844, 34.438476618655244 ], [ -119.645111114150581, 34.43849468179183 ], [ -119.645058811152595, 34.438500046281945 ], [ -119.645003238372141, 34.438485670534462 ], [ -119.644972309617813, 34.43847666075137 ], [ -119.644940877705693, 34.438433787015647 ], [ -119.644935429365702, 34.438456753254926 ], [ -119.644930567520888, 34.438432361914067 ], [ -119.644902152831875, 34.438420543898083 ], [ -119.64488731680477, 34.438398414983588 ], [ -119.644857980523014, 34.438356212748324 ], [ -119.644849179578827, 34.438339741768665 ], [ -119.644888406190418, 34.438314973501903 ], [ -119.644915395964389, 34.438307555343997 ], [ -119.644885725056, 34.438304914966615 ], [ -119.64485345452492, 34.438296575028652 ], [ -119.644828392634096, 34.438298419399395 ], [ -119.644806180667402, 34.438289617729012 ], [ -119.644788997882458, 34.438266777743245 ], [ -119.644777011781713, 34.438229687298005 ], [ -119.64476527659987, 34.438193435672687 ], [ -119.644752368326479, 34.438173235711446 ], [ -119.644735520336496, 34.438148341292106 ], [ -119.644714984917769, 34.438129146746768 ], [ -119.644690258495828, 34.438119172099483 ], [ -119.644666537831455, 34.438109197864115 ], [ -119.644640554267085, 34.438109072182883 ], [ -119.644618509804701, 34.438109448930646 ], [ -119.644597387120342, 34.438094236405362 ], [ -119.644585484912739, 34.438064605689313 ], [ -119.644587580268805, 34.438044405411375 ], [ -119.644601578075623, 34.438018924544927 ], [ -119.644608451104986, 34.438000568372168 ], [ -119.644627812883385, 34.437981583221919 ], [ -119.644651618166563, 34.437973578523035 ], [ -119.644659831853787, 34.437991599435797 ], [ -119.644665280155792, 34.438022989838849 ], [ -119.644693191991024, 34.438019134028067 ], [ -119.644688917603261, 34.437994114603583 ], [ -119.644717584050213, 34.437987785743069 ], [ -119.644718254439994, 34.437959916088168 ], [ -119.644737783439822, 34.437934519045783 ], [ -119.64474958828923, 34.437931558530863 ], [ -119.64476586312972, 34.437927478267731 ], [ -119.644781620863597, 34.437914276131878 ], [ -119.644802743721058, 34.437901787202506 ], [ -119.644825542621234, 34.437902331904752 ], [ -119.64485202932994, 34.437889633419729 ], [ -119.64484498826603, 34.437872492948507 ], [ -119.644819926670493, 34.437849526696198 ], [ -119.644809449368068, 34.437831169861809 ], [ -119.644825123865004, 34.437801959007764 ], [ -119.644812550411814, 34.437760216931622 ], [ -119.644810051267797, 34.437754927697291 ], [ -119.644792350242781, 34.437717469873391 ], [ -119.644768629477582, 34.437699364819423 ], [ -119.644726552417765, 34.437690228465364 ], [ -119.644694281663078, 34.437693539098653 ], [ -119.644656228133883, 34.437665292465013 ], [ -119.644620102364001, 34.437624053096073 ], [ -119.64460786398935, 34.437605697081665 ], [ -119.644636446677509, 34.437594758733724 ], [ -119.644626975407405, 34.437574432440414 ], [ -119.644632507020248, 34.437556159504673 ], [ -119.644613899134441, 34.437544970183197 ], [ -119.64459118458926, 34.437514040719783 ], [ -119.644561848325949, 34.437476028594233 ], [ -119.644522453354867, 34.437439022430119 ], [ -119.644514825093509, 34.437415050492731 ], [ -119.644529660857032, 34.437399920723138 ], [ -119.644536702308386, 34.437382822133806 ], [ -119.644521782102728, 34.437368530859651 ], [ -119.644506610771444, 34.437340954440131 ], [ -119.644509628752814, 34.437318197822172 ], [ -119.644510634234749, 34.437293261446278 ], [ -119.644511305042357, 34.437271803269205 ], [ -119.644523290553138, 34.437233498563344 ], [ -119.644486233196503, 34.437219202544107 ], [ -119.644423842139091, 34.437197150281186 ], [ -119.644385219051287, 34.437184898522482 ], [ -119.644353474009463, 34.43716447329183 ], [ -119.644319857011823, 34.437108938059794 ], [ -119.644292075010497, 34.437014559972354 ], [ -119.644273763203572, 34.4369839522886 ], [ -119.644232473782324, 34.436934179304529 ], [ -119.644195745309588, 34.436895877364215 ], [ -119.644122341509188, 34.436807815816159 ], [ -119.644108762753874, 34.436750491862149 ], [ -119.644067647820705, 34.436662530606604 ], [ -119.644063121588374, 34.43664342261755 ], [ -119.643943346105317, 34.436548530449855 ], [ -119.643871459979223, 34.436428375376146 ], [ -119.643803273513512, 34.436223119633141 ], [ -119.643763779138425, 34.436041795024593 ], [ -119.643770122349437, 34.435913066546952 ], [ -119.643781858714988, 34.435865418228389 ], [ -119.643695594378485, 34.435836539142194 ], [ -119.643633612048689, 34.435852532280883 ], [ -119.643558282295302, 34.435810712720418 ], [ -119.643544396071533, 34.435806601819252 ], [ -119.643444037034016, 34.435776891084679 ], [ -119.64339385862165, 34.435742153264492 ], [ -119.643384755543266, 34.435717329559658 ], [ -119.643387207067079, 34.435684911108751 ], [ -119.643417365312871, 34.435639227863959 ], [ -119.643431344309775, 34.435604938522587 ], [ -119.64343148294509, 34.435574420547525 ], [ -119.643424727399974, 34.435540066641821 ], [ -119.64340881681143, 34.435492333154933 ], [ -119.643397453983042, 34.435457963996889 ], [ -119.643353932108454, 34.435402514684938 ], [ -119.643347089944456, 34.435387234619817 ], [ -119.643365580898674, 34.435373940232729 ], [ -119.643381846733632, 34.435343472474351 ], [ -119.643379689858691, 34.435311040561324 ], [ -119.643377586073342, 34.435267163617993 ], [ -119.643380270470828, 34.435183247455086 ], [ -119.643419670182084, 34.435131870819042 ], [ -119.643472779064965, 34.435105332222264 ], [ -119.643514377822072, 34.435076850988025 ], [ -119.643608973829288, 34.435046627905159 ], [ -119.643671341528702, 34.435010581416044 ], [ -119.643703698548279, 34.43498779350162 ], [ -119.643749496010685, 34.434968257201021 ], [ -119.643784845424037, 34.434923571303791 ], [ -119.643810829095528, 34.434926798858008 ], [ -119.643837818485082, 34.434911795254258 ], [ -119.643864305310629, 34.434893606403755 ], [ -119.643886769650678, 34.434877974147533 ], [ -119.643902862797745, 34.43486343136076 ], [ -119.643915435330172, 34.434846625710669 ], [ -119.643920883650452, 34.434822234757554 ], [ -119.643913591837958, 34.434802410743941 ], [ -119.643911412123884, 34.434783845278552 ], [ -119.643907304427159, 34.434762722730035 ], [ -119.643882662361648, 34.434740888415419 ], [ -119.643868245719034, 34.434664445221223 ], [ -119.643841526791007, 34.434631136706876 ], [ -119.643781409133098, 34.434598857012304 ], [ -119.643776295530273, 34.434578027796505 ], [ -119.643751569118209, 34.434567843846331 ], [ -119.643718963172191, 34.434548397932197 ], [ -119.643678479150438, 34.434539513023772 ], [ -119.643637407988464, 34.434525221319277 ], [ -119.643595414635612, 34.434503806030911 ], [ -119.643568425025052, 34.43448699982924 ], [ -119.643539339212509, 34.434491023836422 ], [ -119.643515200066318, 34.434489347392123 ], [ -119.643497681851514, 34.434505398684138 ], [ -119.643490723943501, 34.434487335575945 ], [ -119.643470440688191, 34.434475684846149 ], [ -119.643458034412475, 34.434442701946942 ], [ -119.643456190950928, 34.434424178063388 ], [ -119.643475637380831, 34.434415418385392 ], [ -119.643473289953846, 34.434390189454419 ], [ -119.643455520299113, 34.434363115660254 ], [ -119.643432805551598, 34.434345472070795 ], [ -119.643412940772677, 34.434326528915634 ], [ -119.643420065194732, 34.434300503142616 ], [ -119.643441186788124, 34.434267520101294 ], [ -119.64345074299645, 34.434247906201925 ], [ -119.643436558094891, 34.434207296928776 ], [ -119.643432852968957, 34.434207805341892 ], [ -119.643418694513343, 34.434162815771508 ], [ -119.643405384693608, 34.434129882307971 ], [ -119.643397779406513, 34.434093811762274 ], [ -119.64339587764249, 34.434068720279541 ], [ -119.643363553033552, 34.434038922987661 ], [ -119.643344538132524, 34.434027944816037 ], [ -119.643327425508033, 34.43400912555559 ], [ -119.643331228774557, 34.433982465855877 ], [ -119.64333503134479, 34.433960510034311 ], [ -119.643350243426966, 34.433933848919992 ], [ -119.643367356367378, 34.433908757177754 ], [ -119.6433825670385, 34.433891505618682 ], [ -119.643397768403347, 34.433875582289033 ], [ -119.643393975766799, 34.433842889315045 ], [ -119.643390172754053, 34.433794273397261 ], [ -119.643388271596805, 34.433767613047017 ], [ -119.643384469168566, 34.433751930610093 ], [ -119.64337115923216, 34.433725269872618 ], [ -119.64335975056423, 34.433704882391638 ], [ -119.643348341105835, 34.43369233561171 ], [ -119.643329326885066, 34.433679789474787 ], [ -119.643308411000376, 34.433673516463443 ], [ -119.643270382058702, 34.433664107383784 ], [ -119.643231136534283, 34.433660628421954 ], [ -119.643214976829739, 34.43364266817693 ], [ -119.643111728359457, 34.433588868160662 ], [ -119.643086706991639, 34.433550046221221 ], [ -119.643061726305575, 34.433502283418676 ], [ -119.643040304321062, 34.433463472684863 ], [ -119.642993901752888, 34.433376899122372 ], [ -119.642983292454289, 34.433335142054382 ], [ -119.642919204150473, 34.433179967257097 ], [ -119.642837523128151, 34.433060903379392 ], [ -119.642751021797253, 34.432935384031524 ], [ -119.642745489796084, 34.432912585366154 ], [ -119.642744064544345, 34.432893809530299 ], [ -119.642731240055795, 34.432877506869175 ], [ -119.642707435272911, 34.432858438628777 ], [ -119.642633423689418, 34.432856300891999 ], [ -119.642630322538906, 34.432834130682174 ], [ -119.642596542995392, 34.432829311458484 ], [ -119.642571481541353, 34.432803704288382 ], [ -119.642567876980252, 34.432776882685353 ], [ -119.642563182688136, 34.432759196917601 ], [ -119.642575586766455, 34.432754755227997 ], [ -119.642592687319677, 34.432739792209588 ], [ -119.642508448880619, 34.432569723430021 ], [ -119.642519513647187, 34.432546044790953 ], [ -119.642525380278641, 34.432518048839441 ], [ -119.642551783645231, 34.432504931538503 ], [ -119.642585394870366, 34.432473541127202 ], [ -119.642627891581455, 34.432446970634757 ], [ -119.64263170893166, 34.432424903108775 ], [ -119.642620186523999, 34.43240854411534 ], [ -119.642586484231543, 34.432389428730154 ], [ -119.642575252569259, 34.432360134043982 ], [ -119.642563266973497, 34.432319774753367 ], [ -119.642576833388532, 34.432303621122905 ], [ -119.642586340510292, 34.43227852824495 ], [ -119.642586819855865, 34.432249745003254 ], [ -119.642584438950081, 34.432217364540683 ], [ -119.642578734374311, 34.432198545595405 ], [ -119.642567325390118, 34.432182862793013 ], [ -119.642557818182397, 34.432171884408376 ], [ -119.642542606964852, 34.432154633485759 ], [ -119.642519789579111, 34.432135813381059 ], [ -119.642502676679939, 34.432124835577895 ], [ -119.642476056735816, 34.432099742552644 ], [ -119.642436127116113, 34.432068376658464 ], [ -119.642413309694177, 34.432063671805636 ], [ -119.642380985298317, 34.432055830167393 ], [ -119.642352209974135, 34.432034413291895 ], [ -119.642320138527197, 34.432022895822342 ], [ -119.642299222981478, 34.432008780996107 ], [ -119.642259293368369, 34.431991529412159 ], [ -119.642242180212079, 34.431975846775771 ], [ -119.642219362478357, 34.431955458642861 ], [ -119.64219844696872, 34.431941343797341 ], [ -119.642193038414973, 34.431925658075045 ], [ -119.642164220562691, 34.431913114428944 ], [ -119.642147607951856, 34.431889825113082 ], [ -119.642136962888358, 34.431870379734647 ], [ -119.642111314386341, 34.431862626466291 ], [ -119.642088180663521, 34.431844479324894 ], [ -119.64207099713721, 34.431832786638047 ], [ -119.642039901027033, 34.431826039106227 ], [ -119.642034259165939, 34.431823097307195 ], [ -119.641998745627149, 34.431804581633195 ], [ -119.641984915978554, 34.431778932825459 ], [ -119.641973515986763, 34.431761079165824 ], [ -119.641944346871995, 34.43175135669874 ], [ -119.641927248176827, 34.431734676507105 ], [ -119.641926694838659, 34.431733817803391 ], [ -119.641915009865912, 34.43171569110519 ], [ -119.641884835649179, 34.431716823179116 ], [ -119.641859990929404, 34.431717076191958 ], [ -119.641833370673552, 34.431704530321419 ], [ -119.641797663891168, 34.431674242533255 ], [ -119.641784072982475, 34.431668324658816 ], [ -119.641751608845055, 34.43167159602293 ], [ -119.641711678435399, 34.431654344238765 ], [ -119.641690763554621, 34.431641798162943 ], [ -119.641677550930112, 34.431620012581106 ], [ -119.641675996983253, 34.431581566464331 ], [ -119.641623498395916, 34.43153942308561 ], [ -119.641559564089007, 34.431519469328506 ], [ -119.641529141022033, 34.431499081571545 ], [ -119.641489210851333, 34.431489671331093 ], [ -119.64146449242152, 34.431481829812107 ], [ -119.641432167447448, 34.431470851970026 ], [ -119.64138653325584, 34.431458305024691 ], [ -119.641361814573941, 34.431445758688135 ], [ -119.641346603126138, 34.431430075556619 ], [ -119.641333292369296, 34.431408119309403 ], [ -119.641312377445473, 34.43137988991144 ], [ -119.641293362304452, 34.431361069741534 ], [ -119.64127815106859, 34.431342250671136 ], [ -119.641259137033188, 34.431323430498331 ], [ -119.64124392555189, 34.431299905725623 ], [ -119.641224911270967, 34.431276380750305 ], [ -119.64120254857292, 34.431243454612726 ], [ -119.641206377970477, 34.431208825403949 ], [ -119.641190685417783, 34.431168166845424 ], [ -119.641185784683003, 34.431120492565562 ], [ -119.641202716208454, 34.431086294596547 ], [ -119.641211925463594, 34.431063094140804 ], [ -119.641183078917635, 34.43104740700651 ], [ -119.641158360970138, 34.431025450128921 ], [ -119.641146952180861, 34.431005062369422 ], [ -119.641152655651155, 34.430972127743807 ], [ -119.641154557550195, 34.430954876174638 ], [ -119.641156459310423, 34.430921941348011 ], [ -119.641156459294365, 34.430895279630818 ], [ -119.641156458636573, 34.430870186777248 ], [ -119.641156459448965, 34.430838820263972 ], [ -119.641156459554793, 34.430801180083556 ], [ -119.64115836085972, 34.430766677285085 ], [ -119.641171032255741, 34.430735134203324 ], [ -119.641148233504495, 34.430726208258136 ], [ -119.64113649893568, 34.430706384478647 ], [ -119.641131385850443, 34.430686603076708 ], [ -119.641109341572033, 34.43069691319922 ], [ -119.64106114599393, 34.430674575421499 ], [ -119.641041783323558, 34.430651357494789 ], [ -119.641051338597137, 34.430631030928183 ], [ -119.6410204941307, 34.43061007668733 ], [ -119.640965178740743, 34.430600058419436 ], [ -119.640897615159545, 34.430587822782691 ], [ -119.640751099781127, 34.43052068321019 ], [ -119.640731422621528, 34.430522451669447 ], [ -119.640694409641839, 34.430496924575131 ], [ -119.640625957539356, 34.430481240969023 ], [ -119.64060123886054, 34.430474968120983 ], [ -119.64055940707091, 34.430470262683166 ], [ -119.640501570038481, 34.430455262938061 ], [ -119.640466237010202, 34.430415371624541 ], [ -119.640452927109749, 34.430387141587602 ], [ -119.640426256208784, 34.430352297652249 ], [ -119.640428647292012, 34.430279368598406 ], [ -119.640443774403067, 34.430208589077075 ], [ -119.640498561521383, 34.430148754841298 ], [ -119.640534176294238, 34.430126147356333 ], [ -119.640521378893027, 34.430104841410206 ], [ -119.640513772705106, 34.430051517480969 ], [ -119.640498683244488, 34.430023315193978 ], [ -119.640492857342437, 34.429991920447591 ], [ -119.640498300612663, 34.429948115569701 ], [ -119.640494758906129, 34.429910366913177 ], [ -119.640494758894633, 34.429879000366689 ], [ -119.640494758449577, 34.429846064949572 ], [ -119.640494758878475, 34.429824108006628 ], [ -119.640492857065723, 34.429799014563564 ], [ -119.640494758423571, 34.429775490213878 ], [ -119.640503162123963, 34.429738317029241 ], [ -119.640497320686208, 34.429715546945829 ], [ -119.640479022697761, 34.42970923114472 ], [ -119.640481448179784, 34.429682957287113 ], [ -119.640409194370491, 34.429593561730428 ], [ -119.640411095531945, 34.429573173311411 ], [ -119.640407292624005, 34.42952925918248 ], [ -119.64040539062546, 34.429507302566009 ], [ -119.640399686569452, 34.429475935215244 ], [ -119.640395884072035, 34.429464957413209 ], [ -119.640392081365846, 34.429449273905433 ], [ -119.640390179587456, 34.429432022091632 ], [ -119.64038637669023, 34.429395949596284 ], [ -119.640380671975677, 34.42938183438919 ], [ -119.640380116375624, 34.4293646093302 ], [ -119.640372087406107, 34.429301928482815 ], [ -119.640353286020016, 34.429259654150634 ], [ -119.640400819928828, 34.429160342905668 ], [ -119.640313242607419, 34.429139610362959 ], [ -119.64015422427542, 34.429086455849855 ], [ -119.63995071262741, 34.429062622799336 ], [ -119.639929439384787, 34.429049165998329 ], [ -119.639852072885574, 34.429044638710415 ], [ -119.639791226952624, 34.429030523039948 ], [ -119.6397474937841, 34.429022681686298 ], [ -119.639673337934468, 34.429014840105516 ], [ -119.639614393486326, 34.429013271367324 ], [ -119.639536645309363, 34.428999913380984 ], [ -119.639521222811069, 34.428955241711868 ], [ -119.639519320593109, 34.428919169746045 ], [ -119.639521222926689, 34.428873687527243 ], [ -119.639532631222238, 34.428837615108208 ], [ -119.639547842523143, 34.428810952557718 ], [ -119.639557349451508, 34.4287748804567 ], [ -119.639559251738433, 34.428749787230892 ], [ -119.639561152615585, 34.4287152825828 ], [ -119.639561152816981, 34.428679210289744 ], [ -119.639559251075639, 34.428657253640701 ], [ -119.639555448415905, 34.428636864383051 ], [ -119.639551645339452, 34.428614907154603 ], [ -119.63954974452713, 34.428588245699025 ], [ -119.639547843050494, 34.428563151308317 ], [ -119.639545941571015, 34.428538057818159 ], [ -119.639542137924437, 34.428509826906755 ], [ -119.639540236795909, 34.428473754928909 ], [ -119.639540236526116, 34.428423566397051 ], [ -119.639540236644649, 34.428395335741833 ], [ -119.639538335078967, 34.428378083895879 ], [ -119.639536434188187, 34.428359263181235 ], [ -119.639534533066026, 34.428323191197762 ], [ -119.639534532098224, 34.428294960536363 ], [ -119.639538656628744, 34.428266580657571 ], [ -119.639525024915116, 34.428247909545547 ], [ -119.6395079121327, 34.428224383888121 ], [ -119.639488898606103, 34.428207131330446 ], [ -119.639464179174666, 34.428186742886993 ], [ -119.63944326324723, 34.428169490638979 ], [ -119.63942234800119, 34.428150670419278 ], [ -119.639401432402025, 34.428142827784278 ], [ -119.639363306973593, 34.428123123410735 ], [ -119.639262594634488, 34.428089170513431 ], [ -119.639261200960718, 34.428028435227539 ], [ -119.639273084415521, 34.427986774578443 ], [ -119.639279027335093, 34.42794756521549 ], [ -119.6392641715221, 34.427891202157348 ], [ -119.639216635535064, 34.427839739214924 ], [ -119.639189896435639, 34.427810332116429 ], [ -119.63916612883358, 34.427785826622134 ], [ -119.639130477080315, 34.427751518097523 ], [ -119.639097685368682, 34.427706585212903 ], [ -119.639052423104431, 34.42767003949605 ], [ -119.639020550565192, 34.427602031480106 ], [ -119.639002723966769, 34.427572624492143 ], [ -119.638978956715576, 34.427526062833529 ], [ -119.638955188014393, 34.427481952243916 ], [ -119.638937362560185, 34.427452544344661 ], [ -119.638904681025792, 34.42742558843355 ], [ -119.638815551023015, 34.427379026046239 ], [ -119.638770985919749, 34.42736677333815 ], [ -119.638711566631187, 34.4273520695222 ], [ -119.638658088840174, 34.427342267663583 ], [ -119.638584042065673, 34.427344905876865 ], [ -119.638589755532905, 34.427298156021521 ], [ -119.63858975567571, 34.427263848094057 ], [ -119.638589756005459, 34.4272417919682 ], [ -119.638589755242762, 34.427219736739488 ], [ -119.638589756188054, 34.427180526648961 ], [ -119.638586784913684, 34.427141317087973 ], [ -119.638583813824113, 34.427114360230732 ], [ -119.638574901100753, 34.427070249574591 ], [ -119.638551133056353, 34.427031039243417 ], [ -119.638518452119726, 34.427008983573202 ], [ -119.638503597015173, 34.42699918190975 ], [ -119.638384757237816, 34.42699428026669 ], [ -119.638334249502194, 34.426999181508009 ], [ -119.638307511431705, 34.427006533200299 ], [ -119.638259975486676, 34.427013884965582 ], [ -119.638188919425488, 34.427028866179619 ], [ -119.638108453700184, 34.42702613828115 ], [ -119.638034179010191, 34.427018786358722 ], [ -119.637980701195332, 34.426991829309053 ], [ -119.63793613661052, 34.426972224827978 ], [ -119.637897513450852, 34.426957521457709 ], [ -119.637805413092437, 34.426881552099097 ], [ -119.63778461522449, 34.426825187110722 ], [ -119.637772732108374, 34.426785977256472 ], [ -119.637748963885713, 34.426744316564125 ], [ -119.637734108645745, 34.426717359922307 ], [ -119.637716283112127, 34.426673248916345 ], [ -119.637698456553991, 34.426641390613312 ], [ -119.637674688647365, 34.426604631165027 ], [ -119.637642007407237, 34.426555618726326 ], [ -119.637621211119878, 34.426528661285701 ], [ -119.637588529333726, 34.426501704970796 ], [ -119.637558819994297, 34.426479648506536 ], [ -119.637529109802813, 34.426462494197978 ], [ -119.63748751609026, 34.426452691553969 ], [ -119.637448293582011, 34.426450011753751 ], [ -119.637395414759695, 34.426381623087089 ], [ -119.637353821126936, 34.426347314964985 ], [ -119.637312227287111, 34.426332610989419 ], [ -119.637255777767422, 34.42631300552879 ], [ -119.637184474559746, 34.426283598201863 ], [ -119.637119112508756, 34.426254190734753 ], [ -119.637080489663816, 34.426234584910013 ], [ -119.637050779281907, 34.426207627938254 ], [ -119.637000272806617, 34.426178220630476 ], [ -119.636940852194641, 34.426153714237209 ], [ -119.63687549044117, 34.426141460612335 ], [ -119.636780418428415, 34.426131658410149 ], [ -119.636738824699989, 34.426129207841612 ], [ -119.636661150091442, 34.426133595018463 ], [ -119.636648324511754, 34.426109339048843 ], [ -119.636588394803908, 34.426057781516924 ], [ -119.636604324015693, 34.426026127476398 ], [ -119.636628898398044, 34.426009126273627 ], [ -119.636670492010154, 34.425994421993963 ], [ -119.636694259722333, 34.425982168995766 ], [ -119.636720998454095, 34.425952760617349 ], [ -119.636741795843989, 34.425901297049812 ], [ -119.636741796100296, 34.425847383096979 ], [ -119.636741795268293, 34.425793469137801 ], [ -119.63674179541897, 34.425751807901207 ], [ -119.63674179561464, 34.425680738145502 ], [ -119.636738824754886, 34.425656232285185 ], [ -119.636741076070365, 34.425625271045121 ], [ -119.636705515948037, 34.425590651084626 ], [ -119.636653948861323, 34.425431694049273 ], [ -119.636537406529627, 34.425185914561411 ], [ -119.636434251255224, 34.424913986813593 ], [ -119.636412015561817, 34.424879370295145 ], [ -119.636352232429175, 34.424701726210586 ], [ -119.636158025776595, 34.424286079629603 ], [ -119.6359030219717, 34.423823321580095 ], [ -119.635682653376804, 34.42341119876771 ], [ -119.635569972952595, 34.423273699824023 ], [ -119.635435282763808, 34.423183047447147 ], [ -119.635213107342267, 34.423160685496391 ], [ -119.635008465461397, 34.423116725595555 ], [ -119.634812642531088, 34.423051140040805 ], [ -119.634621119492721, 34.422984424324966 ], [ -119.634162971201775, 34.423000166774003 ], [ -119.634025116769863, 34.423015852062484 ], [ -119.633853987588623, 34.423035457960971 ], [ -119.633725639683291, 34.423062906089761 ], [ -119.633616307224244, 34.423094275394234 ], [ -119.633435670642072, 34.423113880881786 ], [ -119.633264541275921, 34.42313740854614 ], [ -119.633093411635585, 34.423157014206474 ], [ -119.632893761429955, 34.423172698339116 ], [ -119.63269650937518, 34.423201941110115 ], [ -119.632675095987778, 34.423082511448193 ], [ -119.632698863339655, 34.423015852207193 ], [ -119.632771275493539, 34.422967960168435 ], [ -119.633036369321616, 34.422894295099837 ], [ -119.633226512416257, 34.422917822071767 ], [ -119.63339288889712, 34.422917822345326 ], [ -119.633606800092096, 34.422902137920808 ], [ -119.63374940816675, 34.422890373868114 ], [ -119.633868248235615, 34.422874689385445 ], [ -119.634096420273792, 34.42284724114991 ], [ -119.634357868157807, 34.422839398432949 ], [ -119.634548011502858, 34.422862925914941 ], [ -119.634644640241618, 34.422859551350726 ], [ -119.63523877973175, 34.422801839101723 ], [ -119.635598973168143, 34.422743379436895 ], [ -119.635998825617406, 34.42267014352511 ], [ -119.636442102287134, 34.422546377673932 ], [ -119.636806044146326, 34.422455142735387 ], [ -119.636939433183045, 34.422407880307844 ], [ -119.636886304270604, 34.42231307258681 ], [ -119.636808206120406, 34.422288213014056 ], [ -119.637145796797725, 34.42214626568169 ], [ -119.637306833577711, 34.422052073581618 ], [ -119.637372108368297, 34.42204826937563 ], [ -119.637579520925627, 34.421934206786837 ], [ -119.637994996981931, 34.421749548888499 ], [ -119.638025774484007, 34.421631625075271 ], [ -119.638281184071886, 34.42150368218951 ], [ -119.63881265342593, 34.421196705801542 ], [ -119.639372445330778, 34.420877677743427 ], [ -119.639656518234844, 34.420754119518108 ], [ -119.639664953968435, 34.420743036830814 ], [ -119.639734296712959, 34.420690801569656 ], [ -119.639728735879672, 34.420647867341664 ], [ -119.639694359977767, 34.420609610359683 ], [ -119.639619564861945, 34.420595069378443 ], [ -119.639516109049453, 34.420551826955737 ], [ -119.63947032508274, 34.420489691651426 ], [ -119.639436124570778, 34.420413288125147 ], [ -119.639401880326758, 34.420346420297903 ], [ -119.639384977254906, 34.42026530239513 ], [ -119.639379744109718, 34.420150840343588 ], [ -119.639325169877466, 34.419886865316435 ], [ -119.639209284875477, 34.419729138710593 ], [ -119.638928676319807, 34.419703219537787 ], [ -119.638772563183736, 34.419703929215601 ], [ -119.638736910950229, 34.419662755397276 ], [ -119.638678506743304, 34.419611300753964 ], [ -119.638751332630179, 34.419557627088913 ], [ -119.638808215254912, 34.419515705306132 ], [ -119.638879518576573, 34.419468649228008 ], [ -119.638936561333807, 34.419403947068226 ], [ -119.639014995890349, 34.419368654341802 ], [ -119.639050648357411, 34.41933924450354 ], [ -119.63912195212724, 34.419280423886534 ], [ -119.639300211621233, 34.419203957985722 ], [ -119.639342993873882, 34.419139255736525 ], [ -119.639392906746039, 34.419062789013829 ], [ -119.639449950577998, 34.418986322192261 ], [ -119.639483264422623, 34.418935285588752 ], [ -119.639483222425767, 34.418935189034492 ], [ -119.639477770254047, 34.418868411789454 ], [ -119.63943194458507, 34.418815813900608 ], [ -119.639362844238562, 34.418815596258213 ], [ -119.639207345461372, 34.418819874271605 ], [ -119.639132509390151, 34.418814870481327 ], [ -119.638971274890039, 34.418814362161363 ], [ -119.639069232447525, 34.41880036541319 ], [ -119.639190223772829, 34.418786441173623 ], [ -119.639270929178565, 34.418767621046769 ], [ -119.639167322553746, 34.418757757790878 ], [ -119.63909248546021, 34.418752753069548 ], [ -119.639196223553981, 34.418734005598878 ], [ -119.639426558165695, 34.41873473124766 ], [ -119.639610740701769, 34.418714604759984 ], [ -119.639521254323597, 34.418686337221885 ], [ -119.63935725548113, 34.418639281339644 ], [ -119.639186125766258, 34.41862751664295 ], [ -119.639000735456179, 34.418627517073602 ], [ -119.63880821520975, 34.418627517239294 ], [ -119.638596836110182, 34.418609833945666 ], [ -119.638599841734731, 34.417956894782016 ], [ -119.638600796656476, 34.41774944606783 ], [ -119.638601455064659, 34.417606411771949 ], [ -119.638554771724898, 34.41742744367015 ], [ -119.638469764703956, 34.417130332855642 ], [ -119.638459443955867, 34.416558074086325 ], [ -119.638482058462458, 34.416336407666734 ], [ -119.638444409211971, 34.416071633062067 ], [ -119.638371816018463, 34.415892583679785 ], [ -119.638756337200221, 34.415858033072496 ], [ -119.639801033120051, 34.415950735226318 ], [ -119.640720539279982, 34.416032306020028 ], [ -119.641285854335081, 34.416127064924154 ], [ -119.642165796365504, 34.416362286394218 ], [ -119.643679871933799, 34.416756837471652 ], [ -119.643644543493835, 34.416928395961008 ], [ -119.643632471911701, 34.416943818376247 ], [ -119.643360822780068, 34.417768681255659 ], [ -119.643407062824551, 34.417868252692656 ], [ -119.643462707998708, 34.418037617920334 ], [ -119.643392190108415, 34.418290222357292 ], [ -119.643218969055411, 34.418393398561662 ], [ -119.643062728806257, 34.418561003110582 ], [ -119.643156994294287, 34.418725811850543 ], [ -119.643206715324496, 34.418785744852855 ], [ -119.643265922267958, 34.418850727639082 ], [ -119.643296083034201, 34.418878288364581 ], [ -119.643322703900836, 34.418895542527231 ], [ -119.643362633291744, 34.418922208195426 ], [ -119.643419676424585, 34.418950441967723 ], [ -119.643490029621233, 34.418992792965511 ], [ -119.643545172062275, 34.419046122910764 ], [ -119.643588905335378, 34.419094748503753 ], [ -119.643613623579455, 34.419130825089468 ], [ -119.643644046086919, 34.419173175136464 ], [ -119.643746724340815, 34.419240622391605 ], [ -119.643809471610169, 34.419253171347663 ], [ -119.643934966559698, 34.419286109974479 ], [ -119.644094687777837, 34.419314343678238 ], [ -119.644254408156783, 34.419336303420828 ], [ -119.644423316573864, 34.419368566270514 ], [ -119.644453949502605, 34.419391481865262 ], [ -119.644751138131184, 34.419571224723001 ], [ -119.645143407454441, 34.419736955921479 ], [ -119.645518144738006, 34.419959853798446 ], [ -119.646432725410691, 34.420187995402316 ], [ -119.647170286045593, 34.420404854388991 ], [ -119.64721719862618, 34.420537325745819 ], [ -119.647348541444359, 34.420652988689731 ], [ -119.647464731511349, 34.420672800287377 ], [ -119.647466831760696, 34.420768052573649 ], [ -119.647341305448492, 34.420791632672461 ], [ -119.646949756194701, 34.420683553651067 ], [ -119.646612411189309, 34.420567648395682 ], [ -119.646582484182076, 34.42049960386457 ], [ -119.646479072972141, 34.420445638922111 ], [ -119.646284965582026, 34.42039139371925 ], [ -119.645693813101119, 34.420271544624264 ], [ -119.645370238664597, 34.420195438315517 ], [ -119.644831044592024, 34.420047134494681 ], [ -119.644476996319469, 34.420024576813539 ], [ -119.644071250815827, 34.419973247066054 ], [ -119.643712737915948, 34.419982860928748 ], [ -119.643588064807062, 34.42003785960376 ], [ -119.643030019719859, 34.420055838874028 ], [ -119.642563274499523, 34.420122333965132 ], [ -119.642130932548852, 34.420221122476363 ], [ -119.641823624459903, 34.420366793933347 ], [ -119.641647793721958, 34.420547687127574 ], [ -119.641679224761461, 34.420777629015902 ], [ -119.64163424075754, 34.421170891882198 ], [ -119.641667521331215, 34.421340187425976 ], [ -119.641686992189065, 34.421382634289415 ], [ -119.641686991811923, 34.421420866868417 ], [ -119.641679860889298, 34.421444393989177 ], [ -119.641633513532625, 34.42147086223666 ], [ -119.641590731255846, 34.421488507770228 ], [ -119.64150873213427, 34.421512035685318 ], [ -119.641455254479325, 34.421538504061729 ], [ -119.641419601952492, 34.421559090642901 ], [ -119.641366123524591, 34.421582617660398 ], [ -119.641301950222513, 34.421585558897256 ], [ -119.641266298494884, 34.421582617625617 ], [ -119.641201785464929, 34.421585124294552 ], [ -119.641152425721813, 34.421587041317302 ], [ -119.641212645851596, 34.421607342538522 ], [ -119.641234694386242, 34.4216524540997 ], [ -119.641284976766286, 34.421826120299357 ], [ -119.641251964715337, 34.421922079030573 ], [ -119.641252001208159, 34.421973153815173 ], [ -119.64120694967319, 34.422052923710133 ], [ -119.641124847258837, 34.422087942319266 ], [ -119.64108075938438, 34.422129224898647 ], [ -119.641048821203228, 34.422173742785631 ], [ -119.641034560921767, 34.422188447892509 ], [ -119.641023864991169, 34.422209034180938 ], [ -119.640959691493663, 34.422291379832629 ], [ -119.640945140870997, 34.42232791856987 ], [ -119.640902648410361, 34.422347257077668 ], [ -119.640859866483069, 34.422373725359435 ], [ -119.640817083836708, 34.422397252310908 ], [ -119.640784996877827, 34.422426661182385 ], [ -119.640700269308212, 34.422429511460344 ], [ -119.640633093043718, 34.422474949533139 ], [ -119.640580108683992, 34.422519444470147 ], [ -119.640585345757799, 34.42255312017857 ], [ -119.640596042065056, 34.422594292458925 ], [ -119.640613867471018, 34.422644287616926 ], [ -119.640617432375279, 34.422661933154103 ], [ -119.640638824093642, 34.422735455564883 ], [ -119.640653084403979, 34.422785450333564 ], [ -119.640674476307126, 34.422850149699769 ], [ -119.640685172128713, 34.422879558519774 ], [ -119.640688736656855, 34.422900145359456 ], [ -119.640713693050103, 34.42299425367522 ], [ -119.640731518911622, 34.423050130513886 ], [ -119.640745780135461, 34.423094243540149 ], [ -119.640749345166597, 34.423135415935903 ], [ -119.640748668222017, 34.423190835503505 ], [ -119.640742214612331, 34.423241287000643 ], [ -119.640731519041495, 34.423273636675532 ], [ -119.640731518894313, 34.423314808691273 ], [ -119.640731519251489, 34.423344218175473 ], [ -119.640730564069131, 34.423401933854642 ], [ -119.640731519429721, 34.42344714775551 ], [ -119.640731519278461, 34.423488320665328 ], [ -119.640697622124989, 34.423577869227643 ], [ -119.640638823714298, 34.423644185832003 ], [ -119.640610302181628, 34.423667713282249 ], [ -119.640556824105488, 34.423676535142185 ], [ -119.640478390172333, 34.423697121347104 ], [ -119.640410651528029, 34.42371182603172 ], [ -119.640378564967818, 34.423741234754402 ], [ -119.640346504850086, 34.423834230399457 ], [ -119.640328652394146, 34.423894158425142 ], [ -119.640328651928485, 34.423920626583225 ], [ -119.640328651619328, 34.423938271721184 ], [ -119.640328652299814, 34.424002970563393 ], [ -119.64032508672932, 34.424044142163318 ], [ -119.640335782123472, 34.424100018233339 ], [ -119.640335782445092, 34.424144130622544 ], [ -119.640339347573558, 34.42419118379928 ], [ -119.640371434107479, 34.424217651809336 ], [ -119.64038926003856, 34.424250000888193 ], [ -119.640385694784882, 34.424273527348269 ], [ -119.640399143515921, 34.42431136951415 ], [ -119.640353608467095, 34.424338226312969 ], [ -119.640335782805025, 34.424373516453265 ], [ -119.640325086759532, 34.42441468816795 ], [ -119.640325086815636, 34.424452918832642 ], [ -119.640325087028799, 34.424482326481296 ], [ -119.640328651902294, 34.424523498833224 ], [ -119.640328651807692, 34.424570551606685 ], [ -119.64032865155653, 34.424626427391395 ], [ -119.640328651663779, 34.424641131213299 ], [ -119.640328651981434, 34.424685243578736 ], [ -119.64033221743432, 34.424714652507433 ], [ -119.640339347268025, 34.424773468556239 ], [ -119.640339347179832, 34.424820521318033 ], [ -119.640339347306039, 34.424896982615195 ], [ -119.640352958861854, 34.424959877723531 ], [ -119.640374999808685, 34.425005793086733 ], [ -119.640396390622854, 34.42504990503334 ], [ -119.640424912660308, 34.425096958144486 ], [ -119.640449868381694, 34.425144010860961 ], [ -119.640467694148384, 34.425179300298723 ], [ -119.640492650733677, 34.425220472200294 ], [ -119.640517607075324, 34.425255761487634 ], [ -119.640553259675528, 34.425311636521833 ], [ -119.640578432119455, 34.425343475125878 ], [ -119.64060317224228, 34.425399861070375 ], [ -119.640624563129435, 34.42542926914691 ], [ -119.64063882388055, 34.425455736066446 ], [ -119.640670911260941, 34.425520433682365 ], [ -119.640678041306828, 34.425532196936722 ], [ -119.640717258014249, 34.425614538587183 ], [ -119.640745780343522, 34.425670413695052 ], [ -119.640767171357766, 34.425699821737027 ], [ -119.640792127181442, 34.425740992647484 ], [ -119.640817084017769, 34.425790986557502 ], [ -119.640838474603285, 34.425832157083541 ], [ -119.640874815725539, 34.425884653089071 ], [ -119.640859866223806, 34.425914498615377 ], [ -119.640849170546062, 34.425961551116615 ], [ -119.640827779838958, 34.426026248510283 ], [ -119.640809953514164, 34.42607330116315 ], [ -119.640802822996079, 34.426129175221405 ], [ -119.64080282308656, 34.426185050018368 ], [ -119.640799257466426, 34.426243865740005 ], [ -119.640784996788497, 34.426287977451025 ], [ -119.640788566437223, 34.426397625965301 ], [ -119.640842039725186, 34.426449718821793 ], [ -119.640859865964742, 34.426485008152738 ], [ -119.640856301559339, 34.426535000865442 ], [ -119.640855529477463, 34.426626449961148 ], [ -119.640880950260637, 34.426656459933817 ], [ -119.640896510145652, 34.426683540028549 ], [ -119.640905749825237, 34.426715929601507 ], [ -119.640910380321586, 34.426750970269914 ], [ -119.640956126278525, 34.426814372371226 ], [ -119.640951007237774, 34.426869484038328 ], [ -119.640959691472929, 34.426946705930803 ], [ -119.640926770309335, 34.426989639907127 ], [ -119.640951864014099, 34.427080247312503 ], [ -119.640954695861893, 34.427090473236966 ], [ -119.640973359568392, 34.427117119684567 ], [ -119.640968180229024, 34.427149719947799 ], [ -119.641009604320715, 34.427176083607286 ], [ -119.641027430176365, 34.427199609497357 ], [ -119.641034560740806, 34.427217254404368 ], [ -119.641045256475223, 34.427302535992197 ], [ -119.641044884970327, 34.427404250174845 ], [ -119.641050999642758, 34.427465799576638 ], [ -119.641063679755092, 34.427528879853362 ], [ -119.641087297821883, 34.427569540893558 ], [ -119.641141517096585, 34.427584845351355 ], [ -119.641187863911824, 34.427608371376863 ], [ -119.641230646799599, 34.427637777819719 ], [ -119.64125468411396, 34.427661742151564 ], [ -119.641298385432748, 34.427690710791182 ], [ -119.641330472261515, 34.427720117929489 ], [ -119.641383949499044, 34.427773051229124 ], [ -119.641384230286633, 34.427821889871176 ], [ -119.641441600161542, 34.427862530369765 ], [ -119.641444740241781, 34.427887260060146 ], [ -119.641473239693553, 34.427914600436338 ], [ -119.64150704979987, 34.427970160162502 ], [ -119.64153710036814, 34.427996030223461 ], [ -119.641562980184361, 34.428015760423357 ], [ -119.641569409623926, 34.428036359701437 ], [ -119.641574420354758, 34.428055900213536 ], [ -119.641593630408209, 34.428066909998883 ], [ -119.641594296171291, 34.428114173750934 ], [ -119.64160855772397, 34.428158283740672 ], [ -119.641629949012341, 34.428193572333058 ], [ -119.641640644467614, 34.428234742475865 ], [ -119.641653662637083, 34.428307819949907 ], [ -119.641737280514349, 34.428329630368601 ], [ -119.641749739911546, 34.428360619621429 ], [ -119.64175419957769, 34.428382400410726 ], [ -119.641752730031513, 34.428407979842646 ], [ -119.641751280502731, 34.428427980430541 ], [ -119.641756209534094, 34.428451129703419 ], [ -119.641765350396511, 34.428474769752299 ], [ -119.641783569812389, 34.428493970391152 ], [ -119.641792439888121, 34.428512319947359 ], [ -119.641798030238135, 34.428535559596149 ], [ -119.641798460371348, 34.428559120124994 ], [ -119.64178277980335, 34.42857216991883 ], [ -119.641762319694223, 34.428608009692425 ], [ -119.641746639551371, 34.428630740337546 ], [ -119.641735960108676, 34.428660439756683 ], [ -119.641738109793323, 34.428678519574746 ], [ -119.641736240540425, 34.428703920225516 ], [ -119.641739610475412, 34.428724099892349 ], [ -119.64176516991121, 34.428755430194272 ], [ -119.641760210229137, 34.428781919653886 ], [ -119.641751470204312, 34.428803750151204 ], [ -119.641740058869857, 34.428806134887118 ], [ -119.641718980306251, 34.428810540348856 ], [ -119.641685999723563, 34.428802749598198 ], [ -119.641657819726859, 34.428800469861542 ], [ -119.641627359828803, 34.42879361965322 ], [ -119.641584859918311, 34.428791930377415 ], [ -119.64158104962678, 34.428814809889737 ], [ -119.641579949653035, 34.428835709989634 ], [ -119.641577010466705, 34.428856350212904 ], [ -119.641622818036694, 34.42886993035841 ], [ -119.641644209544026, 34.428869930623499 ], [ -119.641694122336972, 34.428869930923987 ], [ -119.641751164908243, 34.428869930981406 ], [ -119.641786817049109, 34.428861108704062 ], [ -119.641790382829697, 34.428849345677818 ], [ -119.641889696855429, 34.428845769742061 ], [ -119.641893772829164, 34.428884633862481 ], [ -119.641908033601695, 34.428928743777817 ], [ -119.641915164220009, 34.428966973138159 ], [ -119.64191516432733, 34.429002260533295 ], [ -119.641929424749549, 34.429040489658014 ], [ -119.641943685951205, 34.42909048124568 ], [ -119.641954381376166, 34.429143412883292 ], [ -119.641948622370336, 34.429183853854653 ], [ -119.64198290331602, 34.429193403994979 ], [ -119.642018555374392, 34.429222811227255 ], [ -119.642061337666121, 34.429258098988427 ], [ -119.642096989091272, 34.429293386972311 ], [ -119.642125511176474, 34.429343378040961 ], [ -119.642139771520789, 34.429402191656166 ], [ -119.642164728215036, 34.429452182380231 ], [ -119.642202593148426, 34.429505215998816 ], [ -119.642194489737037, 34.429541160209261 ], [ -119.642211829476807, 34.429568379874517 ], [ -119.642226789879004, 34.429590150174526 ], [ -119.642250860401973, 34.429620160036826 ], [ -119.642250250255685, 34.429639649584594 ], [ -119.642246390000267, 34.42966660025094 ], [ -119.64224223031971, 34.429691189920113 ], [ -119.642253850432709, 34.429715140425877 ], [ -119.642262140399026, 34.429739039975061 ], [ -119.642272450300553, 34.429755789956722 ], [ -119.642279050284358, 34.429773189777009 ], [ -119.642297019900255, 34.42980048978896 ], [ -119.642319780423136, 34.42981873037958 ], [ -119.642371508828248, 34.429857991996656 ], [ -119.642414291877046, 34.429881517150271 ], [ -119.642453508734221, 34.429940329326669 ], [ -119.642463940868964, 34.429976614370815 ], [ -119.642457074333535, 34.430025608106732 ], [ -119.642457074102154, 34.430075599203761 ], [ -119.642439247682958, 34.430143233731968 ], [ -119.642434940438591, 34.430200704270398 ], [ -119.642373453104568, 34.430233191731908 ], [ -119.642367944112252, 34.43031673090249 ], [ -119.642353683326931, 34.430372602374682 ], [ -119.642304256295631, 34.430419130118544 ], [ -119.642300480529528, 34.430445209637369 ], [ -119.64232159688585, 34.43052551489896 ], [ -119.642321596158979, 34.430569624296162 ], [ -119.642307335578494, 34.430660783085507 ], [ -119.642307032097392, 34.430707558874737 ], [ -119.642303770569555, 34.430769586050502 ], [ -119.642300205274594, 34.430843100773131 ], [ -119.642320186238749, 34.430915832969163 ], [ -119.642325229940511, 34.430934190311426 ], [ -119.642322729732143, 34.430958359803171 ], [ -119.64236374000626, 34.430973609746616 ], [ -119.642381179926616, 34.43098800028087 ], [ -119.642412239524759, 34.431008430360379 ], [ -119.642450420535951, 34.431013300339337 ], [ -119.642480899808078, 34.43102804967068 ], [ -119.642522549590495, 34.43104460999249 ], [ -119.642552470060764, 34.431051340212555 ], [ -119.642576839633023, 34.431057389867313 ], [ -119.642604179821817, 34.431070039647942 ], [ -119.642611700428446, 34.431095639871941 ], [ -119.642643435042046, 34.431100982584098 ], [ -119.642644310515323, 34.431101130397913 ], [ -119.642679709884206, 34.431128910038403 ], [ -119.642693979895256, 34.431148939809695 ], [ -119.642725899965242, 34.43116615004746 ], [ -119.642748670250484, 34.431175180115815 ], [ -119.642768820187769, 34.431183150387234 ], [ -119.642789469850086, 34.431195870263501 ], [ -119.642796795821681, 34.431208769350746 ], [ -119.642861768052839, 34.431229300580647 ], [ -119.642885775888757, 34.431265836940696 ], [ -119.642890620305195, 34.431266309822171 ], [ -119.642928720171682, 34.431270150297578 ], [ -119.642956219804944, 34.431286059872185 ], [ -119.642977180268346, 34.431297939928676 ], [ -119.642984797634341, 34.431306126105056 ], [ -119.64298896644614, 34.43131060599908 ], [ -119.64300197977343, 34.431324589740001 ], [ -119.643019849998097, 34.431348270350647 ], [ -119.643034519589719, 34.431363270317512 ], [ -119.643069080150042, 34.431391989795536 ], [ -119.64307813765484, 34.431395826198845 ], [ -119.643098289474921, 34.431404359621766 ], [ -119.643113010239873, 34.431419600338486 ], [ -119.6431163204591, 34.431444399810694 ], [ -119.643124509738243, 34.431468280017505 ], [ -119.643160910067337, 34.431488549906163 ], [ -119.643168280472267, 34.431513960377153 ], [ -119.643174580177387, 34.431531650243194 ], [ -119.643179800239679, 34.431550529838979 ], [ -119.64320140971806, 34.431587979600472 ], [ -119.643217379757303, 34.431605430156679 ], [ -119.643243879921911, 34.431635579782963 ], [ -119.643251610024024, 34.431671180427671 ], [ -119.643248499886084, 34.431710589711152 ], [ -119.643242839673846, 34.431733469755798 ], [ -119.643250109683223, 34.431767570386867 ], [ -119.643259280037967, 34.431791610428967 ], [ -119.643270939761209, 34.431812489856753 ], [ -119.643266469523937, 34.431835050102322 ], [ -119.64325659982687, 34.431862149631684 ], [ -119.643268099511886, 34.431888070373738 ], [ -119.643275749973256, 34.431914140424844 ], [ -119.643292090019372, 34.431936409550076 ], [ -119.643289989632606, 34.431972049846237 ], [ -119.643288050263493, 34.431995249663842 ], [ -119.643301480141076, 34.432022749781979 ], [ -119.643315539543337, 34.432043210441549 ], [ -119.64334121029529, 34.432054489622878 ], [ -119.643368780465465, 34.432072440360209 ], [ -119.643387059459911, 34.432088139973551 ], [ -119.643396920416023, 34.43211447011219 ], [ -119.643416599551742, 34.432136299950386 ], [ -119.643438899909341, 34.432146550338288 ], [ -119.643463680269718, 34.432144680158167 ], [ -119.643500049642824, 34.432147410267419 ], [ -119.643510820283524, 34.432165169892592 ], [ -119.643514529470082, 34.432189149648686 ], [ -119.643522839875715, 34.432208930052397 ], [ -119.643533710242778, 34.432228220100328 ], [ -119.643557010237188, 34.432254910153958 ], [ -119.64357413960083, 34.432270929660866 ], [ -119.643584659473035, 34.432291429727876 ], [ -119.643599499477077, 34.432310430245543 ], [ -119.643595960215691, 34.432331000094734 ], [ -119.643597160452998, 34.432354790007274 ], [ -119.643586620253913, 34.432374959591627 ], [ -119.643598520368258, 34.432395190008421 ], [ -119.643599148473626, 34.432403078635815 ], [ -119.643611830292542, 34.432405279911933 ], [ -119.643638969621193, 34.432409569937946 ], [ -119.643656830160054, 34.432426849679871 ], [ -119.6436952598132, 34.432432740085375 ], [ -119.643717440506833, 34.432447080263302 ], [ -119.643726540042834, 34.432465909708839 ], [ -119.643743360372682, 34.432483370030006 ], [ -119.643760819629421, 34.43250657973001 ], [ -119.64377544018086, 34.432525029849629 ], [ -119.643802900165454, 34.432551730082331 ], [ -119.643845447097235, 34.432542314970476 ], [ -119.64382931966118, 34.432595460190214 ], [ -119.643861129579932, 34.432642889964015 ], [ -119.643887290256899, 34.432674829794777 ], [ -119.643898940440764, 34.432691399916791 ], [ -119.643923460445706, 34.432708329957535 ], [ -119.643928700349946, 34.432731050164342 ], [ -119.643919570209903, 34.432752539802784 ], [ -119.643903380177306, 34.432775819653834 ], [ -119.643880340348744, 34.432803039557214 ], [ -119.643874860325298, 34.432827009631801 ], [ -119.643885249852602, 34.43286068013537 ], [ -119.64389070045911, 34.432879660415139 ], [ -119.643922149586444, 34.432893649994512 ], [ -119.643943869640395, 34.432917439714991 ], [ -119.643945649558844, 34.432947110368076 ], [ -119.64396094989192, 34.432976730242586 ], [ -119.643971200257511, 34.433004140167924 ], [ -119.64398642002746, 34.433023930288478 ], [ -119.643998920058507, 34.433047039815015 ], [ -119.643978839965882, 34.433081850117382 ], [ -119.644015579664014, 34.43311462029201 ], [ -119.644064977163083, 34.433133802049326 ], [ -119.644082803660154, 34.433139683246033 ], [ -119.644114889677809, 34.433154385737282 ], [ -119.64417745379761, 34.433162743472089 ], [ -119.64420758486493, 34.433180850629292 ], [ -119.644239671500969, 34.433213196258194 ], [ -119.644303845049819, 34.43325142318168 ], [ -119.644335931944994, 34.433257303576255 ], [ -119.644375149841892, 34.433266125760149 ], [ -119.644432193010232, 34.433295530958226 ], [ -119.644485070133001, 34.433309719375416 ], [ -119.644510626378519, 34.433354341430324 ], [ -119.64453914847401, 34.433401389506841 ], [ -119.64455697470143, 34.433436675305018 ], [ -119.644574800506007, 34.433489605164915 ], [ -119.644564589762737, 34.433555539572843 ], [ -119.644579899554117, 34.433584350163009 ], [ -119.644604859738251, 34.433611849824288 ], [ -119.644624360245601, 34.433630979990909 ], [ -119.644638310459669, 34.433647569774521 ], [ -119.644651370318101, 34.433676669841006 ], [ -119.644660940479966, 34.43370918966626 ], [ -119.644661469761331, 34.433742059909115 ], [ -119.644749016080496, 34.433760205385184 ], [ -119.644792277661153, 34.433813060908143 ], [ -119.64482792972268, 34.433854227725419 ], [ -119.644845755221212, 34.4338748115782 ], [ -119.644917659462436, 34.433973691706363 ], [ -119.644942015904519, 34.434010074518376 ], [ -119.644966971715363, 34.434030657928638 ], [ -119.644995493819422, 34.434057122326927 ], [ -119.64502758004997, 34.434089467703529 ], [ -119.645059666599394, 34.434145336976478 ], [ -119.645081057731062, 34.434195324778557 ], [ -119.645095318857173, 34.434242372629818 ], [ -119.64509175354813, 34.434292361474419 ], [ -119.645069623333669, 34.434363451221103 ], [ -119.645066797536373, 34.434395278350529 ], [ -119.645091753405126, 34.434471730645761 ], [ -119.645106014985444, 34.434486432562565 ], [ -119.645113145031445, 34.434530540451185 ], [ -119.645120275787676, 34.434565826315691 ], [ -119.645127405307676, 34.434589349776701 ], [ -119.645127405313843, 34.434630515915877 ], [ -119.645127405548493, 34.43466874258128 ], [ -119.645127406019597, 34.434704027971051 ], [ -119.645107341557335, 34.434736361267163 ], [ -119.645054538049806, 34.434767515340091 ], [ -119.645056639758579, 34.434813499998498 ], [ -119.645052630069443, 34.434834419821691 ], [ -119.644999818783603, 34.435045121335733 ], [ -119.644985787673733, 34.43511324618656 ], [ -119.644978476639054, 34.435212634786595 ], [ -119.64498514535795, 34.435255259770877 ], [ -119.64503282737661, 34.435332096056925 ], [ -119.645118235593216, 34.435411890483913 ], [ -119.645275776748505, 34.435472024974324 ], [ -119.645381896923894, 34.435523479882718 ], [ -119.645477803137197, 34.435557860089695 ], [ -119.645545864949455, 34.435680204766172 ], [ -119.645466561625724, 34.435768009100535 ], [ -119.645401249431771, 34.435796210338509 ], [ -119.645359696752919, 34.435881291132489 ], [ -119.645359581255434, 34.435906853884418 ], [ -119.645307645319008, 34.436011784911145 ], [ -119.645310151957958, 34.436216295705634 ], [ -119.64522325984656, 34.436291180330016 ], [ -119.645210630340443, 34.436308079639751 ], [ -119.645201919874822, 34.43633014011516 ], [ -119.64520605987785, 34.43635600980663 ], [ -119.645216799475904, 34.436380850133673 ], [ -119.645229719529638, 34.436405870229976 ], [ -119.645240520528858, 34.436423390009267 ], [ -119.645256860367041, 34.436455909939788 ], [ -119.645267040125901, 34.436478190233323 ], [ -119.645280620411185, 34.436503560200556 ], [ -119.645294489634537, 34.436525450017157 ], [ -119.645304500024508, 34.43654209955681 ], [ -119.645299729781527, 34.436561989715585 ], [ -119.645301879585716, 34.436582440179954 ], [ -119.645307869657543, 34.43660068036597 ], [ -119.645330509493988, 34.436632489882122 ], [ -119.645346389635051, 34.436660050384084 ], [ -119.645355470254614, 34.436680370019644 ], [ -119.645359720169623, 34.436698310144422 ], [ -119.64535722982815, 34.43672263007997 ], [ -119.645366810203669, 34.436751349737314 ], [ -119.645388879915302, 34.436761199781557 ], [ -119.645403760090389, 34.436786529596766 ], [ -119.645417080444858, 34.43680295958449 ], [ -119.645432149622806, 34.436820909774447 ], [ -119.645449359885035, 34.436843180271595 ], [ -119.645468059464193, 34.436869000398005 ], [ -119.645496590037311, 34.436899880126916 ], [ -119.645493079753479, 34.436919400220461 ], [ -119.64550274011799, 34.43693861955893 ], [ -119.645533560043248, 34.43694172020782 ], [ -119.645557510237921, 34.436939859625134 ], [ -119.64559955030694, 34.436943379762951 ], [ -119.645626099621353, 34.436953359867253 ], [ -119.645653359727604, 34.436970809778138 ], [ -119.645670909961567, 34.436984580087895 ], [ -119.645701800125664, 34.437000579595455 ], [ -119.645743459782182, 34.437012909692044 ], [ -119.645773049760408, 34.437037239652021 ], [ -119.6457885903571, 34.437066769788288 ], [ -119.645815250283832, 34.437085780350699 ], [ -119.645844810250821, 34.437088789609504 ], [ -119.645875749721171, 34.437098220028624 ], [ -119.645906090447852, 34.437103570101861 ], [ -119.645933099978279, 34.437116270246413 ], [ -119.645946919555215, 34.437139819686358 ], [ -119.645961179587474, 34.437159109972782 ], [ -119.645985019837568, 34.437169330326249 ], [ -119.64600280035161, 34.437183469853601 ], [ -119.646023906075953, 34.437195208249243 ], [ -119.64609000843646, 34.43717398743604 ], [ -119.646147051280892, 34.437162225621677 ], [ -119.646150617169567, 34.437144582725686 ], [ -119.646143486601645, 34.437112239187364 ], [ -119.646125660413716, 34.437085775771457 ], [ -119.646122095473274, 34.437056371900297 ], [ -119.646150386149316, 34.436989877984189 ], [ -119.646215150139923, 34.437006910172165 ], [ -119.646256720143498, 34.437015000017283 ], [ -119.646287120508532, 34.437012669895964 ], [ -119.646293224968431, 34.437085775296076 ], [ -119.64631461626638, 34.437124000349847 ], [ -119.646339571964589, 34.437150464125963 ], [ -119.646375224392486, 34.437171046852598 ], [ -119.646403745755052, 34.437200450275867 ], [ -119.646421572246837, 34.437223973279707 ], [ -119.646435832749887, 34.437250437351388 ], [ -119.646421571659246, 34.437268079673629 ], [ -119.646375224050061, 34.437279840407463 ], [ -119.646336006962059, 34.437291602417744 ], [ -119.646332441790477, 34.437332767346753 ], [ -119.64636809395509, 34.437341588606706 ], [ -119.646385919774218, 34.43734158868272 ], [ -119.646414441605899, 34.437329826975343 ], [ -119.646446528155607, 34.437318065452885 ], [ -119.646464353786996, 34.437321005882119 ], [ -119.646500006504297, 34.437321006004552 ], [ -119.646523249484773, 34.43729324024104 ], [ -119.646574875774235, 34.437335708231757 ], [ -119.646621320541115, 34.437341050140837 ], [ -119.646622660262281, 34.437372519705008 ], [ -119.646650050182515, 34.437406670291907 ], [ -119.646610527243297, 34.437465084412857 ], [ -119.646571309745255, 34.437482726330487 ], [ -119.646534276643706, 34.437479130092029 ], [ -119.646553484634211, 34.437506250111397 ], [ -119.646574875426921, 34.437520951273548 ], [ -119.646604233324439, 34.437557762649014 ], [ -119.646620260358176, 34.437560090145674 ], [ -119.646643599660479, 34.437572830154636 ], [ -119.646672639487136, 34.437571259886141 ], [ -119.646712379556462, 34.437577539865501 ], [ -119.646735630161032, 34.437594030056722 ], [ -119.646744927019796, 34.437592526825391 ], [ -119.646758920384855, 34.437600509786854 ], [ -119.646788500523499, 34.437605859980216 ], [ -119.646823570321189, 34.43762512962563 ], [ -119.646847970475108, 34.437642810117715 ], [ -119.646885730035521, 34.437657940167746 ], [ -119.646904200248727, 34.437667630125411 ], [ -119.646926970438656, 34.437667769716761 ], [ -119.646959079925807, 34.437661569857546 ], [ -119.646991748796793, 34.437663375489883 ], [ -119.647116411673352, 34.437725534395632 ], [ -119.647122650958565, 34.437728645374875 ], [ -119.647243038683158, 34.437785197693586 ], [ -119.647251647745463, 34.437789241418791 ], [ -119.647276367031054, 34.437800852834243 ], [ -119.647279303360378, 34.437805053001604 ], [ -119.647308068645103, 34.437846186849121 ], [ -119.647360732206437, 34.437902164586994 ], [ -119.64747330412753, 34.4379473041935 ], [ -119.647484000137183, 34.437956125770668 ], [ -119.647501826323023, 34.437973767858139 ], [ -119.647570840349715, 34.437979269857927 ], [ -119.647633879664198, 34.438012429619903 ], [ -119.647675600421223, 34.438052072220145 ], [ -119.647695094617589, 34.438070595298804 ], [ -119.647736280008829, 34.438109729796494 ], [ -119.647820564368942, 34.438145323850378 ], [ -119.647869041590212, 34.438156069222913 ], [ -119.647911823637941, 34.438194293923686 ], [ -119.647958171331041, 34.438238399481094 ], [ -119.647979562752695, 34.438300146180488 ], [ -119.647986692756533, 34.438314848285266 ], [ -119.647990257614708, 34.438338371333302 ], [ -119.647990258417806, 34.438370714426455 ], [ -119.647961450459988, 34.438428279692125 ], [ -119.647964824272677, 34.438458965173467 ], [ -119.647969156026122, 34.43849837105688 ], [ -119.647972229680235, 34.438526329717867 ], [ -119.64795375222252, 34.438572297743733 ], [ -119.647954605941706, 34.438632404326661 ], [ -119.647999049486643, 34.438709910398089 ], [ -119.647985000221041, 34.438812369863406 ], [ -119.647995819939666, 34.438838789778877 ], [ -119.648007530095839, 34.438860830272795 ], [ -119.648000691113964, 34.438947723376351 ], [ -119.648036605551667, 34.438976422756518 ], [ -119.648054432093446, 34.438994064740122 ], [ -119.648086518584662, 34.43902052746887 ], [ -119.648115040288332, 34.439046990949208 ], [ -119.648125735435585, 34.439055811552272 ], [ -119.648150691393553, 34.439079333618324 ], [ -119.648186015133064, 34.439111379701437 ], [ -119.648257647571029, 34.439135200117924 ], [ -119.648286169084827, 34.439141081027969 ], [ -119.648350342502411, 34.439161663274866 ], [ -119.648375299226302, 34.439167543128804 ], [ -119.648446560489731, 34.439169029784154 ], [ -119.648460400230348, 34.439187839931755 ], [ -119.64847757037019, 34.439202120448456 ], [ -119.648493759544863, 34.439225690319056 ], [ -119.648518159720439, 34.43924744980275 ], [ -119.648545680169065, 34.439272470103631 ], [ -119.648565809929664, 34.439297209996923 ], [ -119.648576709747985, 34.439329380147136 ], [ -119.648585999608585, 34.439364000010492 ], [ -119.648596059389718, 34.439389547038544 ], [ -119.648633386012506, 34.439424571017604 ], [ -119.64863870970828, 34.439426789692384 ], [ -119.648658340458454, 34.439439980161552 ], [ -119.648675849767031, 34.439454379732112 ], [ -119.648696639573132, 34.439444269845652 ], [ -119.648725670018734, 34.439446399935051 ], [ -119.648746839723444, 34.439462310188354 ], [ -119.648773560234247, 34.439468609879007 ], [ -119.648788440254293, 34.439492629851472 ], [ -119.648810339463665, 34.43950338971672 ], [ -119.648827640306934, 34.439524249664821 ], [ -119.648848760244022, 34.439548860073067 ], [ -119.648869570249246, 34.439560999808087 ], [ -119.648902609962931, 34.439571339646484 ], [ -119.648938350348317, 34.439581900418652 ], [ -119.648956090502892, 34.439599950193433 ], [ -119.64897531975835, 34.439614829878813 ], [ -119.648992270537107, 34.439628550042954 ], [ -119.649007380271954, 34.439656720350783 ], [ -119.649025270376441, 34.439686520294131 ], [ -119.649054540148398, 34.439694790372215 ], [ -119.649075459903244, 34.4397113702288 ], [ -119.649093639470436, 34.439735840013235 ], [ -119.649097720354646, 34.439764060316456 ], [ -119.649095839475265, 34.439783770185045 ], [ -119.649104471688204, 34.439812896542151 ], [ -119.649106040499419, 34.439818190029392 ], [ -119.649099030518883, 34.439840109950829 ], [ -119.649071609707448, 34.439852610086639 ], [ -119.649083500328558, 34.439870420236012 ], [ -119.649076779945318, 34.439901819935706 ], [ -119.649078030280918, 34.439930139696024 ], [ -119.64906409011023, 34.43994444012413 ], [ -119.649049429869407, 34.43996616988921 ], [ -119.649046069894879, 34.439996059690706 ], [ -119.649050879621498, 34.440015130436706 ], [ -119.649052980381427, 34.440033399894141 ], [ -119.649058369676965, 34.440052849984859 ], [ -119.649064919746749, 34.440083890245397 ], [ -119.649099189471869, 34.440097449890764 ], [ -119.649220022831358, 34.440176953798662 ], [ -119.649228990455399, 34.440185120189518 ], [ -119.649230070479078, 34.440203580255215 ], [ -119.649249949895633, 34.440223060295907 ], [ -119.649282859834557, 34.440244489713407 ], [ -119.649289140229556, 34.440270619822876 ], [ -119.649286640221291, 34.44027737507853 ], [ -119.64928192999227, 34.440290099798489 ], [ -119.64926121961129, 34.440321619754577 ], [ -119.649245098806077, 34.440356450963499 ], [ -119.649244589916606, 34.440357549673266 ], [ -119.649242689804524, 34.440376209668095 ], [ -119.649240820367453, 34.440395799713187 ], [ -119.649236560219137, 34.440414979634532 ], [ -119.649232989807118, 34.440433269558532 ], [ -119.649234449757842, 34.440452940087084 ], [ -119.649234690309456, 34.440482900381248 ], [ -119.649229249465677, 34.440505900139115 ], [ -119.649226129849353, 34.440530000065245 ], [ -119.649215660073452, 34.44055982031869 ], [ -119.649212580522658, 34.440589080181987 ], [ -119.649203559825324, 34.440614210033345 ], [ -119.649176599947481, 34.44063944983651 ], [ -119.64917845989622, 34.440659490145343 ], [ -119.649185020056848, 34.440682450064038 ], [ -119.64917165022618, 34.440699899855623 ], [ -119.649170309706733, 34.440723889882179 ], [ -119.649174310307586, 34.440758399729091 ], [ -119.649173090212386, 34.440791489636382 ], [ -119.649169760415489, 34.440827050259614 ], [ -119.64917015979367, 34.440848260250334 ], [ -119.649166440149244, 34.440871679784998 ], [ -119.649166170497068, 34.440908140086492 ], [ -119.6491663202398, 34.440936250089329 ], [ -119.649159079878714, 34.440978520182775 ], [ -119.649130823674355, 34.441026351582678 ], [ -119.649163207317756, 34.441066964250986 ], [ -119.649195294473401, 34.441114008195271 ], [ -119.649284450223192, 34.441210580347061 ], [ -119.649305909935535, 34.441238699728402 ], [ -119.649323310166452, 34.441250829818841 ], [ -119.649339729682623, 34.441266849741559 ], [ -119.649355139833759, 34.441280990439651 ], [ -119.649385890023169, 34.441303040370364 ], [ -119.649428600158345, 34.441315510152435 ], [ -119.649463410101689, 34.44133279024571 ], [ -119.649487710352304, 34.441346420166745 ], [ -119.649524469720632, 34.441354469729063 ], [ -119.649545769767869, 34.441359380231972 ], [ -119.649574880225543, 34.441364720133329 ], [ -119.649602160068, 34.441367560126864 ], [ -119.649631479480831, 34.441364620263279 ], [ -119.649655310461014, 34.441363409972737 ], [ -119.649681030346898, 34.441376760342365 ], [ -119.649700050251823, 34.441398920285486 ], [ -119.649723169591709, 34.441401069881941 ], [ -119.649739210256243, 34.441416149619222 ], [ -119.649752269970875, 34.441440140421754 ], [ -119.649760020480798, 34.441467410380589 ], [ -119.64975474030436, 34.44148637992371 ], [ -119.649755259720976, 34.441508290435188 ], [ -119.649772249718282, 34.441526760378167 ], [ -119.64979210960162, 34.441537549840149 ], [ -119.649827949645967, 34.44153575987 ], [ -119.649848479763207, 34.441557109790182 ], [ -119.649853989625484, 34.441576929640853 ], [ -119.649866080135851, 34.441607859688453 ], [ -119.649858609528536, 34.441630319781964 ], [ -119.649875259990679, 34.441651710098824 ], [ -119.649982620480515, 34.441700720349495 ], [ -119.649994454584686, 34.441712273724974 ], [ -119.650004940437654, 34.441722510047747 ], [ -119.650001028845352, 34.441784381570692 ], [ -119.650011724284369, 34.441810843187412 ], [ -119.650025984609314, 34.441840246136437 ], [ -119.650036680865341, 34.441884348965097 ], [ -119.650062387789973, 34.441950707544315 ], [ -119.650093723927881, 34.44196961505429 ], [ -119.650171789980448, 34.441989420442837 ], [ -119.65021494050724, 34.442049000877319 ], [ -119.650243461974682, 34.44206664268652 ], [ -119.650275548322696, 34.442090164363194 ], [ -119.650296939934549, 34.442107805111483 ], [ -119.650345947735048, 34.442154010942438 ], [ -119.650389635449045, 34.442163669143362 ], [ -119.650425286794217, 34.442190131196263 ], [ -119.65045380829828, 34.442213652751953 ], [ -119.650485894737756, 34.442240114717499 ], [ -119.650525112042416, 34.442281277661117 ], [ -119.650550068685916, 34.442301858774641 ], [ -119.650585720147973, 34.44232832077401 ], [ -119.650610676686753, 34.44236360362774 ], [ -119.650649894096986, 34.44240770597326 ], [ -119.650696562710849, 34.442444443657465 ], [ -119.650749320504218, 34.442557290356739 ], [ -119.650732930105363, 34.442607739965034 ], [ -119.650719495373991, 34.442623633474128 ], [ -119.650731560044463, 34.442618410438335 ], [ -119.650772239958613, 34.442627440246739 ], [ -119.650781519500953, 34.442643889627412 ], [ -119.650791119914146, 34.442674829972503 ], [ -119.650797390124652, 34.442693130083896 ], [ -119.650802640222636, 34.442711219827039 ], [ -119.650806720181137, 34.442729789902508 ], [ -119.650815879948922, 34.442747230143787 ], [ -119.65083397952354, 34.442763290092685 ], [ -119.650850250094635, 34.442778429827278 ], [ -119.650855230272271, 34.442808260317321 ], [ -119.650863559500365, 34.442834510058866 ], [ -119.650853999561605, 34.442866889639667 ], [ -119.650842480532177, 34.442885989771952 ], [ -119.650837770477324, 34.442915579855068 ], [ -119.650849679743573, 34.442931839897753 ], [ -119.650856870037998, 34.442960610196835 ], [ -119.650855859832745, 34.442991449694127 ], [ -119.65084876995958, 34.443023299733248 ], [ -119.650847030261119, 34.443059069725933 ], [ -119.650845139680186, 34.443077860387717 ], [ -119.650842350220884, 34.443098549668157 ], [ -119.650837300395054, 34.443116179969614 ], [ -119.65082578030642, 34.443134530362059 ], [ -119.650816449962946, 34.443154440055991 ], [ -119.650809719806375, 34.443172960042439 ], [ -119.650805919512266, 34.443194040026761 ], [ -119.650828200054534, 34.443202570358153 ], [ -119.650844459778583, 34.443215030128187 ], [ -119.650851449556839, 34.44324459008881 ], [ -119.650853830519566, 34.44327730973572 ], [ -119.65085725022314, 34.44331045967796 ], [ -119.650862899964039, 34.4433400299678 ], [ -119.650867900239291, 34.443370490383273 ], [ -119.650884809777722, 34.443404750169698 ], [ -119.650894090488265, 34.443428059742594 ], [ -119.650900920377453, 34.443448299845038 ], [ -119.65090493982386, 34.443473880416036 ], [ -119.650908279866798, 34.443503410317014 ], [ -119.650914430105047, 34.443534020211793 ], [ -119.650914959952175, 34.443573240276088 ], [ -119.65089933014805, 34.443587760105302 ], [ -119.650896839541247, 34.443609539738951 ], [ -119.650909250288507, 34.443633000322052 ], [ -119.650915950453907, 34.443664789649844 ], [ -119.650912759840523, 34.443690989834288 ], [ -119.650920009978506, 34.443721989654932 ], [ -119.650920561158713, 34.443734877317432 ], [ -119.650921460462229, 34.443755889616305 ], [ -119.650921200005683, 34.443779939651563 ], [ -119.650916239889369, 34.44380970016195 ], [ -119.650909619625409, 34.443841439871932 ], [ -119.650908430256578, 34.443863370348794 ], [ -119.650928010345652, 34.443875069763664 ], [ -119.650939099618853, 34.443892660034614 ], [ -119.65095178958957, 34.443909890229996 ], [ -119.650978119717266, 34.443924800163316 ], [ -119.650991069918916, 34.44394006040293 ], [ -119.651011719926458, 34.443966240415705 ], [ -119.651026859656952, 34.443994869992622 ], [ -119.651027339953075, 34.444015379987128 ], [ -119.651025649863598, 34.444035110209221 ], [ -119.651025259513233, 34.444055330093569 ], [ -119.651036520187006, 34.444091670422395 ], [ -119.651047169745368, 34.444121500116601 ], [ -119.651059899708358, 34.444136359578188 ], [ -119.651082200081007, 34.444166450043397 ], [ -119.651111420421444, 34.444194099731405 ], [ -119.65113078946662, 34.444223670322138 ], [ -119.651141350509178, 34.444240119946002 ], [ -119.651150420200864, 34.444256820042199 ], [ -119.651154420142646, 34.444290489852676 ], [ -119.651157759828649, 34.444318169727687 ], [ -119.651166800118801, 34.44433463003449 ], [ -119.651168940487807, 34.444358329625366 ], [ -119.651158279584095, 34.444382220010326 ], [ -119.651148200308157, 34.444426360265041 ], [ -119.651155130477221, 34.44444636003908 ], [ -119.651204841059538, 34.444486736402297 ], [ -119.651246420147032, 34.444508730426996 ], [ -119.651273580132781, 34.444519449912605 ], [ -119.651274840150634, 34.444547990319947 ], [ -119.651287440305779, 34.444568080337952 ], [ -119.651304880126574, 34.444579129765508 ], [ -119.651297339624918, 34.444599219736176 ], [ -119.651316090153813, 34.444618830157928 ], [ -119.651356080309569, 34.444627529631163 ], [ -119.651382780349181, 34.444638880273288 ], [ -119.651393189660794, 34.444659370012751 ], [ -119.651434237385928, 34.444686330204547 ], [ -119.651462759015018, 34.444709850546438 ], [ -119.651484150536064, 34.444736312055802 ], [ -119.651505540986989, 34.444762772656006 ], [ -119.651541192827793, 34.444798054420374 ], [ -119.651569714547207, 34.444827455420324 ], [ -119.651605366460402, 34.444865676604934 ], [ -119.651619628013805, 34.444912718623911 ], [ -119.651633888484398, 34.444956820292333 ], [ -119.651644583856665, 34.444992101798562 ], [ -119.651655279226404, 34.44502444295955 ], [ -119.651655279410932, 34.44506560415752 ], [ -119.651648149481915, 34.445118526665418 ], [ -119.651630323171474, 34.445162628047576 ], [ -119.651601801606446, 34.445212610016398 ], [ -119.65158041015232, 34.445253771012915 ], [ -119.651559018654837, 34.445289052220033 ], [ -119.651547983976769, 34.445311803372363 ], [ -119.651627186455215, 34.445323621853234 ], [ -119.651661769480242, 34.445318958333239 ], [ -119.651679113898339, 34.445304705863848 ], [ -119.651748533824147, 34.44523815957276 ], [ -119.651811728651154, 34.445276498664718 ], [ -119.651753702053227, 34.44537169007328 ], [ -119.651684239685252, 34.445447773642698 ], [ -119.651626085803557, 34.445571575918343 ], [ -119.651640103779116, 34.445686522552542 ], [ -119.651657699705012, 34.445692390070548 ], [ -119.65169033965951, 34.445712279645271 ], [ -119.651717979464038, 34.445734200439361 ], [ -119.6517398296956, 34.445768500272131 ], [ -119.651749209499457, 34.44578578966626 ], [ -119.651770099605628, 34.445809790423361 ], [ -119.651784080263553, 34.445826970349671 ], [ -119.651811860402859, 34.445837640213917 ], [ -119.651837870241621, 34.445863830012684 ], [ -119.651851309604311, 34.445896290305384 ], [ -119.651855319793242, 34.445926509694971 ], [ -119.651874820070645, 34.445938679962978 ], [ -119.651889229591958, 34.445962259999746 ], [ -119.651921639799866, 34.445970910090438 ], [ -119.651930180481344, 34.445994310084139 ], [ -119.651936859749839, 34.446012049919666 ], [ -119.651953200089451, 34.446034239986233 ], [ -119.651980399522131, 34.446051670013581 ], [ -119.652014809692773, 34.446058069760888 ], [ -119.652039279628553, 34.446069949620174 ], [ -119.652077009523452, 34.446090699786318 ], [ -119.652091440151651, 34.446112239732592 ], [ -119.652085920319237, 34.446140880239504 ], [ -119.652102889536437, 34.446157020300731 ], [ -119.652129139733177, 34.446166359896118 ], [ -119.652156279730789, 34.44616528979877 ], [ -119.65218573014765, 34.446161419736868 ], [ -119.652238010221623, 34.446166689616611 ], [ -119.652264959793143, 34.44619189003442 ], [ -119.652275550293027, 34.446221459849646 ], [ -119.652292379540924, 34.446248320025944 ], [ -119.652296779517371, 34.446278319799013 ], [ -119.652318080469229, 34.446304989893193 ], [ -119.652336130385933, 34.446334479616162 ], [ -119.652313177422485, 34.446372324365036 ], [ -119.652304263413399, 34.446409075421599 ], [ -119.652280496515985, 34.446436025910955 ], [ -119.652265640645737, 34.44644827562356 ], [ -119.652224047210652, 34.44649972646242 ], [ -119.652173119192923, 34.446520437130658 ], [ -119.652256727472519, 34.446556077801098 ], [ -119.652322090031717, 34.446563428385396 ], [ -119.652461726860381, 34.446607529229709 ], [ -119.652509262914378, 34.446632029700467 ], [ -119.652645941710475, 34.446687321299748 ], [ -119.652675638407658, 34.446695730452568 ], [ -119.65273208796593, 34.446717780693469 ], [ -119.652785565640514, 34.446737380776391 ], [ -119.652824188342819, 34.446756981762981 ], [ -119.652859840531747, 34.446788831598347 ], [ -119.652885916258541, 34.446833501395012 ], [ -119.652907376631418, 34.44685743335922 ], [ -119.652937086441369, 34.446899083705077 ], [ -119.652969767592438, 34.446965234441116 ], [ -119.652987593063855, 34.446999535313239 ], [ -119.65302027370889, 34.447038735490509 ], [ -119.653058896731054, 34.447063235752623 ], [ -119.653094549511792, 34.447063235611047 ], [ -119.653168823688972, 34.447063235273212 ], [ -119.653222301406061, 34.447070585392801 ], [ -119.653290635339431, 34.447080385534896 ], [ -119.653347674968856, 34.4471111519278 ], [ -119.653358789829497, 34.447129829627769 ], [ -119.653418250431955, 34.447186757258159 ], [ -119.653534440528219, 34.447238979643274 ], [ -119.65353943953977, 34.447271250155744 ], [ -119.653554370186129, 34.447285699632921 ], [ -119.653572049860202, 34.447296629560057 ], [ -119.653596290472123, 34.447324349967069 ], [ -119.653604179828733, 34.447343040411461 ], [ -119.653605683160393, 34.44734551401141 ], [ -119.653619459526965, 34.447368189864989 ], [ -119.653633650509533, 34.447388679965904 ], [ -119.653616479790813, 34.447407209916037 ], [ -119.653604239905647, 34.447425370000218 ], [ -119.653620800112222, 34.447449220313047 ], [ -119.653632569521008, 34.447471309775551 ], [ -119.65364086014128, 34.447490350159406 ], [ -119.653660329767092, 34.44751454988419 ], [ -119.653666729491974, 34.447545429693101 ], [ -119.653670760175288, 34.447580309591551 ], [ -119.653680960074482, 34.447600620006654 ], [ -119.653706190411327, 34.447610320191522 ], [ -119.653726509940029, 34.447621769905254 ], [ -119.653752210201802, 34.447631059691282 ], [ -119.653779690345971, 34.447632699887755 ], [ -119.653795800146654, 34.447657989689958 ], [ -119.653804710352205, 34.447687370412254 ], [ -119.653819190144219, 34.447713979920358 ], [ -119.653840429478848, 34.447722000049531 ], [ -119.653854520309821, 34.447751649636253 ], [ -119.653861869499053, 34.447776830047175 ], [ -119.653868810022004, 34.447806059728975 ], [ -119.653874309852455, 34.447828730353116 ], [ -119.653878930659943, 34.447839176512659 ], [ -119.653877010289506, 34.447839930348458 ], [ -119.653856020468268, 34.447845179883089 ], [ -119.65385346961547, 34.44786325032053 ], [ -119.653862019599288, 34.447887680125348 ], [ -119.653895870318905, 34.447900939583924 ], [ -119.653903950094332, 34.447920419947735 ], [ -119.653932920266953, 34.447925110373781 ], [ -119.653956579579557, 34.447939320333155 ], [ -119.65395266039225, 34.447960839704933 ], [ -119.653969019741055, 34.447982889823095 ], [ -119.653975119566553, 34.448004050182263 ], [ -119.65397913012572, 34.448022050330749 ], [ -119.65399022017732, 34.448058269857164 ], [ -119.653980679963226, 34.448078670184188 ], [ -119.653967860051623, 34.448097519697214 ], [ -119.653963300388966, 34.448116899689325 ], [ -119.653965050443048, 34.448147120217563 ], [ -119.653971589529178, 34.448180009893811 ], [ -119.65396925949652, 34.448213429662133 ], [ -119.653964690002198, 34.448233309740502 ], [ -119.653960049831426, 34.448260330028248 ], [ -119.653958720275071, 34.448278679891132 ], [ -119.653952909651508, 34.44829636020448 ], [ -119.653953309883775, 34.448327059646068 ], [ -119.653951129578886, 34.448348740155907 ], [ -119.653955270184866, 34.448382429977563 ], [ -119.653967790295525, 34.448415289957488 ], [ -119.653981060271775, 34.448444739684049 ], [ -119.653989179950173, 34.448471730030192 ], [ -119.654007470142645, 34.448493149778365 ], [ -119.654017990488256, 34.448512430238885 ], [ -119.654043459967099, 34.44853414019861 ], [ -119.654057500502844, 34.448550060222651 ], [ -119.654069800056561, 34.448571230278894 ], [ -119.654078479491574, 34.448589540079944 ], [ -119.654104340424922, 34.448615560329792 ], [ -119.654117060326726, 34.448636209904485 ], [ -119.654132200286156, 34.448664260418475 ], [ -119.654146369486384, 34.448680389876287 ], [ -119.654159670192769, 34.448694739714618 ], [ -119.654190479864937, 34.448716360331609 ], [ -119.654219660479228, 34.448712150120706 ], [ -119.654234499546277, 34.448734380322371 ], [ -119.654247989509955, 34.448758409576307 ], [ -119.654263500438759, 34.448773189596466 ], [ -119.654296500044438, 34.448791450235163 ], [ -119.654322740431709, 34.448814150072963 ], [ -119.654357649512889, 34.448831670334684 ], [ -119.654377859538428, 34.448840639724445 ], [ -119.65439366052729, 34.448862240223754 ], [ -119.654411839607477, 34.448881249987203 ], [ -119.654413144059106, 34.44888934501617 ], [ -119.654415659653168, 34.448904969794455 ], [ -119.65439206002236, 34.448891460289353 ], [ -119.654364780473813, 34.448895089655984 ], [ -119.654373880421787, 34.448912860029701 ], [ -119.654390580462447, 34.448939689695599 ], [ -119.654412330068297, 34.448950090185562 ], [ -119.654420379588146, 34.448969820009069 ], [ -119.654426839600262, 34.448990070384511 ], [ -119.654425349642125, 34.449012729777941 ], [ -119.654421160273841, 34.449031839652982 ], [ -119.654416959727996, 34.449053240122559 ], [ -119.654421029624103, 34.449071150304192 ], [ -119.654439899746762, 34.449087259659869 ], [ -119.654459520410541, 34.449103510047827 ], [ -119.654459220068361, 34.449135130088436 ], [ -119.654456789507108, 34.449154830090592 ], [ -119.654453740471894, 34.449174559765453 ], [ -119.654457230461475, 34.449209209966178 ], [ -119.654470950305495, 34.449230760013634 ], [ -119.654479459951986, 34.449253549591639 ], [ -119.654476349611684, 34.449283000282691 ], [ -119.654481100066818, 34.449309780359805 ], [ -119.654485970031843, 34.449339830032827 ], [ -119.654492610311181, 34.44936587959991 ], [ -119.654497650264588, 34.449384519897258 ], [ -119.654512970029046, 34.449412840314373 ], [ -119.654532729972232, 34.449428880244092 ], [ -119.654555780145671, 34.44943618029162 ], [ -119.65457699023203, 34.449448989593364 ], [ -119.654608570231744, 34.449467089955185 ], [ -119.65463467047077, 34.449479159760941 ], [ -119.654630059934291, 34.449502450427367 ], [ -119.654637010120297, 34.449523399719027 ], [ -119.654640790385429, 34.449548760309057 ], [ -119.654642540426948, 34.44957905016873 ], [ -119.654623050132429, 34.449588550398879 ], [ -119.6546049799678, 34.449609550397533 ], [ -119.654595180038029, 34.449629590417523 ], [ -119.654574940198515, 34.449641440281596 ], [ -119.654537229791245, 34.44967309976569 ], [ -119.654514060179523, 34.449692420013356 ], [ -119.654505169656673, 34.449709890091846 ], [ -119.654508089682693, 34.449742710196709 ], [ -119.654513610357185, 34.449778770434065 ], [ -119.654516489787213, 34.449802019702254 ], [ -119.654528290162816, 34.449822899820575 ], [ -119.654537930544237, 34.449843069653824 ], [ -119.654548289600299, 34.44986517994554 ], [ -119.654553110338256, 34.449892329671997 ], [ -119.654549999956586, 34.449921790258578 ], [ -119.654554080381658, 34.449947960044177 ], [ -119.654555370410336, 34.44997393037756 ], [ -119.654561459583874, 34.449996839688964 ], [ -119.654567300328637, 34.450015100315184 ], [ -119.654580620200335, 34.450050639788877 ], [ -119.654586460450659, 34.450072230019877 ], [ -119.654573569912955, 34.450088039900749 ], [ -119.654562149755023, 34.450103439703135 ], [ -119.654571539486625, 34.450125410094444 ], [ -119.654561269645882, 34.450154249843386 ], [ -119.654546650230174, 34.450183929825023 ], [ -119.654541219934956, 34.450203250404392 ], [ -119.654547349895523, 34.450225800290816 ], [ -119.654566110267666, 34.450259739572914 ], [ -119.654577119738661, 34.450288429929493 ], [ -119.654590419931196, 34.450304460265755 ], [ -119.654586099623572, 34.450326600166022 ], [ -119.654610926051845, 34.450353101932933 ], [ -119.654620050998062, 34.450381321626338 ], [ -119.654631458186358, 34.450411422511927 ], [ -119.654633739652027, 34.450452810235888 ], [ -119.654633740168293, 34.450497961330868 ], [ -119.654633739856564, 34.450529942677392 ], [ -119.654631458333967, 34.450578856237009 ], [ -119.654624613645154, 34.450620244370462 ], [ -119.654617769381474, 34.450663513122457 ], [ -119.654615488104682, 34.450699257835531 ], [ -119.654610926069893, 34.450744408678126 ], [ -119.654599518613665, 34.450780152901466 ], [ -119.654585830583869, 34.450830946912127 ], [ -119.654576705153715, 34.450862928663916 ], [ -119.654551609119139, 34.450904316706541 ], [ -119.654526513762875, 34.450934416525222 ], [ -119.65449457443242, 34.450966398839789 ], [ -119.654467197639249, 34.450998379589542 ], [ -119.654442101980237, 34.451032242425924 ], [ -119.654414725138722, 34.451064224062051 ], [ -119.654403317841954, 34.451086799419734 ], [ -119.654391910777406, 34.451105612638301 ], [ -119.654385066402455, 34.45113947465881 ], [ -119.65438506646754, 34.451163931710425 ], [ -119.654377689547474, 34.451211430434817 ], [ -119.654385660011712, 34.45122988039995 ], [ -119.654407099785615, 34.451247000415215 ], [ -119.654398200307341, 34.451265469764095 ], [ -119.654383659962647, 34.451287269717888 ], [ -119.654371779814198, 34.451317830185538 ], [ -119.654368919768032, 34.451341590153795 ], [ -119.654375659927524, 34.451363530011179 ], [ -119.65438478029499, 34.451388100182747 ], [ -119.65439341028214, 34.451413770030712 ], [ -119.65439882966875, 34.451435269762335 ], [ -119.65440000953852, 34.451461280276831 ], [ -119.654404099548003, 34.451487999734361 ], [ -119.654411179802381, 34.451513060257298 ], [ -119.654419680522963, 34.451536940104475 ], [ -119.654421129669146, 34.45156261981991 ], [ -119.654446664225958, 34.451579689999349 ], [ -119.654462634591468, 34.451602265040535 ], [ -119.654483166660157, 34.451630483977794 ], [ -119.654496855441209, 34.451649296302051 ], [ -119.654501417993004, 34.451658702338882 ], [ -119.65451054352171, 34.451679396832816 ], [ -119.654515106612394, 34.451715140525863 ], [ -119.654512825113386, 34.451735833952498 ], [ -119.654501418364916, 34.451765934479496 ], [ -119.654490010995062, 34.451788508929035 ], [ -119.654476322855743, 34.451811084606859 ], [ -119.65447632300166, 34.451826134050776 ], [ -119.654443385918, 34.451859386583102 ], [ -119.654462690277768, 34.451886560129516 ], [ -119.654478829507397, 34.451902199825184 ], [ -119.654495130502283, 34.451918189637041 ], [ -119.654506229860203, 34.45194109960196 ], [ -119.654526969671423, 34.451961720086111 ], [ -119.654540360241512, 34.451982259828583 ], [ -119.654540368831746, 34.451982286887826 ], [ -119.654535499093257, 34.45200011958849 ], [ -119.654547538577035, 34.452004844375764 ], [ -119.654564210239741, 34.452069940388689 ], [ -119.654638169672822, 34.452148469876008 ], [ -119.654654049732386, 34.452232669713979 ], [ -119.654598420487162, 34.452285160138288 ], [ -119.654618700413124, 34.452327679785995 ], [ -119.654590750378802, 34.452363410115368 ], [ -119.654558179640162, 34.452396250158912 ], [ -119.654546260510784, 34.452423030338451 ], [ -119.65458587983008, 34.452473679550984 ], [ -119.654581803160269, 34.452506478464471 ], [ -119.654567960037895, 34.452546680276591 ], [ -119.654536190351195, 34.452557540154018 ], [ -119.654468445781049, 34.452587330150273 ], [ -119.654451378773331, 34.452595939229127 ], [ -119.65440938990038, 34.452617120188776 ], [ -119.654383530023352, 34.452648380051734 ], [ -119.654381930429707, 34.452681329703374 ], [ -119.654372523340626, 34.452699578523401 ], [ -119.654341099464929, 34.452724100209139 ], [ -119.654357959467845, 34.452743960177216 ], [ -119.654382609699041, 34.452746849624603 ], [ -119.65444297965918, 34.452762070383024 ], [ -119.654449900492381, 34.452779850327317 ], [ -119.654426639879958, 34.452832230129395 ], [ -119.654372610150503, 34.452848940384172 ], [ -119.654337580524881, 34.452856650000761 ], [ -119.654286690238266, 34.452895170227904 ], [ -119.65428646819565, 34.452895653453524 ], [ -119.654291133780447, 34.452896756976273 ], [ -119.654291086516849, 34.452907485441756 ], [ -119.654255701977903, 34.453093345067614 ], [ -119.654229383526513, 34.453182672772918 ], [ -119.654237852068277, 34.45322203805631 ], [ -119.654224732759999, 34.453257760769084 ], [ -119.654138019888151, 34.453325448902589 ], [ -119.654073004030863, 34.453371743485832 ], [ -119.653890841075651, 34.453528550242986 ], [ -119.653847177292974, 34.453632130512702 ], [ -119.653772952134787, 34.45380714387921 ], [ -119.653772787567689, 34.453844442968503 ], [ -119.653773599618219, 34.45384520956312 ], [ -119.653795729583351, 34.453844950250449 ], [ -119.653836370153968, 34.45386330971143 ], [ -119.653789209897383, 34.453925279687169 ], [ -119.653775119190115, 34.453934343699345 ], [ -119.653840537325337, 34.454157823451254 ], [ -119.653857315406171, 34.454272314896841 ], [ -119.653913027710274, 34.454376195376511 ], [ -119.653916743524803, 34.454464553036686 ], [ -119.653943960448416, 34.454505440137567 ], [ -119.653913910358199, 34.454503390340008 ], [ -119.653892780610491, 34.454517252219333 ], [ -119.653886424511668, 34.454529895382478 ], [ -119.653773502010552, 34.454661876402874 ], [ -119.65354333265762, 34.454925824982183 ], [ -119.653448118513069, 34.454961300115642 ], [ -119.653413362863319, 34.455004110206396 ], [ -119.653369917704524, 34.455057622575538 ], [ -119.653356623914661, 34.455132684245321 ], [ -119.653317404893741, 34.455207667446849 ], [ -119.653286985917092, 34.455246914119591 ], [ -119.653286733095641, 34.455304134568202 ], [ -119.653308179279492, 34.455339961723297 ], [ -119.653351133805998, 34.455397312030335 ], [ -119.653398456845068, 34.455443946954752 ], [ -119.653437059927313, 34.455508437044394 ], [ -119.653454121993917, 34.455558555974534 ], [ -119.653471120907327, 34.455622980683017 ], [ -119.653591046638141, 34.455862954041841 ], [ -119.653633591234794, 34.456013286366343 ], [ -119.653641136326925, 34.45604234103326 ], [ -119.653697940414801, 34.456023879695387 ], [ -119.653744269485244, 34.456025979655045 ], [ -119.653774189690338, 34.456025520418983 ], [ -119.653703821626095, 34.456103090325414 ], [ -119.653749922146673, 34.456161931367298 ], [ -119.653747827340254, 34.456209079035347 ], [ -119.653750760931231, 34.456276805148676 ], [ -119.65372075371468, 34.456285857967359 ], [ -119.653675742081518, 34.456282966305402 ], [ -119.653656208931054, 34.45628598542681 ], [ -119.653658175039055, 34.456317343565118 ], [ -119.653636460080151, 34.456342311542294 ], [ -119.653580162592363, 34.456370751425816 ], [ -119.653519512365691, 34.456406331096652 ], [ -119.653436879608563, 34.456527674595435 ], [ -119.65339773894965, 34.456584776410558 ], [ -119.653423080188944, 34.456717175103599 ], [ -119.653517743792662, 34.456806868308306 ], [ -119.653569216336294, 34.456892854323016 ], [ -119.653680990200471, 34.457021937793357 ], [ -119.6537455674586, 34.457075777636526 ], [ -119.653784265214966, 34.457118809759983 ], [ -119.653844679228854, 34.457136873879584 ], [ -119.653892082480752, 34.457165627219347 ], [ -119.65393051332309, 34.457269455171193 ], [ -119.654068561099791, 34.457319939368951 ], [ -119.654267102140224, 34.457370606893825 ], [ -119.654391904363933, 34.457485423878992 ], [ -119.654503775988843, 34.457593049643044 ], [ -119.654589753376499, 34.457693444235829 ], [ -119.6546626268468, 34.4578259858189 ], [ -119.654644131200385, 34.458101302294587 ], [ -119.65422496749288, 34.458107190778406 ], [ -119.654208834200958, 34.45784607488109 ], [ -119.654148846231536, 34.457731452542554 ], [ -119.654054274299853, 34.457620303107198 ], [ -119.653976782331398, 34.457555695899288 ], [ -119.65388645315565, 34.457462440655142 ], [ -119.653783018682944, 34.457401331404263 ], [ -119.653705432457556, 34.457358181736318 ], [ -119.653632087468026, 34.457332925473565 ], [ -119.653580284104137, 34.457322040261346 ], [ -119.653472435221403, 34.457282375395671 ], [ -119.653351624057052, 34.457242670300005 ], [ -119.653304267268936, 34.457203188316058 ], [ -119.653235480767123, 34.457124301872483 ], [ -119.653218371087007, 34.457084911408046 ], [ -119.653201261424016, 34.457045520939388 ], [ -119.653184215006704, 34.456991824703103 ], [ -119.653175810897352, 34.456938155529322 ], [ -119.653111313187438, 34.456866434953206 ], [ -119.653102830095378, 34.456830646172847 ], [ -119.6529555246874, 34.456919606807666 ], [ -119.652842880881138, 34.456987215167274 ], [ -119.652652825717553, 34.456972333067498 ], [ -119.652812777438342, 34.456954937333002 ], [ -119.65279126774719, 34.456933414104519 ], [ -119.65274384921176, 34.456908236743757 ], [ -119.652636096308953, 34.456847113327605 ], [ -119.652515602968876, 34.456735883006125 ], [ -119.652606214656771, 34.456764768857042 ], [ -119.65270540428763, 34.456807984798388 ], [ -119.652834745985231, 34.456872749171218 ], [ -119.652895174322566, 34.456887237351459 ], [ -119.652972966327042, 34.456883897460322 ], [ -119.653007643981908, 34.456858967987451 ], [ -119.653038079537012, 34.456816145009746 ], [ -119.653064210824866, 34.456769732496412 ], [ -119.653142349394329, 34.456687715271507 ], [ -119.653211705485788, 34.456637857106685 ], [ -119.653259361046281, 34.456609391251867 ], [ -119.653229557851404, 34.456509165612701 ], [ -119.653234304587201, 34.456412620141421 ], [ -119.653243373506029, 34.456316088645771 ], [ -119.653222132541202, 34.456233770450574 ], [ -119.653226801337141, 34.45615510627497 ], [ -119.653222827930037, 34.456076415930553 ], [ -119.653136933104236, 34.455958138829978 ], [ -119.653067942315616, 34.455925743267663 ], [ -119.652999093909955, 34.455861162362488 ], [ -119.652895647507719, 34.455803628662217 ], [ -119.652796410483333, 34.455771141273907 ], [ -119.65265869868071, 34.455645553715378 ], [ -119.652637743465803, 34.455498862933581 ], [ -119.652664206972347, 34.455377349581951 ], [ -119.652690590165932, 34.455273717539932 ], [ -119.652716831934015, 34.455202271707513 ], [ -119.652725852782069, 34.455116468575731 ], [ -119.652734763916627, 34.455055698771169 ], [ -119.652743563165117, 34.455019963193052 ], [ -119.652782845936557, 34.45493067528281 ], [ -119.65291223492477, 34.454914159035212 ], [ -119.653006950142583, 34.454890857698992 ], [ -119.653062880296829, 34.454894089978502 ], [ -119.65309852005926, 34.454869764384611 ], [ -119.653120776309976, 34.454851839368423 ], [ -119.653144497584023, 34.454830549542336 ], [ -119.653178947082907, 34.454790022906721 ], [ -119.653190262535716, 34.454756160197071 ], [ -119.65323074689806, 34.454701049362853 ], [ -119.653314063901661, 34.454681980007592 ], [ -119.653323115472574, 34.45466274442083 ], [ -119.653369886725088, 34.454635293142751 ], [ -119.653391344086202, 34.45460151426407 ], [ -119.653413137271443, 34.454588816013626 ], [ -119.653438725782323, 34.454558837882054 ], [ -119.653455885463558, 34.454538733815667 ], [ -119.653469295744785, 34.454515893453078 ], [ -119.653484048189071, 34.454470169906848 ], [ -119.653470051126774, 34.454415100500547 ], [ -119.65346594329975, 34.454372730587401 ], [ -119.653449766263947, 34.454316277684825 ], [ -119.653412969499698, 34.454217371554947 ], [ -119.653410704839885, 34.45419867481673 ], [ -119.653373155949097, 34.454138204062595 ], [ -119.653352117214141, 34.454096713742395 ], [ -119.653354214223882, 34.45404812241383 ], [ -119.65335429668913, 34.454046213214681 ], [ -119.653354296226112, 34.453991605142889 ], [ -119.653357314369615, 34.45396369343171 ], [ -119.653345830423802, 34.453941103932785 ], [ -119.653322361870735, 34.453915119729274 ], [ -119.653287832757712, 34.453904036113371 ], [ -119.653275422724306, 34.45386411638686 ], [ -119.653275506850733, 34.453834234980619 ], [ -119.653283134545831, 34.453804352978736 ], [ -119.653291783773099, 34.453758869569263 ], [ -119.653292421867661, 34.453742086550122 ], [ -119.653292824561674, 34.453731518665471 ], [ -119.653292605502116, 34.45365863362796 ], [ -119.653291683300139, 34.45362267569665 ], [ -119.65329403047545, 34.453582274380381 ], [ -119.653292422423306, 34.453572430305996 ], [ -119.653280368093533, 34.45352741497188 ], [ -119.653294114299371, 34.45349430658753 ], [ -119.653304340015794, 34.453467526846104 ], [ -119.653320349320438, 34.453437435911312 ], [ -119.653311716212997, 34.453416690584341 ], [ -119.653310238379419, 34.453413596208868 ], [ -119.653301825488072, 34.453395987406324 ], [ -119.653345160770613, 34.453364932083609 ], [ -119.653403150342669, 34.45336431008684 ], [ -119.653413951336134, 34.453350234105379 ], [ -119.653465189223581, 34.453318957545939 ], [ -119.653469967125147, 34.453297834686119 ], [ -119.653481702025829, 34.453275413648448 ], [ -119.653488856445676, 34.453261705093013 ], [ -119.653498800406581, 34.453235347997143 ], [ -119.653523108270335, 34.453196958585991 ], [ -119.653558646554643, 34.453148804474523 ], [ -119.653573399401196, 34.453128813832706 ], [ -119.653585637492682, 34.453073283945457 ], [ -119.653586474856809, 34.453047844559386 ], [ -119.653573986722378, 34.453018214362395 ], [ -119.653574321295608, 34.45298213045222 ], [ -119.653579518659996, 34.452935275869969 ], [ -119.653572225790384, 34.452902921107963 ], [ -119.653588654806143, 34.452882763416966 ], [ -119.65360759769014, 34.452854934972066 ], [ -119.653611033896638, 34.452827484053252 ], [ -119.653619248463457, 34.452806906829025 ], [ -119.653634671532657, 34.452786496480172 ], [ -119.653648250314319, 34.452762398618866 ], [ -119.653661409844119, 34.452737337102668 ], [ -119.653666187402848, 34.452719232037659 ], [ -119.653665684132662, 34.452688218830403 ], [ -119.653673730978667, 34.452655068811048 ], [ -119.653682532165206, 34.452625396650795 ], [ -119.653692254366234, 34.452595724570287 ], [ -119.653699714768479, 34.452571124304079 ], [ -119.65370574251034, 34.452556382351126 ], [ -119.653708180238283, 34.452550420770471 ], [ -119.653729805458482, 34.452523095115225 ], [ -119.653729889480175, 34.452501092972838 ], [ -119.6537351701201, 34.452465931413819 ], [ -119.653724273350633, 34.452429217897055 ], [ -119.65370893512052, 34.452392924384128 ], [ -119.653697535458676, 34.452357679051936 ], [ -119.653690829477256, 34.452322097376602 ], [ -119.653691752272636, 34.4522834569688 ], [ -119.653673479214405, 34.45224489999535 ], [ -119.653656882987136, 34.452218371598597 ], [ -119.653642634218031, 34.452199428632163 ], [ -119.65362486480052, 34.452185640179877 ], [ -119.653601143103202, 34.452158650483973 ], [ -119.653594355621507, 34.45215560312834 ], [ -119.653563424603959, 34.452141718992095 ], [ -119.653529152993812, 34.452135358923911 ], [ -119.653513680291169, 34.452116979937017 ], [ -119.65347825998829, 34.452076139905685 ], [ -119.653475863578265, 34.452072990484879 ], [ -119.653439400110372, 34.452025060052208 ], [ -119.653395280301112, 34.451970669807459 ], [ -119.653347810191036, 34.451923299865463 ], [ -119.653340963297921, 34.451916210834618 ], [ -119.653330661529139, 34.451905545653482 ], [ -119.653316326431266, 34.451897303063838 ], [ -119.653284223640242, 34.451876390245594 ], [ -119.653265280243374, 34.451848184919292 ], [ -119.653232926192914, 34.451819099155159 ], [ -119.653240396452176, 34.451803617265675 ], [ -119.653242146733774, 34.451799988386142 ], [ -119.653244912864395, 34.451749027252383 ], [ -119.653226304997119, 34.451735071290202 ], [ -119.653214821169755, 34.451678786503777 ], [ -119.653205769234745, 34.451616634736418 ], [ -119.65320065588152, 34.451591237673661 ], [ -119.653202584573179, 34.451559554157235 ], [ -119.653218928933939, 34.451540527130682 ], [ -119.653219179901456, 34.451519949227205 ], [ -119.653218425914403, 34.451498659106576 ], [ -119.653209122543871, 34.451476656455 ], [ -119.653207338760822, 34.451468405891639 ], [ -119.653204176626772, 34.451453773994587 ], [ -119.653203840890242, 34.451430221548769 ], [ -119.653191352107214, 34.451406248432647 ], [ -119.653190178773542, 34.451369242569292 ], [ -119.653198225406513, 34.451345270352881 ], [ -119.653183305492362, 34.451331188575082 ], [ -119.653162694509703, 34.451325381584056 ], [ -119.65315162246624, 34.4513222626532 ], [ -119.653156567786894, 34.451281232931279 ], [ -119.653163440449831, 34.451241585941013 ], [ -119.653164110690668, 34.451203490803898 ], [ -119.653164027346904, 34.45117604000945 ], [ -119.653164278642578, 34.451151942360212 ], [ -119.653160087413383, 34.451130735538797 ], [ -119.653148855673123, 34.451109319965809 ], [ -119.653144581788851, 34.451079228839085 ], [ -119.653143072458221, 34.451042139043381 ], [ -119.653148939585151, 34.451006097048449 ], [ -119.653152292741524, 34.450978981054938 ], [ -119.653159564932963, 34.450963715725955 ], [ -119.653155995066214, 34.450951191185716 ], [ -119.653150113284667, 34.450942520004283 ], [ -119.653135863813432, 34.450913224982671 ], [ -119.653122788209942, 34.450874752091345 ], [ -119.653113484574817, 34.450838793907543 ], [ -119.653112662219755, 34.450834456170824 ], [ -119.653111221838799, 34.450834477039763 ], [ -119.653088003523735, 34.450811217522677 ], [ -119.653066377980934, 34.450805182160238 ], [ -119.653094541326794, 34.45081234929512 ], [ -119.653103761852833, 34.45079445411762 ], [ -119.653098061682428, 34.450762434787322 ], [ -119.653085740689093, 34.45071654442048 ], [ -119.653086813220384, 34.450685221433424 ], [ -119.653071589484483, 34.450652969602132 ], [ -119.65305209984956, 34.45060632040412 ], [ -119.653043790114879, 34.450569400125111 ], [ -119.653035709885813, 34.450538189982041 ], [ -119.653030684666646, 34.450518987391817 ], [ -119.65302816028813, 34.4505093396536 ], [ -119.653026297397631, 34.450499784931353 ], [ -119.65301977473375, 34.450490064706251 ], [ -119.653013022617401, 34.45048471958328 ], [ -119.652993623310394, 34.450469361741035 ], [ -119.652983313827065, 34.450433906008172 ], [ -119.652984047630923, 34.450426015394903 ], [ -119.652983229472753, 34.450425901178157 ], [ -119.652960933966995, 34.450421961551243 ], [ -119.652972784296352, 34.450411531945264 ], [ -119.652984736259867, 34.450401013435695 ], [ -119.652986520966621, 34.450399442798485 ], [ -119.652995886031945, 34.450391200768358 ], [ -119.653009541767446, 34.450371069852977 ], [ -119.652999741703539, 34.450367144658117 ], [ -119.652971578470257, 34.450372299297477 ], [ -119.652990019068753, 34.450358511388416 ], [ -119.652936961265169, 34.450316266011718 ], [ -119.652932810227512, 34.450311595587245 ], [ -119.652821060831585, 34.450268990272292 ], [ -119.652801174801724, 34.450279511749464 ], [ -119.652731605163481, 34.45024820527906 ], [ -119.652682822487449, 34.450245606341468 ], [ -119.652607393457473, 34.450150199457973 ], [ -119.652512320621327, 34.450120799744802 ], [ -119.65245884302972, 34.450111000100101 ], [ -119.652357829501781, 34.45007670090817 ], [ -119.652274641436222, 34.450037501429421 ], [ -119.652197395542046, 34.450022802244462 ], [ -119.652073961178118, 34.450024953179884 ], [ -119.652060729970501, 34.449954203627314 ], [ -119.652066671092015, 34.44988560559311 ], [ -119.652102323659818, 34.449846406476588 ], [ -119.652143917506535, 34.449763107838656 ], [ -119.652167685206209, 34.449714109050596 ], [ -119.652262757294579, 34.449645510396202 ], [ -119.652369712971065, 34.449591611528696 ], [ -119.652458843256653, 34.449542611887864 ], [ -119.652536088798712, 34.449493613068135 ], [ -119.65260145071602, 34.449444613294595 ], [ -119.652684163094335, 34.449337092877194 ], [ -119.652672754502063, 34.449282915831446 ], [ -119.652637102800952, 34.449214316843502 ], [ -119.652601451327143, 34.449155517441433 ], [ -119.652589567268592, 34.449121218384761 ], [ -119.65249449508336, 34.449052619315722 ], [ -119.652470727623395, 34.449018319331451 ], [ -119.652417248855883, 34.448949720230452 ], [ -119.652357828792773, 34.448905620549226 ], [ -119.652196504614082, 34.448914099562295 ], [ -119.652292467849151, 34.448837021360966 ], [ -119.652316235242253, 34.448792921849225 ], [ -119.652304351301311, 34.44875372249728 ], [ -119.652286525665374, 34.448714522225814 ], [ -119.652256815420998, 34.448665522306392 ], [ -119.65222710550313, 34.448641022745619 ], [ -119.652173627371084, 34.448587123366899 ], [ -119.652090439738174, 34.448533223831134 ], [ -119.65201913574198, 34.448494024154868 ], [ -119.651922164630165, 34.448462608646821 ], [ -119.651870585879806, 34.448361724524183 ], [ -119.651834933426727, 34.448337224813535 ], [ -119.651775514096826, 34.448283324292269 ], [ -119.651710152081662, 34.448229424589513 ], [ -119.651627708043918, 34.448144766541226 ], [ -119.651490297936888, 34.448141224350273 ], [ -119.651424936293211, 34.448121624470645 ], [ -119.651338072542913, 34.448077231637392 ], [ -119.651413051787657, 34.448067725127977 ], [ -119.651478414391605, 34.448053025024173 ], [ -119.651520008181265, 34.448048125170217 ], [ -119.651588815696812, 34.448025449814004 ], [ -119.651591311983964, 34.447920724549547 ], [ -119.65159725457309, 34.447881524346748 ], [ -119.651502182413992, 34.447749223711526 ], [ -119.651490474083488, 34.447681637871057 ], [ -119.651317018214968, 34.447634601641312 ], [ -119.651069645850725, 34.447559938000843 ], [ -119.650940299752364, 34.447499938770434 ], [ -119.650762000690733, 34.447437405784541 ], [ -119.650701557710406, 34.447427684973057 ], [ -119.650652562109784, 34.4474346876843 ], [ -119.65061488539358, 34.447487025722978 ], [ -119.650570896874385, 34.447663322487344 ], [ -119.650550246661325, 34.447772933182087 ], [ -119.650549949409083, 34.447839689505919 ], [ -119.65054970523677, 34.447894525150929 ], [ -119.650549651702931, 34.447906547649922 ], [ -119.65055118383421, 34.447909624221957 ], [ -119.650555208940318, 34.447944227562687 ], [ -119.650604876759701, 34.448051609834387 ], [ -119.650600451218921, 34.448106941841772 ], [ -119.650596118074361, 34.448141519676469 ], [ -119.650595964069069, 34.448176110258864 ], [ -119.65058728345484, 34.448248724352418 ], [ -119.65059544045738, 34.448293716608347 ], [ -119.650691245347247, 34.448363190924361 ], [ -119.650761976558215, 34.448432587803154 ], [ -119.65076581706856, 34.448508699443863 ], [ -119.650752972804867, 34.448577841456192 ], [ -119.650735841584662, 34.448671185105539 ], [ -119.650706113401355, 34.448778325119022 ], [ -119.650701149032074, 34.448954723590944 ], [ -119.650717387433517, 34.449062003750853 ], [ -119.650779654249121, 34.449155588559158 ], [ -119.650950016761172, 34.44937403025876 ], [ -119.651062030409989, 34.449557702006658 ], [ -119.651095154391285, 34.449626984918631 ], [ -119.651207184111925, 34.449807198056718 ], [ -119.651223637514647, 34.449866052038367 ], [ -119.651223268560656, 34.449949068573765 ], [ -119.651189176815976, 34.450097705013071 ], [ -119.651205277751473, 34.45023611707488 ], [ -119.651250860879969, 34.450322732872436 ], [ -119.651267530708026, 34.450333160830674 ], [ -119.651330060455194, 34.450367941270443 ], [ -119.651321380277821, 34.450440555262368 ], [ -119.651333502035769, 34.45053398697501 ], [ -119.651333240770882, 34.450592790917156 ], [ -119.651366302874834, 34.450675909154718 ], [ -119.651433012213175, 34.45071070314853 ], [ -119.651528942587575, 34.450752503838558 ], [ -119.651629221258759, 34.450756267343969 ], [ -119.651679322213639, 34.450766796912461 ], [ -119.651750072900867, 34.450832734601143 ], [ -119.651762425472597, 34.450874280947374 ], [ -119.651782936013973, 34.450960820244283 ], [ -119.651811943319416, 34.451016253772607 ], [ -119.651961709870648, 34.451168907505014 ], [ -119.651936682257002, 34.451158454260202 ], [ -119.651874151611054, 34.451123674178611 ], [ -119.651815829931465, 34.451081987224306 ], [ -119.651782629042501, 34.451030000317225 ], [ -119.651745233553314, 34.45098146001007 ], [ -119.651707838110354, 34.450932919688441 ], [ -119.651653880196406, 34.450849738024168 ], [ -119.651545489672799, 34.450790603606606 ], [ -119.651470315206026, 34.450779997686958 ], [ -119.651349248767289, 34.450751957004506 ], [ -119.651257513140564, 34.450706709568784 ], [ -119.651253687415064, 34.450627139690745 ], [ -119.651233145711672, 34.450547518007092 ], [ -119.651174779759288, 34.45051620866785 ], [ -119.651145496309567, 34.450523037316216 ], [ -119.65106611321113, 34.450519337044163 ], [ -119.651020636759995, 34.450408507742438 ], [ -119.650925307143069, 34.450231804796033 ], [ -119.650887697134792, 34.45023169016774 ], [ -119.650812092335286, 34.450317936699356 ], [ -119.65082080375474, 34.450238404094286 ], [ -119.650917225597254, 34.450169516939084 ], [ -119.650996978614216, 34.450090201703915 ], [ -119.651009807530599, 34.450024518188712 ], [ -119.65096906560477, 34.449789176740452 ], [ -119.650794598786661, 34.449553428498255 ], [ -119.650699209135752, 34.449390560709794 ], [ -119.650582539942263, 34.44931410498431 ], [ -119.650424299046932, 34.449189095559205 ], [ -119.650311655481275, 34.449147242846657 ], [ -119.650060955324193, 34.449139559327726 ], [ -119.649931395757704, 34.449142621889678 ], [ -119.649730858155905, 34.449131631580308 ], [ -119.649668191129223, 34.449127981448243 ], [ -119.649446960680748, 34.449071959108693 ], [ -119.649191641007818, 34.449057630959921 ], [ -119.649121164027818, 34.449060845615875 ], [ -119.649031195211023, 34.449051629122501 ], [ -119.648735950816416, 34.449053704924737 ], [ -119.648584735784624, 34.449053241076321 ], [ -119.648527142942228, 34.449050083477402 ], [ -119.648275183597733, 34.449034409223479 ], [ -119.647976031735979, 34.449105016029741 ], [ -119.647932827880553, 34.449104883236821 ], [ -119.64782830966962, 34.449128403565226 ], [ -119.647723751258056, 34.449160865417738 ], [ -119.647658985026524, 34.449151725358753 ], [ -119.647612246918527, 34.449136679868019 ], [ -119.647551107536387, 34.449121590944998 ], [ -119.647497208439859, 34.449097582528104 ], [ -119.647194790531714, 34.449093671418161 ], [ -119.646888665330735, 34.449113589728192 ], [ -119.646733674655465, 34.449151855148983 ], [ -119.64653745441916, 34.449261594662573 ], [ -119.646327259306233, 34.449546120060702 ], [ -119.646125336220535, 34.449856743340554 ], [ -119.645992955410648, 34.449982228664716 ], [ -119.646027824358043, 34.450106100585707 ], [ -119.645950561117047, 34.450182113891081 ], [ -119.645875709343571, 34.450294255669164 ], [ -119.645764734091571, 34.45035255957891 ], [ -119.645685564943832, 34.45046673068326 ], [ -119.645619014582095, 34.450529448534333 ], [ -119.645483313399808, 34.450626304512859 ], [ -119.645470762059588, 34.45067600792968 ], [ -119.645466900010391, 34.450819519623117 ], [ -119.645409856641649, 34.450937115610436 ], [ -119.645360391373472, 34.451034687996035 ], [ -119.645364667508744, 34.451051816043183 ], [ -119.645371262001831, 34.45107965106348 ], [ -119.645384561018176, 34.451111215813931 ], [ -119.645400041819244, 34.451155767823707 ], [ -119.645406694981716, 34.451170623414846 ], [ -119.645439955727184, 34.451246754029981 ], [ -119.645471167692904, 34.451280228699716 ], [ -119.645509109358585, 34.45131186970108 ], [ -119.645549299863859, 34.451341663161486 ], [ -119.645560317775946, 34.45138249235535 ], [ -119.64556462167684, 34.451421447185623 ], [ -119.64555999114171, 34.451454810908274 ], [ -119.645539685919573, 34.45148627163735 ], [ -119.645517124578049, 34.451521434352138 ], [ -119.645505772699963, 34.451554777268072 ], [ -119.645485459052509, 34.451588092444503 ], [ -119.645485199369702, 34.451645575302116 ], [ -119.64549168614063, 34.451697517381419 ], [ -119.645533948677993, 34.451764403360244 ], [ -119.64549825560502, 34.451730914855432 ], [ -119.645467068578668, 34.451691877729019 ], [ -119.645460539933381, 34.451649207948314 ], [ -119.645460749372987, 34.451602850049873 ], [ -119.645463199251353, 34.451556499084127 ], [ -119.645479023646132, 34.451525024501855 ], [ -119.64549699523397, 34.451513954108862 ], [ -119.64550390920671, 34.45147132592713 ], [ -119.64549961261784, 34.451430517533844 ], [ -119.645499872293456, 34.451373033762941 ], [ -119.645493294484965, 34.451341489836878 ], [ -119.64543293282253, 34.451313488404217 ], [ -119.645365842621615, 34.451287319692106 ], [ -119.645289666106422, 34.451288938300067 ], [ -119.645249241017609, 34.451311065141809 ], [ -119.645206575473466, 34.451333185029057 ], [ -119.645226855642449, 34.451307286835188 ], [ -119.645262925603987, 34.451257331915919 ], [ -119.64528771903062, 34.451224030641178 ], [ -119.645290152234949, 34.451181388583592 ], [ -119.645274612817218, 34.451149816885966 ], [ -119.645259108032477, 34.451110827344252 ], [ -119.645154499100641, 34.451067448216115 ], [ -119.645086136136896, 34.450993230835188 ], [ -119.644934497019278, 34.451023352696204 ], [ -119.6449059755696, 34.451046872494786 ], [ -119.644791009278492, 34.451078810050099 ], [ -119.644687310728031, 34.451117429941299 ], [ -119.644601744996706, 34.451148788077298 ], [ -119.644481632932994, 34.451231779831588 ], [ -119.64438308032355, 34.451297742511578 ], [ -119.644307022717683, 34.45135262100785 ], [ -119.644230965329356, 34.451391819218159 ], [ -119.644101597697841, 34.45143017951591 ], [ -119.643907721176333, 34.451517254142765 ], [ -119.643831663429069, 34.451556452081491 ], [ -119.643755605523822, 34.451619169863228 ], [ -119.643698562560417, 34.451666207940377 ], [ -119.643641519854143, 34.451721085651727 ], [ -119.643584476748288, 34.451768123667271 ], [ -119.643527432945803, 34.451799482323679 ], [ -119.643452670445612, 34.451858284992021 ], [ -119.643299260331304, 34.451948435652248 ], [ -119.643155330969478, 34.452054176013355 ], [ -119.642997281653692, 34.452164349793563 ], [ -119.642937392749261, 34.452208122886731 ], [ -119.642901741138999, 34.45226692003169 ], [ -119.642866089475334, 34.452325717161912 ], [ -119.642816176839588, 34.452408032939076 ], [ -119.642756721458468, 34.45248038959334 ], [ -119.642709220998029, 34.4525373862351 ], [ -119.642666438428307, 34.45258442318535 ], [ -119.642573743146613, 34.452660858983627 ], [ -119.642530961079729, 34.452702017038277 ], [ -119.6424382658643, 34.452843128978422 ], [ -119.642424004744626, 34.452866647580223 ], [ -119.642390012240938, 34.452929365931972 ], [ -119.642395483141996, 34.453013639474683 ], [ -119.642374092361408, 34.453054796655621 ], [ -119.642331309640255, 34.453137111898272 ], [ -119.642267136829091, 34.453195908040506 ], [ -119.642210092916059, 34.453242945306457 ], [ -119.64209371197451, 34.453237987862195 ], [ -119.642024703299214, 34.45325470406236 ], [ -119.641974790454128, 34.453225306158039 ], [ -119.641917746823538, 34.453213546784902 ], [ -119.641846442940846, 34.453225305908262 ], [ -119.641732703598279, 34.453206669404025 ], [ -119.641645402171733, 34.453266424622321 ], [ -119.641725226856593, 34.453113592937527 ], [ -119.641882095048359, 34.452972481313552 ], [ -119.641976701518729, 34.452938628605366 ], [ -119.642124528987523, 34.452819610616253 ], [ -119.642195832595334, 34.452731415568714 ], [ -119.642299906954804, 34.452629001470697 ], [ -119.642331309581465, 34.452555024680663 ], [ -119.642359831506198, 34.452519746969678 ], [ -119.642395482971565, 34.452466829750023 ], [ -119.642475004605089, 34.452398415196186 ], [ -119.642509569624352, 34.45233159671993 ], [ -119.642559482968409, 34.452255160816605 ], [ -119.642652177993213, 34.452166964607819 ], [ -119.642659869424236, 34.452058670618406 ], [ -119.642765495592514, 34.451993612810597 ], [ -119.642804291339303, 34.451969717401468 ], [ -119.642871436954309, 34.451889637816706 ], [ -119.642903524097179, 34.451851419927017 ], [ -119.642918911260367, 34.451814112352508 ], [ -119.64294630644973, 34.451780862963446 ], [ -119.642971262125542, 34.451748524194663 ], [ -119.643021175443749, 34.451695606140518 ], [ -119.643082777511367, 34.451646557811266 ], [ -119.643081783488682, 34.451572131963864 ], [ -119.643078218700794, 34.451545673249164 ], [ -119.643085348780133, 34.451510394444284 ], [ -119.643092824625768, 34.451465154932613 ], [ -119.643076565765881, 34.451452638299052 ], [ -119.643049890054016, 34.451432101752282 ], [ -119.643074653739532, 34.451375160216557 ], [ -119.643084118475429, 34.451345019607864 ], [ -119.643089963774599, 34.451233892063975 ], [ -119.643115096520589, 34.451126419138348 ], [ -119.643245578312929, 34.451006293861404 ], [ -119.643292884130489, 34.450948957490958 ], [ -119.643324458553778, 34.450902697234781 ], [ -119.643322411976982, 34.450860041252135 ], [ -119.643306864985561, 34.450830323738792 ], [ -119.643304742566613, 34.450804356103959 ], [ -119.643305324124043, 34.450676409068187 ], [ -119.643309965089344, 34.450641190952616 ], [ -119.643361650341546, 34.450606119325641 ], [ -119.643426675817025, 34.450593341259818 ], [ -119.64347146392781, 34.450597189657167 ], [ -119.643478125102817, 34.450610190906644 ], [ -119.643482403745836, 34.450654708332351 ], [ -119.643482277384891, 34.450682522554928 ], [ -119.643482176294398, 34.450704774292831 ], [ -119.643473079846871, 34.450734415081087 ], [ -119.643468440037921, 34.450769633203421 ], [ -119.6434660901011, 34.450793732427073 ], [ -119.643454779580495, 34.450817803757516 ], [ -119.64344568419817, 34.450847444543669 ], [ -119.643423255822, 34.450852938186415 ], [ -119.643398571262694, 34.450862132874626 ], [ -119.643373852991829, 34.450878744501722 ], [ -119.643362483440569, 34.450915796148799 ], [ -119.643362373888124, 34.450939902342739 ], [ -119.643402664501281, 34.450947444835158 ], [ -119.64344308149758, 34.450927173098421 ], [ -119.64346103638897, 34.450919811039697 ], [ -119.643494825846815, 34.450879121093166 ], [ -119.643508461017518, 34.450836513921452 ], [ -119.643526685420667, 34.450769814490926 ], [ -119.643533642512466, 34.450717914989688 ], [ -119.64353385308786, 34.450671557052225 ], [ -119.643545214099433, 34.450636359840864 ], [ -119.643556322423294, 34.45065679287692 ], [ -119.643576291348325, 34.450699504635537 ], [ -119.643571667344702, 34.450731013836766 ], [ -119.643562538328709, 34.450768071579731 ], [ -119.643544354980804, 34.450825499606715 ], [ -119.643530829332207, 34.450844000587324 ], [ -119.64351501271338, 34.450873621361318 ], [ -119.643490168100939, 34.450918048130482 ], [ -119.643449734274284, 34.450942027905398 ], [ -119.643402656074471, 34.45094929929644 ], [ -119.643333098893962, 34.450973188356123 ], [ -119.643254420900661, 34.451032282422993 ], [ -119.643220514313498, 34.451098932946813 ], [ -119.643193445899428, 34.451139643741328 ], [ -119.643170536821813, 34.451250832583732 ], [ -119.643170317602056, 34.451299044053592 ], [ -119.643185270178435, 34.451357024873019 ], [ -119.643210016641945, 34.451358678003395 ], [ -119.643259604255562, 34.451361990850707 ], [ -119.64329672395391, 34.451364470970631 ], [ -119.643381260499027, 34.451348700733398 ], [ -119.64338603427602, 34.451348701178567 ], [ -119.643376395686502, 34.451305249326154 ], [ -119.643383377118298, 34.451247786476173 ], [ -119.643388136050447, 34.451186608630138 ], [ -119.643440015407066, 34.451108887991161 ], [ -119.643509774845811, 34.451040494508959 ], [ -119.643581655588633, 34.45099806860177 ], [ -119.643624430880749, 34.450951843119142 ], [ -119.643653840468914, 34.450888887451896 ], [ -119.643645350327787, 34.450785018741897 ], [ -119.643634351427224, 34.450740480419881 ], [ -119.643614341444049, 34.450707040083714 ], [ -119.643585411931511, 34.450664300449581 ], [ -119.643563220532926, 34.450617872798752 ], [ -119.643529835526579, 34.450569556718236 ], [ -119.643509758245955, 34.450550950251554 ], [ -119.643438331743553, 34.450493244194732 ], [ -119.643487548986059, 34.450508231501502 ], [ -119.643585816175772, 34.450575293490935 ], [ -119.643612479978245, 34.450623589543234 ], [ -119.643648112804343, 34.450670058102311 ], [ -119.643690433237452, 34.450723965403355 ], [ -119.643705879321857, 34.450775935505341 ], [ -119.643710157014468, 34.450820452911898 ], [ -119.6437166509657, 34.450870539771721 ], [ -119.643693979533751, 34.450929808343204 ], [ -119.643682634298159, 34.450961296633338 ], [ -119.643601624614305, 34.451040780341557 ], [ -119.643475766290422, 34.451129396833018 ], [ -119.643455419281665, 34.451170128609036 ], [ -119.643450710949054, 34.451220181496844 ], [ -119.643448276743996, 34.451262823513659 ], [ -119.643448057694741, 34.45131103498349 ], [ -119.64345686777439, 34.45134444046591 ], [ -119.643456848417685, 34.451348700859 ], [ -119.643459694178631, 34.451348700706241 ], [ -119.643519558308242, 34.451354029675791 ], [ -119.643566649845354, 34.451369279750701 ], [ -119.643612997880965, 34.451386919041276 ], [ -119.643680737105669, 34.451392798677816 ], [ -119.643757939351588, 34.451393802057638 ], [ -119.643784127693053, 34.451354580643603 ], [ -119.64387682266792, 34.451298722450339 ], [ -119.643930300444438, 34.45124580514954 ], [ -119.644005168937269, 34.451207586550424 ], [ -119.644059771021503, 34.45115709756972 ], [ -119.644087168829557, 34.451101749943739 ], [ -119.644101429938857, 34.451069411018345 ], [ -119.644122821151356, 34.45100767385788 ], [ -119.64413351606305, 34.450972394332076 ], [ -119.644130124768822, 34.450917207839574 ], [ -119.644278474372356, 34.450833464292053 ], [ -119.644497987009757, 34.450700630808925 ], [ -119.644694412591576, 34.450577261741344 ], [ -119.645063744368699, 34.450435355325098 ], [ -119.645089864537724, 34.450422306162437 ], [ -119.645138411849388, 34.450367867220436 ], [ -119.645174146303546, 34.45028705536749 ], [ -119.64516243197221, 34.450257310315116 ], [ -119.645194518473971, 34.450204391884149 ], [ -119.645208779142607, 34.450183812305845 ], [ -119.645226606021055, 34.450151473444862 ], [ -119.645269388326341, 34.45011325371717 ], [ -119.64530994645655, 34.450081304231929 ], [ -119.645310442490697, 34.450077054320694 ], [ -119.645358517664306, 34.450042695993119 ], [ -119.645379908905184, 34.44999271715335 ], [ -119.645390604849467, 34.44996331723776 ], [ -119.645406743630573, 34.449926046734667 ], [ -119.645388696236751, 34.449870130906731 ], [ -119.645435187203759, 34.449826150964114 ], [ -119.645467007189708, 34.449754553351127 ], [ -119.645447648029844, 34.449707542762113 ], [ -119.645440516810666, 34.449672263758224 ], [ -119.645435828969823, 34.449629411256133 ], [ -119.645458343717323, 34.449563485264846 ], [ -119.645486865110016, 34.449516446255338 ], [ -119.645515386468531, 34.449469407236577 ], [ -119.645547472639677, 34.449428248188021 ], [ -119.645576476686088, 34.449406410263087 ], [ -119.645621723598637, 34.449340351815138 ], [ -119.64564204519661, 34.449293802823355 ], [ -119.645679932801116, 34.449207016704712 ], [ -119.645645756793343, 34.449121079963689 ], [ -119.645647428809994, 34.449100372152039 ], [ -119.645650864004466, 34.449057813297188 ], [ -119.645674891556993, 34.448995031385564 ], [ -119.645693628957957, 34.448996252686008 ], [ -119.645798496155777, 34.449003089376738 ], [ -119.645819263058257, 34.448969028440793 ], [ -119.645831086211217, 34.448902306930961 ], [ -119.645831301406602, 34.448854623387 ], [ -119.64583160267658, 34.4487878671424 ], [ -119.645825437522419, 34.448729310853992 ], [ -119.645854253379753, 34.448690721465823 ], [ -119.645893297140915, 34.448681496734864 ], [ -119.645939645136011, 34.448652097013536 ], [ -119.645951735004203, 34.448623708761779 ], [ -119.645943210145106, 34.448575657566622 ], [ -119.645932514747159, 34.448555077313813 ], [ -119.64591112335863, 34.44852273780284 ], [ -119.645896862056574, 34.4484962775688 ], [ -119.645864775405968, 34.448458057654662 ], [ -119.645836253542782, 34.448411017839042 ], [ -119.645821993370788, 34.448384558497345 ], [ -119.645795077247939, 34.448343795384844 ], [ -119.645808875185097, 34.448306477878937 ], [ -119.645896862661758, 34.448281658425088 ], [ -119.645943210019581, 34.448258138456985 ], [ -119.645975296656673, 34.448231678211535 ], [ -119.646021644059019, 34.448222858981744 ], [ -119.646100681554159, 34.44820486467988 ], [ -119.64615355622206, 34.448172879004282 ], [ -119.646199903819308, 34.448143479162816 ], [ -119.646256947081412, 34.448096438788653 ], [ -119.646289033920581, 34.44806409868373 ], [ -119.646310425245233, 34.448046458754639 ], [ -119.646353730544732, 34.44802008530597 ], [ -119.646356772935832, 34.447978838997145 ], [ -119.646367467685479, 34.447958259034635 ], [ -119.646378163721124, 34.447917098530368 ], [ -119.64640668579807, 34.447840658570058 ], [ -119.646442336950798, 34.447784798623417 ], [ -119.646449467360057, 34.447714238158859 ], [ -119.64644590234667, 34.447658377893156 ], [ -119.646445902896247, 34.447614277359648 ], [ -119.646440819349664, 34.447576766298525 ], [ -119.646442337715428, 34.447508436776353 ], [ -119.646418402685271, 34.447445090234979 ], [ -119.646437060811408, 34.447378289640859 ], [ -119.646417935775901, 34.447322082151381 ], [ -119.646460618550549, 34.447263920804822 ], [ -119.646595640948945, 34.44723501433424 ], [ -119.646620596629191, 34.447226194628982 ], [ -119.646684771035666, 34.447205613808492 ], [ -119.646734683612749, 34.447185034019576 ], [ -119.646802665809062, 34.447173178656421 ], [ -119.646827378094272, 34.447129173228603 ], [ -119.646866595807921, 34.447076252733396 ], [ -119.646877291389401, 34.447055672708174 ], [ -119.646891552534512, 34.447008631623042 ], [ -119.646909378227747, 34.446952771497955 ], [ -119.646916910372411, 34.446891044014151 ], [ -119.64691294304329, 34.446861630203713 ], [ -119.64691294333042, 34.446817529635503 ], [ -119.646902248114515, 34.446735207735657 ], [ -119.646877291411911, 34.446688167375726 ], [ -119.646828817226137, 34.44662093619457 ], [ -119.646802422579952, 34.446547044451499 ], [ -119.646798856681457, 34.446541164490945 ], [ -119.646802422176179, 34.446497064089641 ], [ -119.646816682936986, 34.446417681955573 ], [ -119.646838074278023, 34.446370641207878 ], [ -119.646863030988101, 34.446338300530712 ], [ -119.64690581325452, 34.446288319597826 ], [ -119.646952160539001, 34.446200118005542 ], [ -119.646966421483725, 34.446153076871227 ], [ -119.646964727878867, 34.446123742138866 ], [ -119.646962256678407, 34.446080932428032 ], [ -119.646932024445121, 34.446011963355865 ], [ -119.646876021584845, 34.445976027219608 ], [ -119.646815522288662, 34.445979417201649 ], [ -119.646651222759544, 34.446007520857556 ], [ -119.646469625918854, 34.446039147414787 ], [ -119.646348835601231, 34.445999435393858 ], [ -119.646271473193437, 34.445909788677405 ], [ -119.646062215395801, 34.445369118627752 ], [ -119.645994156327163, 34.445132871637568 ], [ -119.645935318363669, 34.444767905987945 ], [ -119.645824123420113, 34.444517220158062 ], [ -119.645640082333131, 34.444133985103015 ], [ -119.645632346817521, 34.443933686887959 ], [ -119.645641664766543, 34.443783510207233 ], [ -119.645599593192344, 34.443533037759224 ], [ -119.645502265745691, 34.443082120663526 ], [ -119.645458604623542, 34.442851409104449 ] ], [ [ -119.648794056559879, 34.445958965286486 ], [ -119.648830835274723, 34.446121291495793 ], [ -119.648798575419534, 34.446191003803904 ], [ -119.64879713926706, 34.446268184448222 ], [ -119.648751038954913, 34.446323306684796 ], [ -119.648689013193348, 34.446385321344103 ], [ -119.6486691473674, 34.446473373265889 ], [ -119.648745097922443, 34.446475209303657 ], [ -119.648786691827681, 34.446480109164717 ], [ -119.648899589095024, 34.446504609700845 ], [ -119.648947125657941, 34.44650950969811 ], [ -119.649036254933634, 34.446524210607656 ], [ -119.649127973936146, 34.446549397548786 ], [ -119.649071907288388, 34.446607511706986 ], [ -119.648982777403774, 34.44664671282947 ], [ -119.648857995123365, 34.446676113089026 ], [ -119.648798575817466, 34.446690812818794 ], [ -119.648727271670936, 34.446690813122856 ], [ -119.648626257555065, 34.446690813252452 ], [ -119.648572780091513, 34.446695713444832 ], [ -119.648490780261483, 34.446705970616378 ], [ -119.648382635678658, 34.446793714549749 ], [ -119.648341041611857, 34.44681821522272 ], [ -119.64824544301419, 34.446846409509952 ], [ -119.648127129912282, 34.446926016432997 ], [ -119.648061767684808, 34.446965217756649 ], [ -119.647995550151379, 34.4469992332006 ], [ -119.648182069288438, 34.447154780007523 ], [ -119.648297118619013, 34.447190895888525 ], [ -119.648115245822495, 34.447190620212702 ], [ -119.648055825908003, 34.44718082004384 ], [ -119.647990463736676, 34.44716121998124 ], [ -119.647936986751944, 34.447146519731035 ], [ -119.647877566233532, 34.447126918943376 ], [ -119.647798686991706, 34.447112409962116 ], [ -119.647758726524643, 34.447180819551079 ], [ -119.647806262981916, 34.447318021666057 ], [ -119.64781220437213, 34.447371922079576 ], [ -119.647799777416637, 34.44744408115907 ], [ -119.64772307463906, 34.447494423018831 ], [ -119.647645828951411, 34.447523823059008 ], [ -119.647580466917859, 34.447543423048067 ], [ -119.647541110983965, 34.44758548400835 ], [ -119.647485394996849, 34.447665923521548 ], [ -119.647467569298982, 34.447749224425841 ], [ -119.647449743070453, 34.447798224409517 ], [ -119.647443800366773, 34.447886424287304 ], [ -119.647437858851319, 34.447950124673362 ], [ -119.64742003316104, 34.44800892515994 ], [ -119.647427788233927, 34.448057678570962 ], [ -119.647265540569833, 34.448087324877363 ], [ -119.647171553743988, 34.448142796314826 ], [ -119.647158585037516, 34.448234324845956 ], [ -119.647342787234493, 34.448268624447074 ], [ -119.647402207399281, 34.448288224585617 ], [ -119.647443800613829, 34.448302924532179 ], [ -119.647491066965301, 34.448360933226489 ], [ -119.647392416585319, 34.448358923758235 ], [ -119.647324961104175, 34.448376423855876 ], [ -119.647253657092364, 34.448386224660631 ], [ -119.647206120654019, 34.4484009240958 ], [ -119.647063513135905, 34.448449924345248 ], [ -119.64696577779722, 34.448470990342805 ], [ -119.646897137828404, 34.448533223218611 ], [ -119.646879311338409, 34.448577323722397 ], [ -119.646861485369129, 34.448631222930672 ], [ -119.646861485315995, 34.448690022382145 ], [ -119.646855543565906, 34.448729222317901 ], [ -119.646837717566825, 34.448763522300126 ], [ -119.646831775825802, 34.448783122116886 ], [ -119.6467882489396, 34.448882374379266 ], [ -119.646748588196601, 34.448920320493315 ], [ -119.646724819187369, 34.448993819466686 ], [ -119.646700573412659, 34.449016031911285 ], [ -119.646734278347211, 34.449017746161282 ], [ -119.646817140654022, 34.449006079976819 ], [ -119.646971956717564, 34.449006557258336 ], [ -119.647087154534006, 34.449009893147327 ], [ -119.647285269258418, 34.448989641740575 ], [ -119.647573298888034, 34.448990528360923 ], [ -119.64761171346737, 34.448992918260942 ], [ -119.647702719557103, 34.448815641980254 ], [ -119.647835459358021, 34.448761213844662 ], [ -119.647936429438943, 34.448725760867674 ], [ -119.648074843221409, 34.448690423757419 ], [ -119.648213203443433, 34.448667007143136 ], [ -119.648507088924404, 34.448646451192552 ], [ -119.648861811528363, 34.448547403001712 ], [ -119.648991605641541, 34.448507268760125 ], [ -119.649118636423353, 34.448440900798616 ], [ -119.649216884912974, 34.448369675853051 ], [ -119.649300637288931, 34.448319863751443 ], [ -119.649346902257889, 34.448279474211354 ], [ -119.64969608583786, 34.448130337867845 ], [ -119.650042748042594, 34.447900130331 ], [ -119.650239232278423, 34.447760062106717 ], [ -119.650352104078053, 34.447638813094962 ], [ -119.650398686731506, 34.447526897230318 ], [ -119.6503852522616, 34.447309894011518 ], [ -119.650362826145439, 34.447171541417191 ], [ -119.65028603810083, 34.446951960343263 ], [ -119.650309780234991, 34.446794675649762 ], [ -119.650500958099656, 34.446552069865163 ], [ -119.650665639440646, 34.446438130643678 ], [ -119.650795629613441, 34.446352695819414 ], [ -119.650844827153037, 34.446300392786661 ], [ -119.650874110897988, 34.446287521312463 ], [ -119.650865374022899, 34.446276230737652 ], [ -119.650841234071606, 34.446254312308902 ], [ -119.65081902251201, 34.44621931735999 ], [ -119.650806785183548, 34.446193249528839 ], [ -119.650783651222824, 34.446161524609998 ], [ -119.650753643108402, 34.446133654421963 ], [ -119.650738388818795, 34.446099875546921 ], [ -119.650727072788399, 34.446059307058256 ], [ -119.650700334588606, 34.446027581940143 ], [ -119.650686405655705, 34.446000782632709 ], [ -119.650585502684848, 34.445965261946419 ], [ -119.650426078805538, 34.44593627768193 ], [ -119.650410549623217, 34.445940301523663 ], [ -119.650343493294073, 34.445872496025203 ], [ -119.650317029891312, 34.445828009146943 ], [ -119.650325668092734, 34.445754892848996 ], [ -119.650319725044795, 34.445705890945625 ], [ -119.650319725656701, 34.445656890065237 ], [ -119.650319725122074, 34.445612788546676 ], [ -119.650301607630979, 34.445545412654063 ], [ -119.65029001547471, 34.445451083569601 ], [ -119.650254363188708, 34.445387381133116 ], [ -119.650200353394467, 34.445308246868677 ], [ -119.650189001464554, 34.445250176703233 ], [ -119.650135524148553, 34.44517177392764 ], [ -119.650099872039107, 34.445112971696418 ], [ -119.650058277848387, 34.445029668860542 ], [ -119.650015952073673, 34.444956164310916 ], [ -119.650056436729315, 34.444879847195082 ], [ -119.650111755631698, 34.44477975976455 ], [ -119.650129581989177, 34.444711157234281 ], [ -119.650125671964517, 34.444632749025637 ], [ -119.650175291577753, 34.444541050650265 ], [ -119.650085940801731, 34.444476384780124 ], [ -119.650171175656439, 34.444373042830208 ], [ -119.650189001522875, 34.444328940736305 ], [ -119.650206827714555, 34.444260337262115 ], [ -119.65021276956881, 34.444226035458961 ], [ -119.650218711550579, 34.44418193400444 ], [ -119.650254364079601, 34.444103530335447 ], [ -119.650290015640323, 34.444010425817112 ], [ -119.650319725644877, 34.443927121714957 ], [ -119.650331609736483, 34.443902620569133 ], [ -119.650376289424898, 34.443825194179695 ], [ -119.650361319161476, 34.443770313669823 ], [ -119.650361320052468, 34.443696809504225 ], [ -119.650317029193388, 34.44359242937648 ], [ -119.650218712106437, 34.443672308805112 ], [ -119.650171175907758, 34.443755612520377 ], [ -119.65011769732314, 34.443829116424226 ], [ -119.650087988000408, 34.443927121315781 ], [ -119.650052336316492, 34.444015325502733 ], [ -119.65000479964786, 34.444103530297532 ], [ -119.64996914804199, 34.444177033616583 ], [ -119.64993943748496, 34.44426523788232 ], [ -119.649880017601802, 34.44436324197622 ], [ -119.649838424558183, 34.444426944546287 ], [ -119.649802771934048, 34.44448084759167 ], [ -119.649755236281734, 34.444544549976023 ], [ -119.649721412707223, 34.444616907150049 ], [ -119.64970770023217, 34.444730757370195 ], [ -119.649707700022091, 34.444794460017683 ], [ -119.649669695962075, 34.444899544644841 ], [ -119.649618570547247, 34.444975766894039 ], [ -119.649565092356923, 34.445019868825966 ], [ -119.64953538213642, 34.445059070201765 ], [ -119.649463835785014, 34.445096813483332 ], [ -119.649392775155931, 34.44517177431478 ], [ -119.649333354417777, 34.445206075419627 ], [ -119.649272141885092, 34.445262774560405 ], [ -119.649267992900334, 34.445338379931272 ], [ -119.649232341265858, 34.445406981763774 ], [ -119.649201398131211, 34.445497887110406 ], [ -119.649161037004021, 34.445573586994634 ], [ -119.649132080473137, 34.445618208964994 ], [ -119.64892169485735, 34.445664896275211 ], [ -119.648946505610382, 34.445760827634281 ], [ -119.648902884811861, 34.445821699468738 ], [ -119.64885611298368, 34.445855455157371 ], [ -119.648794056559879, 34.445958965286486 ] ], [ [ -119.650785244484766, 34.447392176736415 ], [ -119.650949088370112, 34.447466586478455 ], [ -119.651138898717264, 34.447531538581657 ], [ -119.651291317981887, 34.447584454790892 ], [ -119.65141798527344, 34.447599145555571 ], [ -119.651472471622355, 34.447626756603981 ], [ -119.651472472713223, 34.447563023504145 ], [ -119.65147841417992, 34.447494422634911 ], [ -119.651478414033363, 34.447430721963087 ], [ -119.651490998801293, 34.447335745856194 ], [ -119.651514066492211, 34.447254321055929 ], [ -119.651520007830442, 34.4471612197597 ], [ -119.651495944646385, 34.447100339329594 ], [ -119.651442762552961, 34.447048518393949 ], [ -119.651413052416871, 34.447024017678416 ], [ -119.651353632201364, 34.446984817647561 ], [ -119.651312038957201, 34.446955417414479 ], [ -119.651230740702346, 34.446901646365035 ], [ -119.651193198860994, 34.446828015485565 ], [ -119.651163488910186, 34.446788814812557 ], [ -119.651139720529613, 34.446759414731766 ], [ -119.651104069036535, 34.44673491385371 ], [ -119.651098126526364, 34.446681012679278 ], [ -119.651139720790184, 34.446632012390367 ], [ -119.651145662429229, 34.44658791189385 ], [ -119.651133778574248, 34.446431108690739 ], [ -119.651127837059363, 34.446421308085775 ], [ -119.651092184631054, 34.446396808093603 ], [ -119.651026822501137, 34.446338006727565 ], [ -119.651003055323514, 34.446328206768257 ], [ -119.650943634644008, 34.446313506018448 ], [ -119.650938569085895, 34.446312359680491 ], [ -119.650876254523396, 34.446357709413107 ], [ -119.650792251722265, 34.446464742808544 ], [ -119.650748740538234, 34.446533751803322 ], [ -119.650731151634062, 34.446602840731174 ], [ -119.650687799499622, 34.446636086724659 ], [ -119.650615603186225, 34.446678783017639 ], [ -119.650514403373521, 34.446766689816506 ], [ -119.650496952245447, 34.446804783463961 ], [ -119.650479490481402, 34.446845261424983 ], [ -119.650476312774003, 34.446912009920901 ], [ -119.650470254668122, 34.446978748721101 ], [ -119.650469978585193, 34.447040737364048 ], [ -119.650486909495797, 34.447119468058077 ], [ -119.650547001875452, 34.447207866936125 ], [ -119.650673296987321, 34.447306004204684 ], [ -119.650785244484766, 34.447392176736415 ] ], [ [ -119.649401361753476, 34.448397108293385 ], [ -119.649393841089008, 34.448468611157296 ], [ -119.649414977416598, 34.44857298424138 ], [ -119.649414498128465, 34.448680272032121 ], [ -119.649385176439154, 34.448796412368971 ], [ -119.649344865937834, 34.448954242380928 ], [ -119.64932601926283, 34.448981607352231 ], [ -119.649326175817748, 34.448981653788351 ], [ -119.6495516160102, 34.449030770502404 ], [ -119.64972285595401, 34.44905204875009 ], [ -119.649990254953138, 34.449063243413761 ], [ -119.65024095377089, 34.449070927084648 ], [ -119.650449741821291, 34.449106155485815 ], [ -119.650620503698519, 34.44923466245217 ], [ -119.650724451549095, 34.449352588206878 ], [ -119.65088673397419, 34.449508741148499 ], [ -119.65089936285186, 34.449488025217526 ], [ -119.650828661351511, 34.449411709847297 ], [ -119.650762153495705, 34.449331948743811 ], [ -119.650724867212716, 34.449259194550827 ], [ -119.650691914160959, 34.449151862537889 ], [ -119.650663216286745, 34.449027248421558 ], [ -119.650651203347707, 34.448909603019381 ], [ -119.650651680689791, 34.448802372918202 ], [ -119.650689890471696, 34.44866758560056 ], [ -119.650702734809698, 34.448598442700394 ], [ -119.650711322983426, 34.448546582784829 ], [ -119.650719881441788, 34.448501641524125 ], [ -119.650711677075719, 34.448467025463472 ], [ -119.650665849261102, 34.448435754030676 ], [ -119.650615857728582, 34.448401010502749 ], [ -119.650557569539643, 34.448352405941996 ], [ -119.650545156394699, 34.448324694872241 ], [ -119.650528719228717, 34.448262381375194 ], [ -119.650520638200462, 34.448200093369024 ], [ -119.650520761428893, 34.448172421444625 ], [ -119.650512727717071, 34.448099756350565 ], [ -119.650533729058481, 34.448075606602508 ], [ -119.650563057853802, 34.448058401008332 ], [ -119.650533975509646, 34.44802026184491 ], [ -119.650509010704496, 34.447995972741253 ], [ -119.650488286672797, 34.447957859067735 ], [ -119.650488456127505, 34.447919810049662 ], [ -119.650492940049219, 34.447868739582404 ], [ -119.650478017378092, 34.447822780484067 ], [ -119.650460799612333, 34.447808422754839 ], [ -119.650469811457754, 34.447725003489623 ], [ -119.650499124268364, 34.447610650541591 ], [ -119.650496360643359, 34.447584416080169 ], [ -119.650403863431819, 34.447658044074892 ], [ -119.65033136858591, 34.447767496473922 ], [ -119.650261945220961, 34.447834041739497 ], [ -119.650195391537466, 34.447902980972003 ], [ -119.649895046436129, 34.448080878525985 ], [ -119.649681332432948, 34.448208971688004 ], [ -119.649450325490051, 34.448339395858007 ], [ -119.649408693809576, 34.448365872008523 ], [ -119.649401361753476, 34.448397108293385 ] ], [ [ -119.649318114278771, 34.448495201868951 ], [ -119.649290122830209, 34.448418894576236 ], [ -119.649190600702781, 34.448450657722816 ], [ -119.649049200771898, 34.448509829598351 ], [ -119.648896257472515, 34.448573734603691 ], [ -119.648483864805357, 34.448686911096154 ], [ -119.648195772152775, 34.448700331742451 ], [ -119.648017023429674, 34.448737930298719 ], [ -119.647867003191578, 34.448792305519596 ], [ -119.647820736070088, 34.448832694437989 ], [ -119.647793286058317, 34.448858717082743 ], [ -119.647811564443856, 34.448848208637258 ], [ -119.647833140096253, 34.448854235841779 ], [ -119.647880011801007, 34.448839478240025 ], [ -119.647937591094333, 34.448845616105224 ], [ -119.648099606922614, 34.448846113993994 ], [ -119.648200404405813, 34.448849403619057 ], [ -119.648153292250313, 34.448917804779995 ], [ -119.648156785397617, 34.448941658062481 ], [ -119.648167479725245, 34.44896553256384 ], [ -119.648228632461667, 34.448977641220267 ], [ -119.648279037422839, 34.448977796015356 ], [ -119.648343911504071, 34.448963094407006 ], [ -119.648344045046628, 34.448933292303749 ], [ -119.648347885464204, 34.448879659027931 ], [ -119.648398530700064, 34.448826170339807 ], [ -119.648438307925289, 34.448787549077132 ], [ -119.648488726112276, 34.448784723839474 ], [ -119.648549799766712, 34.448814713774794 ], [ -119.648618139174985, 34.448829824258226 ], [ -119.648654196175855, 34.448818014043681 ], [ -119.648682973045936, 34.448824063178023 ], [ -119.648690026367845, 34.448856867309765 ], [ -119.648704267519591, 34.448892674368231 ], [ -119.648740071094423, 34.448937487495854 ], [ -119.648912689427732, 34.448982720967869 ], [ -119.649114322619738, 34.448980357969646 ], [ -119.64921885356793, 34.448953856524348 ], [ -119.649262298182265, 34.44890034450593 ], [ -119.649288526153541, 34.448670945528157 ], [ -119.64930323366913, 34.44860244467246 ], [ -119.649317874570926, 34.44854884531901 ], [ -119.649318114278771, 34.448495201868951 ] ], [ [ -119.645130995371062, 34.435624953317173 ], [ -119.645028384571546, 34.435531092197138 ], [ -119.645006188534467, 34.435594986157206 ], [ -119.64498123265237, 34.435636152387566 ], [ -119.644952711481764, 34.435671437628415 ], [ -119.644910702071584, 34.435709416853264 ], [ -119.644895667492833, 34.435747888822014 ], [ -119.644888537940545, 34.435777292949858 ], [ -119.644849200368867, 34.435794389654198 ], [ -119.644869089766402, 34.43582055962861 ], [ -119.644890119769755, 34.435837849846621 ], [ -119.644901759585437, 34.435868170045026 ], [ -119.644916229658037, 34.435899629928969 ], [ -119.644928540152208, 34.435917640133681 ], [ -119.644945320274147, 34.435931939846022 ], [ -119.644960460106219, 34.435946000177672 ], [ -119.644972380481107, 34.435973740413964 ], [ -119.644980580321374, 34.436008509601869 ], [ -119.644997439994938, 34.436032180347816 ], [ -119.644999970360985, 34.436057270097606 ], [ -119.645006440501263, 34.436089189969117 ], [ -119.645015779890727, 34.436121089897497 ], [ -119.645046899706628, 34.436151910204565 ], [ -119.645066010229087, 34.436173199933322 ], [ -119.645074120347815, 34.436198939561123 ], [ -119.6450897486461, 34.436222940789548 ], [ -119.64510035908819, 34.436223373772251 ], [ -119.645121446946007, 34.436219236278802 ], [ -119.645121539934408, 34.436198669299699 ], [ -119.64512515046593, 34.436158915661998 ], [ -119.645139257595702, 34.436073749931275 ], [ -119.64519448330789, 34.436000072977428 ], [ -119.645239545078411, 34.435897961050657 ], [ -119.645302118680888, 34.435716374553479 ], [ -119.645291942015589, 34.435690779917735 ], [ -119.645233774794917, 34.435656515578863 ], [ -119.645130995371062, 34.435624953317173 ] ], [ [ -119.642621538172008, 34.41807646127458 ], [ -119.642621660265164, 34.418049639196148 ], [ -119.642668500995455, 34.41803786330653 ], [ -119.642733118919594, 34.418073829449497 ], [ -119.64274039862984, 34.418055969925675 ], [ -119.642751927899937, 34.417895067526885 ], [ -119.642871220777479, 34.417779206018892 ], [ -119.642871261443858, 34.417770265924183 ], [ -119.642713410212423, 34.417659499867 ], [ -119.642584106191237, 34.417602470351639 ], [ -119.642620421081816, 34.417531055620188 ], [ -119.642753460314594, 34.417558293306165 ], [ -119.642818877844704, 34.41741842128863 ], [ -119.642779479871265, 34.417376573712339 ], [ -119.642812194801351, 34.417305147672344 ], [ -119.642927225026511, 34.417335309952193 ], [ -119.642952661306282, 34.417281743422414 ], [ -119.643003723486885, 34.417132885363515 ], [ -119.643083536696935, 34.416993058026009 ], [ -119.643119715384387, 34.41695144523613 ], [ -119.64314869579681, 34.416909810897593 ], [ -119.643112896473085, 34.416867974631465 ], [ -119.642419001578105, 34.416713812023282 ], [ -119.642343520259928, 34.416692713901412 ], [ -119.642181638735522, 34.416677305878565 ], [ -119.642135016096006, 34.416641396522778 ], [ -119.641940921116884, 34.416587142848357 ], [ -119.641602721507155, 34.416565222272112 ], [ -119.641411817277387, 34.416600389024438 ], [ -119.641357697331102, 34.416630022977799 ], [ -119.641336009585331, 34.41665081738028 ], [ -119.641260119000947, 34.416719127689433 ], [ -119.641209693904955, 34.416727910805044 ], [ -119.641108898176071, 34.416733555029722 ], [ -119.641033090160946, 34.416783983178043 ], [ -119.640975357746299, 34.416816586597321 ], [ -119.640928381191969, 34.416858163951936 ], [ -119.640841721603536, 34.416920479140877 ], [ -119.640603716574702, 34.417024044833035 ], [ -119.640437852875621, 34.417092071195214 ], [ -119.640390795054657, 34.417151530322514 ], [ -119.640325495209368, 34.417264578889423 ], [ -119.640318011310427, 34.417327142371782 ], [ -119.640349786451978, 34.417461357297519 ], [ -119.64041051759078, 34.417559899546198 ], [ -119.640568392662772, 34.417664707825182 ], [ -119.640725901019437, 34.417849983029612 ], [ -119.640905356272299, 34.417957838602426 ], [ -119.640969906268609, 34.418008706801302 ], [ -119.641217157024712, 34.418244929296819 ], [ -119.641425162303676, 34.418406519279422 ], [ -119.64166189069914, 34.418583100018395 ], [ -119.641794631142616, 34.418675905729124 ], [ -119.642107470527421, 34.418736490920161 ], [ -119.642283861717132, 34.418728101968028 ], [ -119.642655099564521, 34.418610047616951 ], [ -119.642749107140162, 34.418514969695345 ], [ -119.642656578149555, 34.418285194658779 ], [ -119.642621538172008, 34.41807646127458 ] ], [ [ -119.638783770871001, 34.418265387912605 ], [ -119.6386917251413, 34.418246023018405 ], [ -119.638667858631635, 34.418427152697397 ], [ -119.638661726846095, 34.418508198160325 ], [ -119.638805510191631, 34.418546800751962 ], [ -119.638966722215955, 34.41855207717132 ], [ -119.639145143535927, 34.418571714114471 ], [ -119.639266112584195, 34.418562558558413 ], [ -119.639312640105928, 34.418462565895119 ], [ -119.639307100481531, 34.418414862780246 ], [ -119.639284285876002, 34.41836710523652 ], [ -119.639249867364967, 34.418338385570266 ], [ -119.63912903016886, 34.418318930305055 ], [ -119.639031247525452, 34.418294779666041 ], [ -119.638910410450634, 34.418275324169407 ], [ -119.638783770871001, 34.418265387912605 ] ], [ [ -119.639287725511764, 34.417618454350844 ], [ -119.639143921710868, 34.41758462110073 ], [ -119.638861524756067, 34.417636184301074 ], [ -119.638792249939655, 34.417674114681681 ], [ -119.638711479713379, 34.417707239903379 ], [ -119.638716909212491, 34.417778785131816 ], [ -119.638774273043211, 34.417826650930145 ], [ -119.638866208629182, 34.417869858716323 ], [ -119.638900495203316, 34.417927189329063 ], [ -119.638946298067097, 34.417984556246886 ], [ -119.638986694245872, 34.417965609180094 ], [ -119.639027265797154, 34.417908514642356 ], [ -119.639188914811328, 34.417818421654985 ], [ -119.639269618134207, 34.417799601507419 ], [ -119.639309992231446, 34.417785423093889 ], [ -119.639356233393613, 34.417747420750715 ], [ -119.639368035432611, 34.417685466611466 ], [ -119.639287725511764, 34.417618454350844 ] ], [ [ -119.639056414614359, 34.416578180633067 ], [ -119.638998986839596, 34.416544619447379 ], [ -119.638791756527667, 34.416529660177929 ], [ -119.638635824381055, 34.416629307547808 ], [ -119.638622618307963, 34.416996445260061 ], [ -119.638575168817681, 34.417296713653961 ], [ -119.638575059057658, 34.417320556616872 ], [ -119.638649609445537, 34.417387551221807 ], [ -119.63870714849574, 34.417397269597267 ], [ -119.639058380679018, 34.417403146299996 ], [ -119.639294798622998, 34.417332363285901 ], [ -119.63942154626119, 34.417318456924619 ], [ -119.639565524827475, 34.41731414145417 ], [ -119.639640447040051, 34.417300071679051 ], [ -119.639657809333471, 34.417281052761503 ], [ -119.639646490178322, 34.417238099357448 ], [ -119.639612159580778, 34.417190306475916 ], [ -119.639554730032543, 34.417156745586126 ], [ -119.639462641614671, 34.417146918837851 ], [ -119.639330224368877, 34.417141732915617 ], [ -119.639169059049507, 34.41712691945321 ], [ -119.63907725568798, 34.417055101937294 ], [ -119.639043078983164, 34.416973928356548 ], [ -119.639043648977392, 34.416849948322053 ], [ -119.639061208616155, 34.416788012311265 ], [ -119.639061471677465, 34.416730790609471 ], [ -119.639067405623322, 34.416692660360582 ], [ -119.639067778285153, 34.416611596574754 ], [ -119.639056414614359, 34.416578180633067 ] ] ] ] } },
{ "type": "Feature", "properties": { "OBJECTID": 3, "Id": 0, "Shape_Leng": 12009.1555806, "Shape_Length": 49551.260380894848, "Shape_Area": 1117531.9963225743 }, "geometry": { "type": "MultiPolygon", "coordinates": [ [ [ [ -119.612795721092155, 34.422889888135948 ], [ -119.613074268784203, 34.422953681443893 ], [ -119.613095044710192, 34.422949087363556 ], [ -119.612795721092155, 34.422889888135948 ], [ -119.612799472175922, 34.422843366970461 ], [ -119.612776660644457, 34.422797989628975 ], [ -119.612708803650179, 34.422545027882165 ], [ -119.612674593006361, 34.422475767833895 ], [ -119.612646376679706, 34.422358843423069 ], [ -119.612643826579884, 34.422292075773399 ], [ -119.61269880410012, 34.422237422989383 ], [ -119.612765298382143, 34.422182810029234 ], [ -119.612912143298701, 34.422183306581921 ], [ -119.613013071454162, 34.422152652204616 ], [ -119.613139655289899, 34.422174538789768 ], [ -119.613338163213328, 34.422208589311204 ], [ -119.613450208937834, 34.422259036691948 ], [ -119.613539279761326, 34.422297486157731 ], [ -119.613680132364593, 34.422345646126331 ], [ -119.613898806936191, 34.422377379299157 ], [ -119.61407706658575, 34.422430434636304 ], [ -119.614258287980022, 34.422466808792244 ], [ -119.614269687716359, 34.422490690408836 ], [ -119.614291762041091, 34.422686273854168 ], [ -119.614288460828888, 34.422772097008711 ], [ -119.614291141196333, 34.422812638312266 ], [ -119.614397430463285, 34.422863066239628 ], [ -119.614506681334049, 34.422896813165536 ], [ -119.614598820186913, 34.422897123348669 ], [ -119.614673694776485, 34.422894990947249 ], [ -119.614699818811076, 34.422852162182238 ], [ -119.614723099499741, 34.422802171511854 ], [ -119.614786350684412, 34.422821457814507 ], [ -119.614817860393558, 34.422854943764229 ], [ -119.614846477834618, 34.422890804384878 ], [ -119.614869232103459, 34.422948103163186 ], [ -119.614874908162577, 34.422964812224436 ], [ -119.614733750591768, 34.422978642890513 ], [ -119.614629825496962, 34.423033130969991 ], [ -119.614566422010299, 34.423044838697415 ], [ -119.61451763633562, 34.423011295422803 ], [ -119.614480393261971, 34.42297302127087 ], [ -119.614428693030746, 34.422946620471137 ], [ -119.614371072031361, 34.422953578743815 ], [ -119.614339592424201, 34.422981783753443 ], [ -119.614351952936062, 34.4230021748753 ], [ -119.614380474481052, 34.423043346589118 ], [ -119.614394735356541, 34.423084518928889 ], [ -119.614423256852007, 34.423137454977351 ], [ -119.614451779163062, 34.423160982400148 ], [ -119.614458909130249, 34.423175686838213 ], [ -119.61451595256753, 34.423246267644707 ], [ -119.61455160385654, 34.423284498567718 ], [ -119.614576560202408, 34.42331684870058 ], [ -119.614630038503819, 34.423366843575188 ], [ -119.614690647310653, 34.423405074642865 ], [ -119.614789475532632, 34.423473647593156 ], [ -119.614825272858141, 34.423480831135947 ], [ -119.61489029812472, 34.423528591155225 ], [ -119.614943776294254, 34.423537413821705 ], [ -119.615079253690425, 34.423549176823435 ], [ -119.615130219929853, 34.423576025412729 ], [ -119.615211165949034, 34.423572703741648 ], [ -119.615275339215586, 34.42357564442851 ], [ -119.615328817422338, 34.423572703472395 ], [ -119.615378729554848, 34.423555058374504 ], [ -119.615443284286314, 34.423540108173498 ], [ -119.615421511688069, 34.423508005029831 ], [ -119.615415830723151, 34.423459831886547 ], [ -119.615407251347449, 34.423416837752704 ], [ -119.61540012108297, 34.423378606488058 ], [ -119.615396555489809, 34.423346257203377 ], [ -119.615400121211778, 34.423278617205042 ], [ -119.615425077076281, 34.423246267297884 ], [ -119.615464294408923, 34.423205095387857 ], [ -119.615499946075786, 34.423181568373806 ], [ -119.615551745923412, 34.423199510040298 ], [ -119.615603337004757, 34.423172745559739 ], [ -119.615663945277845, 34.42316980495476 ], [ -119.61570316248357, 34.423166863712304 ], [ -119.615763771385829, 34.423143336573887 ], [ -119.61583507481798, 34.423105105382106 ], [ -119.615906379030321, 34.423069814558772 ], [ -119.615945595674162, 34.423046287647828 ], [ -119.615988377704412, 34.423019819653568 ], [ -119.616024030691278, 34.422990410752881 ], [ -119.61604542179829, 34.422975706536974 ], [ -119.616145687211244, 34.422924750880064 ], [ -119.616180898608292, 34.422887479824524 ], [ -119.61625220281617, 34.422875716580741 ], [ -119.616298550447965, 34.422855130427706 ], [ -119.616337767093952, 34.422828662064965 ], [ -119.616394810155782, 34.42280807656644 ], [ -119.616462549540017, 34.422790431236834 ], [ -119.616516026731063, 34.422778667584865 ], [ -119.616573070370663, 34.422763962823126 ], [ -119.616655069647777, 34.422740435646361 ], [ -119.616744200068638, 34.4227198492638 ], [ -119.616872546686324, 34.42269044033997 ], [ -119.6169153286869, 34.42267279503119 ], [ -119.617022285236544, 34.422628681693567 ], [ -119.617132932129223, 34.422646346380745 ], [ -119.617181008157857, 34.422626306329263 ], [ -119.617302705317798, 34.42255087791137 ], [ -119.617328891399751, 34.422496341161143 ], [ -119.617375239295541, 34.422446345931291 ], [ -119.617396630558545, 34.422422818415377 ], [ -119.617432282375006, 34.422399291686091 ], [ -119.617460803889031, 34.422375764551909 ], [ -119.617500021351148, 34.422361060139949 ], [ -119.617542804119395, 34.422343414594586 ], [ -119.61761410783059, 34.422346355267102 ], [ -119.617724748362349, 34.42235856658089 ], [ -119.617746019794666, 34.422278714767344 ], [ -119.617756715665337, 34.422252246203293 ], [ -119.617763845302449, 34.422225778347759 ], [ -119.617770975685275, 34.422205191320998 ], [ -119.617899322748158, 34.422184605181464 ], [ -119.617981679895948, 34.422207869836278 ], [ -119.61805881953812, 34.422167698530082 ], [ -119.618106262389105, 34.422157354019021 ], [ -119.618156017621899, 34.422105200783911 ], [ -119.618202365387745, 34.422084613848035 ], [ -119.618262972696712, 34.422061087163542 ], [ -119.618298625028416, 34.422040500573296 ], [ -119.618352102815891, 34.422022855231141 ], [ -119.618391320230273, 34.422002268780105 ], [ -119.618437667433341, 34.42199050479045 ], [ -119.618544624177758, 34.421972859143203 ], [ -119.618665839844851, 34.421987563992012 ], [ -119.618722883050197, 34.422008150329191 ], [ -119.618758535932741, 34.422019914460741 ], [ -119.618819143356944, 34.422037559587082 ], [ -119.618902190726004, 34.42206124130545 ], [ -119.618954621422859, 34.422087555126033 ], [ -119.619043750935901, 34.422108141747152 ], [ -119.619082968444474, 34.42210814156325 ], [ -119.619154271756742, 34.422116963906319 ], [ -119.619225575702899, 34.422137550565303 ], [ -119.619310525963456, 34.422177085727384 ], [ -119.619336097554893, 34.422149314767807 ], [ -119.619378879795136, 34.422131668532693 ], [ -119.61940027036762, 34.422108141536192 ], [ -119.619414531979842, 34.422078732539099 ], [ -119.619432357947417, 34.422040500628007 ], [ -119.619489401139987, 34.422008150118117 ], [ -119.619514356979835, 34.42197874150213 ], [ -119.619545723437483, 34.421931873000212 ], [ -119.619514357106979, 34.421884632024913 ], [ -119.619503661833789, 34.421852281660428 ], [ -119.619482270240155, 34.421816990475179 ], [ -119.61943012557667, 34.42177342824791 ], [ -119.619410965887894, 34.421725822297439 ], [ -119.619368184182775, 34.421649358151328 ], [ -119.619346792933683, 34.421608184301675 ], [ -119.619339662571193, 34.421555247537661 ], [ -119.619354615311408, 34.421500665718419 ], [ -119.619346792241359, 34.421455256561472 ], [ -119.619357488020313, 34.421414083045548 ], [ -119.619386010350823, 34.421372910215815 ], [ -119.619428792263548, 34.421352323532695 ], [ -119.619517721932183, 34.421317219659478 ], [ -119.61971769050561, 34.42132999352058 ], [ -119.620356379151474, 34.421257898911094 ], [ -119.620357156036917, 34.421257924015556 ], [ -119.620446731591215, 34.421292825633159 ], [ -119.620393699653931, 34.421317492411703 ], [ -119.620395937700295, 34.421349549734813 ], [ -119.620421477469804, 34.421402050948025 ], [ -119.620438873218788, 34.421421608359701 ], [ -119.620432056499411, 34.421467513196504 ], [ -119.620453435219162, 34.421512288657006 ], [ -119.620481998204838, 34.421560068892155 ], [ -119.620488130923704, 34.421621661315662 ], [ -119.620441960578461, 34.421652326302578 ], [ -119.620362186821652, 34.421671365105382 ], [ -119.620362305961564, 34.421685660260437 ], [ -119.620381984907752, 34.421717596074487 ], [ -119.620388425214841, 34.421758999507645 ], [ -119.620363437460156, 34.421821420516991 ], [ -119.620257011300069, 34.421839294908381 ], [ -119.620216700817693, 34.421881691328593 ], [ -119.620227396469957, 34.421911100310368 ], [ -119.620234526771071, 34.421949332224088 ], [ -119.620234526910082, 34.421984623501615 ], [ -119.620230961075194, 34.42201109162059 ], [ -119.620216700950891, 34.422037559410299 ], [ -119.620202439646576, 34.42206696850846 ], [ -119.620181049159896, 34.422096378285019 ], [ -119.620145396480012, 34.42214637319838 ], [ -119.620141831611633, 34.422175782628329 ], [ -119.620124005801614, 34.422258128053066 ], [ -119.620109744674963, 34.422278714092343 ], [ -119.620074092457983, 34.422308123381399 ], [ -119.62003487524801, 34.422331650815245 ], [ -119.61996596589303, 34.422366200627245 ], [ -119.619912682039086, 34.422348537173008 ], [ -119.619717572747248, 34.42241987760692 ], [ -119.619656964308177, 34.422449286775368 ], [ -119.619592791766749, 34.422478695784235 ], [ -119.619532182464653, 34.422499281842306 ], [ -119.619485835895333, 34.422519868410468 ], [ -119.619435923176326, 34.422537513507493 ], [ -119.619400270381092, 34.42254339567404 ], [ -119.619343228002933, 34.422543395281274 ], [ -119.619246967618579, 34.422522809521332 ], [ -119.619150706928792, 34.422511045817906 ], [ -119.619107924314292, 34.422505164154089 ], [ -119.619085094730337, 34.422495747911057 ], [ -119.619052065110751, 34.42249368345184 ], [ -119.618947719421541, 34.42248737610025 ], [ -119.618857754581555, 34.422484095688347 ], [ -119.618753336557646, 34.42249268913401 ], [ -119.618738939083258, 34.422492641192228 ], [ -119.618489990141455, 34.422616986285277 ], [ -119.618360318870899, 34.422637416373867 ], [ -119.618277291789653, 34.422687805161203 ], [ -119.618154471203923, 34.422779785654463 ], [ -119.618082154455209, 34.422848092186165 ], [ -119.618053115058444, 34.42289866087296 ], [ -119.618074231827507, 34.422997082356552 ], [ -119.618027384455061, 34.42300884722431 ], [ -119.617955415467449, 34.423005627043025 ], [ -119.617879846549712, 34.423002394802118 ], [ -119.617782741508336, 34.422987168572099 ], [ -119.617725271699442, 34.422963134414225 ], [ -119.617678612977031, 34.422936155364816 ], [ -119.61759603517136, 34.422894155125284 ], [ -119.617463040288825, 34.422857946512728 ], [ -119.617368109287838, 34.422819840099478 ], [ -119.617339587774069, 34.422840425887607 ], [ -119.617300370562589, 34.422863953277172 ], [ -119.617232631173195, 34.42286689433822 ], [ -119.617157761961309, 34.422878657085576 ], [ -119.61708289361188, 34.422893362000728 ], [ -119.617040110641099, 34.422908066052351 ], [ -119.617000893907857, 34.422922770302463 ], [ -119.616963241623225, 34.422980172061948 ], [ -119.616918582433215, 34.423003122407081 ], [ -119.616893937828394, 34.42306393340818 ], [ -119.616876111687219, 34.423099223577054 ], [ -119.616844024825937, 34.423134513780283 ], [ -119.616729938560781, 34.423143337057233 ], [ -119.616683591691853, 34.423137455176381 ], [ -119.616651504445187, 34.423131573260484 ], [ -119.616605157159626, 34.423131573069902 ], [ -119.616533852987459, 34.423140396120139 ], [ -119.616501766178729, 34.423158041057114 ], [ -119.616476810575676, 34.423178627754737 ], [ -119.616418351079901, 34.423194606433931 ], [ -119.616302114960661, 34.423231562796879 ], [ -119.616284289417933, 34.423255090326528 ], [ -119.616301548625145, 34.423291992964145 ], [ -119.616296839771493, 34.423336280692496 ], [ -119.616316376745075, 34.423402133680192 ], [ -119.616257602674267, 34.423456378006279 ], [ -119.616266464045708, 34.423487418534549 ], [ -119.616223680825101, 34.423499181863022 ], [ -119.61618273132153, 34.423482233887739 ], [ -119.616087341156842, 34.423427168200803 ], [ -119.616013334132887, 34.4234491871253 ], [ -119.61597055269668, 34.423452128233777 ], [ -119.615927770296949, 34.42346683276633 ], [ -119.615906379034058, 34.423481536953055 ], [ -119.615892118389539, 34.423493300316309 ], [ -119.615845710084855, 34.423504169129302 ], [ -119.615792292482098, 34.423525649622171 ], [ -119.615756640395574, 34.42354035458672 ], [ -119.615720988397101, 34.423566822081469 ], [ -119.615703162111515, 34.423596230330936 ], [ -119.615685336306385, 34.423619757758679 ], [ -119.615630116382405, 34.423641907075798 ], [ -119.615621162899643, 34.423681515327161 ], [ -119.61562739754234, 34.423720878991759 ], [ -119.615584916301174, 34.423752935793637 ], [ -119.615530399305968, 34.423759969949067 ], [ -119.61549281552027, 34.423807972555672 ], [ -119.615421512576049, 34.423831499663457 ], [ -119.615368033678806, 34.423840321478799 ], [ -119.615307425734784, 34.423857966677474 ], [ -119.615264642960994, 34.42386090751728 ], [ -119.61521829550496, 34.423857967258165 ], [ -119.615150557062094, 34.423840321522853 ], [ -119.615097079751152, 34.423831498959224 ], [ -119.615040036153417, 34.423822676995982 ], [ -119.614990122984395, 34.42381385465066 ], [ -119.614929515298854, 34.423805031461036 ], [ -119.614879601871905, 34.423799150376965 ], [ -119.614847515017132, 34.423799149681059 ], [ -119.61476195053325, 34.423816795345935 ], [ -119.614708472426983, 34.423816794726939 ], [ -119.614644299846802, 34.423805031596686 ], [ -119.614590821308582, 34.423787386662376 ], [ -119.614548039577159, 34.423757978227684 ], [ -119.614519517813562, 34.423737392156291 ], [ -119.614444648320202, 34.423696220341419 ], [ -119.614391170007721, 34.423666810969564 ], [ -119.614341257225959, 34.423634462357974 ], [ -119.614294909690315, 34.423602112216621 ], [ -119.614223606552059, 34.423552117517083 ], [ -119.614191519405168, 34.423513886796961 ], [ -119.614162998268597, 34.423478595877803 ], [ -119.614095259586421, 34.423437424422374 ], [ -119.614056042490319, 34.42341683822518 ], [ -119.614027520357155, 34.423402133744453 ], [ -119.61395803677155, 34.423379218769227 ], [ -119.613940817086146, 34.423398454958026 ], [ -119.613793679736972, 34.423423757403285 ], [ -119.613689280585177, 34.423432788750659 ], [ -119.613587349935742, 34.423591438721125 ], [ -119.613529418095112, 34.423655900675975 ], [ -119.613495503957566, 34.42378192013657 ], [ -119.613533021357853, 34.423867688118115 ], [ -119.613435058754021, 34.423922471846062 ], [ -119.613358782279832, 34.424030276808466 ], [ -119.613332343970058, 34.423895846065101 ], [ -119.613228570213892, 34.423910335485509 ], [ -119.613193914902126, 34.423928238446784 ], [ -119.613171970957168, 34.423964202572058 ], [ -119.613078571514805, 34.42395222897953 ], [ -119.613065700377888, 34.423947154436945 ], [ -119.612994312240971, 34.423961959444789 ], [ -119.612926218279085, 34.424036365010792 ], [ -119.612893436865704, 34.424096642955398 ], [ -119.612866985853401, 34.424132887351675 ], [ -119.612825456571343, 34.424199151680675 ], [ -119.612719093713594, 34.42426870483839 ], [ -119.612609760861204, 34.424335364208055 ], [ -119.612562225495239, 34.424370654074124 ], [ -119.61250993520369, 34.424421628326172 ], [ -119.612467153463243, 34.424476524039385 ], [ -119.612410109843537, 34.424535340961782 ], [ -119.612315038159366, 34.424578472784063 ], [ -119.612224719586308, 34.424613762716 ], [ -119.612181936885037, 34.424637288859557 ], [ -119.612086865377648, 34.424688263077066 ], [ -119.612015561652768, 34.424731395867035 ], [ -119.611879272090903, 34.424800155629391 ], [ -119.611742145971647, 34.424871218395836 ], [ -119.611606752339725, 34.42487647601218 ], [ -119.611568723171175, 34.424903923569175 ], [ -119.611527929028924, 34.424936785669011 ], [ -119.61146414413696, 34.424990187728888 ], [ -119.61144037609688, 34.425021555813451 ], [ -119.611411854528939, 34.425056845723148 ], [ -119.61136758312162, 34.425096963620184 ], [ -119.611297768961407, 34.425170556688272 ], [ -119.611245479146589, 34.425213688645918 ], [ -119.611193189178636, 34.425229372886484 ], [ -119.611117132048193, 34.425405820974859 ], [ -119.611074349615336, 34.425480321219595 ], [ -119.611012553200851, 34.425578347672065 ], [ -119.610960264045957, 34.425621479485564 ], [ -119.610893713194514, 34.425680295729677 ], [ -119.610831917063351, 34.425739110971264 ], [ -119.610774873477695, 34.425797927012439 ], [ -119.610727337489507, 34.425833216069044 ], [ -119.610610536319086, 34.425860326065028 ], [ -119.610490370407589, 34.425857526634118 ], [ -119.61037628437866, 34.425883993205474 ], [ -119.610308545745212, 34.425898697195741 ], [ -119.610180199108513, 34.425913401180431 ], [ -119.610133850863349, 34.425936927910804 ], [ -119.610094633604888, 34.425992802619021 ], [ -119.610087503501532, 34.426066321767905 ], [ -119.610087503666506, 34.426128078347759 ], [ -119.610091069149604, 34.426189834448714 ], [ -119.610108894480476, 34.426239827028446 ], [ -119.610133851277936, 34.426298642564795 ], [ -119.610194845719988, 34.426361801698405 ], [ -119.610190191510839, 34.42643511929095 ], [ -119.610188801854093, 34.426457011230021 ], [ -119.610101962437071, 34.426657366676778 ], [ -119.610251147483837, 34.426784447012309 ], [ -119.610240477735346, 34.426871655810217 ], [ -119.61027561865474, 34.427018521517027 ], [ -119.610208918134788, 34.427186700202448 ], [ -119.610232686375213, 34.427265120287871 ], [ -119.610256454360794, 34.427333736926407 ], [ -119.610315873798456, 34.427500378564254 ], [ -119.6103443959624, 34.427545714340276 ], [ -119.610362221316166, 34.427598647210537 ], [ -119.610397874048218, 34.427648639960246 ], [ -119.610397874157627, 34.427733920530898 ], [ -119.610475233749995, 34.427872828502096 ], [ -119.61047207098909, 34.427957938793263 ], [ -119.610419801804213, 34.428035921658648 ], [ -119.610355635540003, 34.428103007158818 ], [ -119.610319439243611, 34.428166204801627 ], [ -119.610326569502107, 34.428283832332596 ], [ -119.610330135210006, 34.428360290276856 ], [ -119.610344395387528, 34.428398519804858 ], [ -119.610362221640969, 34.428439689244769 ], [ -119.610362221711682, 34.428524969748253 ], [ -119.610351526086134, 34.428577901934048 ], [ -119.610326570020391, 34.428636715039886 ], [ -119.610290918260702, 34.428698469978677 ], [ -119.610238038417933, 34.42875419715962 ], [ -119.610258831533997, 34.428783749387023 ], [ -119.610262395821366, 34.42883374103036 ], [ -119.61025385520098, 34.428867127754437 ], [ -119.610316586367517, 34.428880340093357 ], [ -119.610352521620825, 34.4288923834632 ], [ -119.610489063413866, 34.428940533239619 ], [ -119.610578636123137, 34.429024286360736 ], [ -119.610600010187667, 34.429069064221636 ], [ -119.610635738616963, 34.4291228310205 ], [ -119.610671334063426, 34.429203420452254 ], [ -119.610688962384543, 34.429277987792233 ], [ -119.610685126759023, 34.429325659955403 ], [ -119.610674032639622, 34.429385228512018 ], [ -119.610689119125297, 34.429598382173253 ], [ -119.610793923224335, 34.42979388842717 ], [ -119.610791418396687, 34.429874110359329 ], [ -119.610699771227743, 34.430063347306579 ], [ -119.610660257918454, 34.430191962097197 ], [ -119.610392349037156, 34.430188508767344 ], [ -119.610351525682418, 34.430343030104517 ], [ -119.610315873943179, 34.430411644358578 ], [ -119.610292106400451, 34.430490060995702 ], [ -119.610333753751959, 34.430606113397921 ], [ -119.610243233473966, 34.430666200917464 ], [ -119.6100828995515, 34.430769369816183 ], [ -119.60987946032516, 34.430854509596116 ], [ -119.609730393882856, 34.430920612318957 ], [ -119.609548324435522, 34.430979672620929 ], [ -119.609450910824833, 34.431039019591566 ], [ -119.609355390942824, 34.431110157921097 ], [ -119.609131877687389, 34.431254609654417 ], [ -119.6091254015858, 34.43126142893 ], [ -119.609138347448308, 34.431290375072933 ], [ -119.609137768695675, 34.431406605384829 ], [ -119.60914441918473, 34.431516899383368 ], [ -119.609147647433133, 34.431591418540911 ], [ -119.609147365486365, 34.431648042786918 ], [ -119.609132626105776, 34.431716539630749 ], [ -119.609164740644673, 34.431773275348519 ], [ -119.609189759508794, 34.431809123879191 ], [ -119.609243559747654, 34.431848051558269 ], [ -119.609272253185239, 34.431869011524924 ], [ -119.609394653496494, 34.431866449074434 ], [ -119.60943085689118, 34.431824848449907 ], [ -119.609517543040468, 34.431765537950213 ], [ -119.609546413326669, 34.431750734410365 ], [ -119.609568129574868, 34.43172696636119 ], [ -119.609575388448135, 34.431715070063092 ], [ -119.609596836787475, 34.4317449462593 ], [ -119.609582082959207, 34.431816423140241 ], [ -119.60951441464897, 34.431934515252912 ], [ -119.609394164101118, 34.431964797606923 ], [ -119.609361693365585, 34.431979587921958 ], [ -119.609325489862812, 34.432021188518377 ], [ -119.609300100027809, 34.432059845961831 ], [ -119.609267599563509, 34.432080597119942 ], [ -119.609206302792501, 34.432101250898889 ], [ -119.609094552572543, 34.432133652564204 ], [ -119.609036706547286, 34.432184120187344 ], [ -119.608993304239618, 34.432225696092679 ], [ -119.608985867080392, 34.432273355765481 ], [ -119.60898576316076, 34.43229421745815 ], [ -119.609012705106991, 34.432329232722722 ], [ -119.609036956115574, 34.432349476490941 ], [ -119.609064583704765, 34.432368993756228 ], [ -119.609114933396285, 34.432378106642552 ], [ -119.609176185886994, 34.43236639467279 ], [ -119.609230134865925, 34.432375519792771 ], [ -119.609262531615968, 34.43237563034269 ], [ -119.609280736767829, 34.432333968369804 ], [ -119.609291743355641, 34.432292281831387 ], [ -119.609302794433347, 34.432241654435387 ], [ -119.609317385432917, 34.432202960155529 ], [ -119.609303180109805, 34.43216416762602 ], [ -119.609303432281379, 34.432113503378446 ], [ -119.609364743866323, 34.43208986956278 ], [ -119.609375750375378, 34.43204818300606 ], [ -119.609433610909818, 34.431994735219597 ], [ -119.609493395106099, 34.431977494143865 ], [ -119.609458377896132, 34.432081247935606 ], [ -119.609436216654288, 34.432194424511124 ], [ -119.609446837610307, 34.432230223861517 ], [ -119.609486329053155, 34.4322512205934 ], [ -119.609572898129713, 34.432215752661236 ], [ -119.609616196372912, 34.432195038231235 ], [ -119.609663228329921, 34.432147513490563 ], [ -119.60971023059173, 34.432105949599389 ], [ -119.609742642046882, 34.432103080028526 ], [ -119.609709978682716, 34.432156613848171 ], [ -119.609687906702177, 34.432251907853406 ], [ -119.609658606471683, 34.43235313907811 ], [ -119.609590050664352, 34.432385688451291 ], [ -119.609524961737748, 34.432445072618798 ], [ -119.609481647418548, 34.432468766989281 ], [ -119.60944199275599, 34.432480552786259 ], [ -119.609369970942723, 34.432486268091466 ], [ -119.609333871038132, 34.43250700698129 ], [ -119.609290482453787, 34.432545602998609 ], [ -119.609370018958444, 34.432759191428609 ], [ -119.609427079252669, 34.432866677178367 ], [ -119.609455312355834, 34.432980024641466 ], [ -119.609457814392812, 34.433200575411455 ], [ -119.609449444327637, 34.433435991013901 ], [ -119.609459279574281, 34.433629743712068 ], [ -119.609486935819561, 34.43381009970043 ], [ -119.60949150073553, 34.43380986385295 ], [ -119.60949135839833, 34.43383847418265 ], [ -119.609485432514333, 34.433871833557966 ], [ -119.609485005495557, 34.433957664539577 ], [ -119.609484720815828, 34.43401488518996 ], [ -119.609478581402257, 34.434091160043295 ], [ -119.609466730673148, 34.434157877877041 ], [ -119.60942603431441, 34.434234034859912 ], [ -119.609373914178178, 34.434291078686549 ], [ -119.60936784691539, 34.434353048359554 ], [ -119.609304230670205, 34.434405284165152 ], [ -119.609246279247898, 34.434476614329263 ], [ -119.609205631082247, 34.434543233842952 ], [ -119.60911305115107, 34.434628750246489 ], [ -119.609026207149327, 34.434719054917871 ], [ -119.608951000419822, 34.4347855572328 ], [ -119.608852446171952, 34.434913969184016 ], [ -119.608800372696308, 34.434961476246009 ], [ -119.608627301209935, 34.435018106443579 ], [ -119.608499996304801, 34.43513688317536 ], [ -119.608314976071412, 34.435279304372081 ], [ -119.608164585104518, 34.435407538361765 ], [ -119.607996818555833, 34.435554786807415 ], [ -119.607881031734408, 34.43567360222147 ], [ -119.607863156312092, 34.435792752824902 ], [ -119.607810509840576, 34.435954700471058 ], [ -119.60774091789753, 34.436049831900988 ], [ -119.607590262288085, 34.43623051688143 ], [ -119.607491680153217, 34.436363696153727 ], [ -119.607421825119317, 34.436511279178937 ], [ -119.60732433155323, 34.436544227095148 ], [ -119.607245303199775, 34.436680360370609 ], [ -119.607130705610984, 34.43680610052624 ], [ -119.606944423267549, 34.43692735654168 ], [ -119.606903180110294, 34.436980211960389 ], [ -119.606933782785546, 34.437005754869965 ], [ -119.607083309728637, 34.437062443249374 ], [ -119.607201014588298, 34.437081923860383 ], [ -119.607294299306361, 34.437119340411364 ], [ -119.607412095512089, 34.437120803119534 ], [ -119.607587420749951, 34.437140480849834 ], [ -119.607657657844754, 34.437177818123587 ], [ -119.607928496934463, 34.437300635482529 ], [ -119.608013799176319, 34.437378859485349 ], [ -119.608019710948497, 34.437359619977506 ], [ -119.608028487991561, 34.437310217008012 ], [ -119.608088936423457, 34.437162127547936 ], [ -119.608140961339771, 34.436992822855842 ], [ -119.608158272019438, 34.43695842305803 ], [ -119.608074434291339, 34.436888438624834 ], [ -119.608161293691353, 34.436795750532539 ], [ -119.608274571682628, 34.436603015161118 ], [ -119.608283853148578, 34.436474298581224 ], [ -119.608344901059525, 34.43636006441281 ], [ -119.608388848323912, 34.436210007836038 ], [ -119.608682625156391, 34.436203859846636 ], [ -119.608985220096343, 34.436161976425502 ], [ -119.609218592382859, 34.436141315420926 ], [ -119.609288301755484, 34.43612108420222 ], [ -119.609305255315476, 34.436142327515554 ], [ -119.609304798367432, 34.436234129061873 ], [ -119.609312975849662, 34.436304774589487 ], [ -119.60933821350055, 34.436375478311732 ], [ -119.609380404847471, 34.436467425318661 ], [ -119.609397007090834, 34.436559285023314 ], [ -119.609396585391181, 34.436644024531248 ], [ -119.609379139689125, 34.436721644745234 ], [ -119.609344705091488, 34.436785082758291 ], [ -119.609318764327483, 34.436855611853701 ], [ -119.609275729177327, 34.436933144734013 ], [ -119.609207104592798, 34.437010590271377 ], [ -119.60914701003162, 34.437088063974535 ], [ -119.609086845008591, 34.437179661634168 ], [ -119.608984065243646, 34.437264051640504 ], [ -119.608986300719735, 34.437434305197307 ], [ -119.609121696051091, 34.437520522051557 ], [ -119.609086721779519, 34.437608064983991 ], [ -119.608896702957239, 34.437706561529204 ], [ -119.608841312870013, 34.43777926251208 ], [ -119.608674161730463, 34.437802533411372 ], [ -119.608575508121092, 34.437950018514961 ], [ -119.608577353104479, 34.437977953368666 ], [ -119.608451939761665, 34.438061102121978 ], [ -119.608338044237811, 34.438140583800013 ], [ -119.608250433034627, 34.438169485964195 ], [ -119.608136539162899, 34.438205614357024 ], [ -119.608013882492372, 34.438212839723008 ], [ -119.607838660162784, 34.438205614761635 ], [ -119.607733526530907, 34.438227290785015 ], [ -119.607619631927889, 34.438277870889216 ], [ -119.607512327248486, 34.438338819269177 ], [ -119.607593348833021, 34.438415157196715 ], [ -119.607619631508925, 34.438487412864383 ], [ -119.607628392882617, 34.43855966886558 ], [ -119.60769077750551, 34.438686795068008 ], [ -119.607716004519858, 34.438783662171666 ], [ -119.607707243510163, 34.43885591849731 ], [ -119.607698481983846, 34.438906497387251 ], [ -119.607677031493822, 34.439063645624408 ], [ -119.607716510739237, 34.4392279303948 ], [ -119.607777331884833, 34.439296677249089 ], [ -119.60786897738339, 34.439389785146552 ], [ -119.607812377025212, 34.439470089555719 ], [ -119.607733609255789, 34.439519033716898 ], [ -119.607786093348068, 34.439585697428633 ], [ -119.60783866043846, 34.439621825043972 ], [ -119.607952555019807, 34.439694080450899 ], [ -119.60803140532451, 34.43977356085194 ], [ -119.60804892717627, 34.439860266476188 ], [ -119.60804892784752, 34.43997587420634 ], [ -119.60805768898291, 34.440084256066953 ], [ -119.608110255282512, 34.440178186935363 ], [ -119.608241132262734, 34.440318797084437 ], [ -119.60836689940956, 34.440509965068223 ], [ -119.608706237751136, 34.440611262179488 ], [ -119.608827779225905, 34.440661235490772 ], [ -119.608837327350983, 34.440656713832972 ], [ -119.609161185557028, 34.440498644438222 ], [ -119.609268534173438, 34.440565861381252 ], [ -119.609506611191648, 34.440639888664286 ], [ -119.609621380263832, 34.440761249242264 ], [ -119.60960517918528, 34.44092354912403 ], [ -119.609547102004413, 34.440971545823707 ], [ -119.609550935195557, 34.441002950365444 ], [ -119.609502410298305, 34.4411661213096 ], [ -119.60951794892614, 34.441267205322518 ], [ -119.609573364954045, 34.44141373095016 ], [ -119.609520797393131, 34.441558237550765 ], [ -119.609494514683902, 34.441616040460715 ], [ -119.609441947139231, 34.44169551940405 ], [ -119.609323786361472, 34.441753010707451 ], [ -119.609316989810836, 34.441871050581426 ], [ -119.609335003046596, 34.441985379553394 ], [ -119.609257963484524, 34.442085685409623 ], [ -119.609240440882928, 34.442150713567855 ], [ -119.609222919450545, 34.442201290453021 ], [ -119.609214158322629, 34.442280768225096 ], [ -119.609135315207908, 34.442411335549735 ], [ -119.609082740481327, 34.442504751871965 ], [ -119.609021413029495, 34.44263480576371 ], [ -119.609003890906436, 34.442728734577507 ], [ -119.608986368034124, 34.442786535672944 ], [ -119.608977607614634, 34.442873238564388 ], [ -119.608968845859053, 34.442981616980852 ], [ -119.608946135547114, 34.443068560581651 ], [ -119.609038935355258, 34.443191147643098 ], [ -119.609073979650674, 34.443241724562142 ], [ -119.609091502422672, 34.443321200944489 ], [ -119.609085442509823, 34.443421940742411 ], [ -119.609030174379782, 34.443559632366927 ], [ -119.609047696296173, 34.443617433204267 ], [ -119.609065219255356, 34.443682460114488 ], [ -119.60909684232368, 34.443808682387285 ], [ -119.609187874912948, 34.443913664347953 ], [ -119.609231680311666, 34.443971465610701 ], [ -119.609345574633025, 34.44408706761871 ], [ -119.609389380137188, 34.444166543421659 ], [ -119.609464137204455, 34.444258203343288 ], [ -119.609538319804841, 34.444412197029301 ], [ -119.609560365567333, 34.444565999400218 ], [ -119.609548384904045, 34.44456838166424 ], [ -119.609428513912363, 34.444592222939399 ], [ -119.609371858178633, 34.44465785010825 ], [ -119.609247967135573, 34.444765602234462 ], [ -119.60944194747853, 34.4447590008755 ], [ -119.609580058951153, 34.444778678199 ], [ -119.60968725934606, 34.444636174878866 ], [ -119.60977487068574, 34.44465784975025 ], [ -119.609827437724192, 34.444657849521242 ], [ -119.609792392310055, 34.44476622567035 ], [ -119.609779463547355, 34.444900174291924 ], [ -119.609555842040763, 34.444917951769661 ], [ -119.609547081088124, 34.444954077464466 ], [ -119.609538319971094, 34.445040777505724 ], [ -119.609503275285562, 34.445091353121072 ], [ -119.60940630124874, 34.44518352400199 ], [ -119.609547081272368, 34.445250302874236 ], [ -119.609599647511203, 34.445293653721308 ], [ -119.609669736676238, 34.445337002986911 ], [ -119.609739825924933, 34.445358678524627 ], [ -119.609809915208245, 34.445358678533296 ], [ -119.609880004491572, 34.445358678499069 ], [ -119.6099794374433, 34.44536548537085 ], [ -119.610099032168563, 34.445365903385678 ], [ -119.61011655512749, 34.445387578148363 ], [ -119.610125316205327, 34.445430928302876 ], [ -119.610134077355326, 34.445488728777008 ], [ -119.610105184291825, 34.44558929155945 ], [ -119.609953305152345, 34.445564774959955 ], [ -119.610020181978641, 34.445727153375287 ], [ -119.610090270756032, 34.44579217783798 ], [ -119.610177882660139, 34.445864427580844 ], [ -119.610216496319907, 34.446003525689655 ], [ -119.610239862850051, 34.446119264488203 ], [ -119.610310709724843, 34.446171372955909 ], [ -119.610509193207946, 34.446171666037749 ], [ -119.610580894203252, 34.446232900147109 ], [ -119.610703550857124, 34.446290699345163 ], [ -119.610799922952083, 34.446297924021948 ], [ -119.610887533966263, 34.446297924335994 ], [ -119.610966384860774, 34.446283474254955 ], [ -119.611062756495201, 34.44626179989119 ], [ -119.611278567859159, 34.446227698980387 ], [ -119.61123797991759, 34.446341274054021 ], [ -119.611176651209831, 34.446427973171879 ], [ -119.611124085193509, 34.446492996805837 ], [ -119.611045235166756, 34.446572470670382 ], [ -119.610931339758991, 34.446651945279832 ], [ -119.610789987163443, 34.446639293637496 ], [ -119.610711206126055, 34.446747775336682 ], [ -119.610711113106078, 34.446891839200589 ], [ -119.610789209058169, 34.446954232077545 ], [ -119.610811204897587, 34.447044542798437 ], [ -119.61083488431693, 34.447141768084506 ], [ -119.610853472633508, 34.447218087288213 ], [ -119.610929053655752, 34.4473579116042 ], [ -119.610993120509889, 34.447382699947134 ], [ -119.61122148653935, 34.447377403628082 ], [ -119.611324356344525, 34.447291527688478 ], [ -119.611319619231523, 34.447227244021775 ], [ -119.611339225071816, 34.4471540345018 ], [ -119.611351181912468, 34.447071240879197 ], [ -119.611359194835359, 34.447007549244105 ], [ -119.611371214741879, 34.446912011334128 ], [ -119.611386988096712, 34.446835602431932 ], [ -119.611410474551221, 34.446756033343405 ], [ -119.61145304713331, 34.44670838886811 ], [ -119.611576285729825, 34.446692876944276 ], [ -119.611730092993582, 34.446722071982464 ], [ -119.611749084735408, 34.446773111617524 ], [ -119.61176020468676, 34.446859169878522 ], [ -119.611751892648059, 34.446983393018456 ], [ -119.611678246825079, 34.447088279274311 ], [ -119.611612596677475, 34.447132660116161 ], [ -119.611566112735673, 34.447193034948945 ], [ -119.611554171869827, 34.447272643192647 ], [ -119.611565403147921, 34.44733640009121 ], [ -119.611592108116085, 34.447384279533978 ], [ -119.611746058592686, 34.447384801506068 ], [ -119.611761390380906, 34.447397597057602 ], [ -119.611684194435128, 34.447441938790121 ], [ -119.611575971091469, 34.447533964119856 ], [ -119.611571634100642, 34.447632713491551 ], [ -119.61157513537411, 34.447702815938953 ], [ -119.611594095717862, 34.447760227231058 ], [ -119.611624634351955, 34.447811305990356 ], [ -119.611705316329989, 34.447840252138008 ], [ -119.611770776802103, 34.447834102254994 ], [ -119.611871771139974, 34.447807833701638 ], [ -119.611979241542315, 34.447707371124828 ], [ -119.61202195604676, 34.447631053464832 ], [ -119.612068518639717, 34.447554748816906 ], [ -119.612103393828448, 34.44750707806589 ], [ -119.612122874129838, 34.447459355167631 ], [ -119.612138347702782, 34.447443477644093 ], [ -119.612184596290064, 34.447430890672507 ], [ -119.612227090062746, 34.447399174699086 ], [ -119.612250418423812, 34.447351464802502 ], [ -119.612292912122385, 34.447319749703333 ], [ -119.612327755595501, 34.447278450556958 ], [ -119.612385801381947, 34.447214928204872 ], [ -119.612416812342701, 34.447170429710944 ], [ -119.612482571098468, 34.447103747057582 ], [ -119.612509764180032, 34.447052864725478 ], [ -119.612536910041825, 34.447011539462579 ], [ -119.612560269559623, 34.446957456897323 ], [ -119.612591279226677, 34.446912959242233 ], [ -119.612622258500778, 34.446874832366142 ], [ -119.612638030630151, 34.446798423288797 ], [ -119.612649765906838, 34.446760231314691 ], [ -119.612654290181624, 34.446623251687818 ], [ -119.612642932325002, 34.446584981605596 ], [ -119.612670188020843, 34.446521354930354 ], [ -119.612681860344395, 34.446495907221895 ], [ -119.612759039074035, 34.446454751070796 ], [ -119.612793677577017, 34.446454868180048 ], [ -119.61281274853603, 34.446489977978644 ], [ -119.612831598383465, 34.44656969049224 ], [ -119.612835258995119, 34.446607933635633 ], [ -119.61288895287943, 34.44664634679711 ], [ -119.612973687589829, 34.44663388867076 ], [ -119.613027741782503, 34.446599025995091 ], [ -119.613136009245693, 34.446497442125128 ], [ -119.613182774218359, 34.446379720504183 ], [ -119.613206054592823, 34.446341567449537 ], [ -119.613329574805263, 34.446268708418849 ], [ -119.613560889441885, 34.446189840307511 ], [ -119.613611189075272, 34.446135849282634 ], [ -119.613711599966834, 34.446066096410277 ], [ -119.613785462693812, 34.445916606893995 ], [ -119.613940349532925, 34.445725972400048 ], [ -119.614033345471555, 34.445598848020566 ], [ -119.614126105057053, 34.44551951171519 ], [ -119.61422654601796, 34.445443387553837 ], [ -119.614303785529842, 34.445389486925997 ], [ -119.614435015002982, 34.445313466252692 ], [ -119.614489522561456, 34.445186211878863 ], [ -119.614489741655461, 34.445141609091621 ], [ -119.614470905026153, 34.445058711335903 ], [ -119.614448063882051, 34.445007659111759 ], [ -119.61444063277213, 34.444953473306583 ], [ -119.614429571669561, 34.444854671739968 ], [ -119.614425880152211, 34.444822799383999 ], [ -119.614507139087209, 34.444733866736662 ], [ -119.614630624274639, 34.444667377888244 ], [ -119.61478461635572, 34.444658337775124 ], [ -119.614896289174695, 34.444645969712937 ], [ -119.614954205892943, 34.444607932700606 ], [ -119.614996759527656, 34.44456347310836 ], [ -119.61504710401266, 34.444499923361938 ], [ -119.615047557187097, 34.44440753232189 ], [ -119.615059744093131, 34.444276948958453 ], [ -119.615122070916158, 34.444124233200988 ], [ -119.615176326591921, 34.444047952894579 ], [ -119.615323135614858, 34.443933751694537 ], [ -119.615392722654676, 34.443870266388643 ], [ -119.61546989738072, 34.443829108303952 ], [ -119.615539795251976, 34.443701904924389 ], [ -119.615593067152318, 34.443826336324783 ], [ -119.615396227173406, 34.443940368980101 ], [ -119.615276421070618, 34.444041917363251 ], [ -119.615206771304784, 34.444118145997372 ], [ -119.615133054670665, 34.444238964482743 ], [ -119.615113389509375, 34.444324919167776 ], [ -119.615101297523879, 34.444436386525091 ], [ -119.615100828790418, 34.44453196296331 ], [ -119.615065769231009, 34.444617865878861 ], [ -119.615000029295004, 34.444681363874487 ], [ -119.614969131281157, 34.444703561777054 ], [ -119.614822820653131, 34.444715813424409 ], [ -119.614699555610045, 34.444737700576255 ], [ -119.614556717391579, 34.444826426135101 ], [ -119.614486910821512, 34.444934513674916 ], [ -119.614524629951205, 34.445090751189746 ], [ -119.614543497934704, 34.445167278137191 ], [ -119.614543138049498, 34.445240553112214 ], [ -119.614492636185332, 34.445335961976781 ], [ -119.614396074993195, 34.445405727638992 ], [ -119.614351415373207, 34.445457471724794 ], [ -119.614429238915804, 34.445437566736096 ], [ -119.614717418984284, 34.445405157341135 ], [ -119.614988528431368, 34.445329774114683 ], [ -119.615224817330883, 34.445306726419126 ], [ -119.615515836712532, 34.44532275061006 ], [ -119.615724859425214, 34.445384485703855 ], [ -119.615685351852605, 34.445330638428366 ], [ -119.615653140570032, 34.445291786788665 ], [ -119.615624498904594, 34.445258908011176 ], [ -119.615599472818147, 34.445223060463377 ], [ -119.615603307324179, 34.445175388890881 ], [ -119.615643055048778, 34.445145719623312 ], [ -119.615711488155526, 34.445139989266821 ], [ -119.615772691260901, 34.445140194607021 ], [ -119.615797834118624, 34.445152199839171 ], [ -119.615884136349493, 34.445173351088862 ], [ -119.615927235892244, 34.445194357403352 ], [ -119.615977595697061, 34.445203467160113 ], [ -119.616006396797829, 34.44520356372665 ], [ -119.616092830347441, 34.445197892591146 ], [ -119.616111065088788, 34.44515027017124 ], [ -119.616183360378031, 34.445090907139807 ], [ -119.616266529606818, 34.445038389339118 ], [ -119.616281456754081, 34.444997297918142 ], [ -119.616300159708388, 34.444942046361966 ], [ -119.616328144697931, 34.444873474931931 ], [ -119.616358294252976, 34.444833521236021 ], [ -119.616383760259168, 34.444808810474022 ], [ -119.616402267319316, 34.444793613830896 ], [ -119.616448406075421, 34.444782324156421 ], [ -119.616531381805558, 34.444776879905618 ], [ -119.616609758996944, 34.444769512534187 ], [ -119.616667445814798, 34.444752539328732 ], [ -119.616704450479403, 34.444724052680506 ], [ -119.616709227082197, 34.444689736068874 ], [ -119.616670242939648, 34.444651458565126 ], [ -119.616661204270983, 34.444615188045667 ], [ -119.616659123398406, 34.444569404279257 ], [ -119.616682267222188, 34.444548500105604 ], [ -119.616707760974705, 34.444518068158594 ], [ -119.616733282655034, 34.444481913296585 ], [ -119.616782022577269, 34.444409595844654 ], [ -119.616791574583971, 34.444340962588548 ], [ -119.616851835534803, 34.444268684546415 ], [ -119.616891265394884, 34.444215409861783 ], [ -119.616951385436963, 34.444171740899392 ], [ -119.617034612866263, 34.444114798200651 ], [ -119.617085469520703, 34.444080635627593 ], [ -119.617147754228213, 34.444065585211057 ], [ -119.617216942950677, 34.444052464602663 ], [ -119.61726546822436, 34.444024016259192 ], [ -119.617313937661152, 34.444007011914714 ], [ -119.61738318100727, 34.443982447180943 ], [ -119.61741109962162, 34.443927227079598 ], [ -119.617469166805904, 34.44383205203944 ], [ -119.617568558474048, 34.443767534052107 ], [ -119.617589462438048, 34.443733270322582 ], [ -119.617631409690205, 34.443636134589831 ], [ -119.617668469228235, 34.443596203573698 ], [ -119.617703188220688, 34.443563894506084 ], [ -119.617728719512428, 34.44352583175381 ], [ -119.617719772296255, 34.443470488497155 ], [ -119.617683101987296, 34.443430311345651 ], [ -119.617676236251611, 34.443420750981282 ], [ -119.61769494822488, 34.443363592377594 ], [ -119.617672111639493, 34.443321554627239 ], [ -119.617637717975597, 34.443287106261295 ], [ -119.617623977243554, 34.443269894063448 ], [ -119.617619453120255, 34.443252712636117 ], [ -119.617614992957456, 34.443222180437942 ], [ -119.617603603131769, 34.443195438638583 ], [ -119.617601438108451, 34.443166820869941 ], [ -119.617592362005325, 34.443138180024505 ], [ -119.617590122641559, 34.443124820661019 ], [ -119.617601856301235, 34.443080990641867 ], [ -119.617657367330082, 34.443037306775992 ], [ -119.61766902769692, 34.443008735158493 ], [ -119.617696852858302, 34.442972587720625 ], [ -119.61774314719716, 34.442928872141259 ], [ -119.617814666002019, 34.442910037729298 ], [ -119.617867751656121, 34.442891140868667 ], [ -119.617969446219789, 34.442826629261148 ], [ -119.618036541711831, 34.442769631952856 ], [ -119.618075896847429, 34.442731616099302 ], [ -119.618094607281179, 34.442674456486564 ], [ -119.618097069463971, 34.44264203970291 ], [ -119.618099503801673, 34.442615344936257 ], [ -119.618143153576952, 34.44261191393754 ], [ -119.618121001889619, 34.442725090110294 ], [ -119.618037750349629, 34.442817200685823 ], [ -119.61791138527181, 34.442891286448521 ], [ -119.617806735727456, 34.442941601814518 ], [ -119.617784975329897, 34.442974311924495 ], [ -119.617712683201816, 34.443033676091112 ], [ -119.617665636167288, 34.443084183581895 ], [ -119.617647388327327, 34.443134787201245 ], [ -119.617654385693271, 34.443176535092675 ], [ -119.617672153361838, 34.443224278039118 ], [ -119.617682750525859, 34.443266037942244 ], [ -119.617700562871491, 34.443304840123872 ], [ -119.617718432205876, 34.443331722486377 ], [ -119.617725429631591, 34.443373469464262 ], [ -119.617728927803057, 34.443394342950569 ], [ -119.617750310948992, 34.443439118842065 ], [ -119.617764478943954, 34.443486850648121 ], [ -119.61777511973969, 34.443519668872845 ], [ -119.617774916542956, 34.443561391808331 ], [ -119.617742340977671, 34.44359704669759 ], [ -119.617673648038448, 34.443656422817845 ], [ -119.61765540115907, 34.443707026413414 ], [ -119.617640783095865, 34.443751681217535 ], [ -119.617608149309561, 34.443799256768727 ], [ -119.617557500856705, 34.44384975215398 ], [ -119.617495921108059, 34.443927033706238 ], [ -119.617463185479195, 34.443995470666323 ], [ -119.617369160348673, 34.444081583762546 ], [ -119.617329283033854, 34.444138075917742 ], [ -119.617256989489093, 34.444197439728327 ], [ -119.617249426497452, 34.444271920728241 ], [ -119.617198790955044, 34.444319435977718 ], [ -119.617126598916315, 34.44435793824524 ], [ -119.617021715314834, 34.44445593652204 ], [ -119.616877243454823, 34.444550821372488 ], [ -119.616844579772376, 34.444604357467554 ], [ -119.616783144249524, 34.444651836387848 ], [ -119.6167580584452, 34.444713306020418 ], [ -119.616778758594037, 34.444812755983762 ], [ -119.616828753409351, 34.444896370378864 ], [ -119.616864347821348, 34.444979936572473 ], [ -119.616907157662055, 34.445060546886815 ], [ -119.616906881260888, 34.445117171296715 ], [ -119.616895804178057, 34.445173759575937 ], [ -119.616874013682946, 34.445212430236062 ], [ -119.616859351246674, 34.445266025616 ], [ -119.616859162106522, 34.445304768530903 ], [ -119.616848143164958, 34.445349435205777 ], [ -119.616837167857028, 34.445385162037581 ], [ -119.616815391828396, 34.445420851830832 ], [ -119.616782829606151, 34.445453526435045 ], [ -119.616757511866624, 34.445477283483307 ], [ -119.616740129702819, 34.445501520342674 ], [ -119.616724601381634, 34.445581483088795 ], [ -119.616771375111185, 34.445587599595228 ], [ -119.616857954517187, 34.44555212662106 ], [ -119.616908429952886, 34.445537393688888 ], [ -119.617048880910005, 34.445528922505652 ], [ -119.617257722643174, 34.445523660615706 ], [ -119.61757811125868, 34.445530690835128 ], [ -119.617801397112402, 34.445516535296548 ], [ -119.618248677823431, 34.445342191100849 ], [ -119.618533817046213, 34.445194127872256 ], [ -119.618588008756859, 34.445155564805823 ], [ -119.618617056044158, 34.445104997100529 ], [ -119.618671377972618, 34.445039612658263 ], [ -119.618696839789763, 34.444986052092027 ], [ -119.618558544366095, 34.444789120870595 ], [ -119.618475070662143, 34.44464600842641 ], [ -119.618450361498077, 34.444534445190548 ], [ -119.618438600280712, 34.444356733432919 ], [ -119.618454629436798, 34.443656548298982 ], [ -119.618488838732745, 34.443545181229787 ], [ -119.618502369741691, 34.444224562571115 ], [ -119.61851438508819, 34.444350018442343 ], [ -119.618556063064545, 34.444433767516223 ], [ -119.618572540826804, 34.444506982377135 ], [ -119.618614049654653, 34.44462556897814 ], [ -119.618672509392255, 34.444719825034092 ], [ -119.618768880434516, 34.44480724070845 ], [ -119.618865233689377, 34.444898139054501 ], [ -119.619049981791505, 34.444985848542302 ], [ -119.619163625477029, 34.444982742764942 ], [ -119.619248030359046, 34.444934250400074 ], [ -119.619302925965954, 34.444896111050447 ], [ -119.619336727975082, 34.444868353631982 ], [ -119.61938739824744, 34.444833683917317 ], [ -119.619421319544927, 34.444781539916221 ], [ -119.619518281527988, 34.44474702485811 ], [ -119.619619603733639, 34.444681169799807 ], [ -119.619712307616936, 34.444657090697561 ], [ -119.619767134200302, 34.444632886676935 ], [ -119.619851522547691, 34.444587877520327 ], [ -119.619856220234993, 34.444486863359543 ], [ -119.619911434700271, 34.444382534027291 ], [ -119.619932797968502, 34.44431641238247 ], [ -119.619928977671862, 34.444236273166744 ], [ -119.619740562165589, 34.444037072783431 ], [ -119.619732516895724, 34.443960403234804 ], [ -119.619741271088429, 34.443890756007029 ], [ -119.619741625546595, 34.443817598061372 ], [ -119.619704019881155, 34.443761732694909 ], [ -119.619649447129277, 34.443733681669762 ], [ -119.619498284238887, 34.443663504147601 ], [ -119.619406122072036, 34.443576102972919 ], [ -119.619343267078591, 34.443520153563526 ], [ -119.619259370787759, 34.44346413416789 ], [ -119.619230200173604, 34.443404812939626 ], [ -119.618978967824788, 34.443142694270676 ], [ -119.618882667347819, 34.443041343946987 ], [ -119.618803200111941, 34.442940050462042 ], [ -119.618929111469384, 34.443010144941084 ], [ -119.618996021810119, 34.443097461647902 ], [ -119.619117453737047, 34.443223281541798 ], [ -119.61920990251042, 34.443251459676581 ], [ -119.619285956570565, 34.443189004532591 ], [ -119.619374635287429, 34.443126591292504 ], [ -119.619408520980372, 34.443081414546398 ], [ -119.619484372033327, 34.443060764219666 ], [ -119.619555997909217, 34.443043582633692 ], [ -119.619627741934849, 34.443002016202016 ], [ -119.619523074962913, 34.442890187433001 ], [ -119.61950661354237, 34.442813488919271 ], [ -119.619452445828713, 34.442701828727323 ], [ -119.619402587869601, 34.442569278641237 ], [ -119.619407049498832, 34.442517037527125 ], [ -119.619441037353553, 34.442450957805313 ], [ -119.619474973382907, 34.442395330889092 ], [ -119.619529985318522, 34.442332805617085 ], [ -119.619606223966656, 34.442232028885414 ], [ -119.61963642431455, 34.442078842336322 ], [ -119.619645702836365, 34.441901200153609 ], [ -119.619667148968247, 34.44181766091463 ], [ -119.619718170507241, 34.441709832847344 ], [ -119.619828192942336, 34.441584781954504 ], [ -119.619908756747961, 34.441459633176741 ], [ -119.619951362482297, 34.441351777038193 ], [ -119.619934950481834, 34.441264628333414 ], [ -119.619918961372647, 34.441090385865351 ], [ -119.619885869819029, 34.440971827260391 ], [ -119.620003800135549, 34.440951316210096 ], [ -119.620201046662316, 34.441063450919962 ], [ -119.620284772514353, 34.441154307442531 ], [ -119.620196029317441, 34.441230656220846 ], [ -119.620115685410155, 34.441310516520055 ], [ -119.620094054397214, 34.441432378137002 ], [ -119.620076950820746, 34.441488061127714 ], [ -119.619996606524424, 34.441567922224067 ], [ -119.619924695299318, 34.441644326611929 ], [ -119.619890827395722, 34.441686019898846 ], [ -119.619797908779816, 34.441755387009373 ], [ -119.619751330718699, 34.441814456714404 ], [ -119.619734211021367, 34.441873624213237 ], [ -119.619733721531091, 34.441974652603371 ], [ -119.619725018187168, 34.442033848036417 ], [ -119.619712122421603, 34.44208954491247 ], [ -119.619703351523896, 34.442162675936913 ], [ -119.619690423044645, 34.442225341056975 ], [ -119.619673303211812, 34.44228450852264 ], [ -119.619635208714655, 34.44232967050187 ], [ -119.619567420225252, 34.442423507853668 ], [ -119.619529259132321, 34.442482605390282 ], [ -119.619549455894159, 34.442656861651976 ], [ -119.619565664028954, 34.442785815259406 ], [ -119.619628231567887, 34.442900987915195 ], [ -119.619691035626275, 34.44296738821815 ], [ -119.619749513384562, 34.443058161112248 ], [ -119.61983744910664, 34.443149030853171 ], [ -119.619858002159987, 34.443250128962134 ], [ -119.619887105702432, 34.44332338472227 ], [ -119.619933077223749, 34.4433897289952 ], [ -119.619945465865513, 34.443438543176342 ], [ -119.619957955741512, 34.44346645443202 ], [ -119.619987059453209, 34.443539711052182 ], [ -119.619961320560407, 34.443640654592343 ], [ -119.619956892970166, 34.443685929232203 ], [ -119.61996490469339, 34.443769566124111 ], [ -119.619964617918882, 34.443828789398381 ], [ -119.619947599160653, 34.443867054798623 ], [ -119.620018652198624, 34.443968320373521 ], [ -119.620013971622498, 34.444065850023847 ], [ -119.620013583679125, 34.444145976188942 ], [ -119.62001750525728, 34.44420521340362 ], [ -119.620046693629348, 34.444261050716932 ], [ -119.620050429721616, 34.444358608262384 ], [ -119.620037534889207, 34.444414305951653 ], [ -119.620028679704248, 34.444504855165796 ], [ -119.620074584580763, 34.444585133969653 ], [ -119.620124831699798, 34.444637557374776 ], [ -119.620116060906284, 34.444710687345165 ], [ -119.620094749367894, 34.444766357103873 ], [ -119.620039803639372, 34.444814947834516 ], [ -119.619934492579745, 34.444835500739984 ], [ -119.619858606178084, 34.444863119560267 ], [ -119.619782635341508, 34.444908155754355 ], [ -119.619736139793915, 34.444949806943903 ], [ -119.619676985355255, 34.444998383519028 ], [ -119.619546338262651, 34.445036270532597 ], [ -119.619377798870673, 34.445077516096056 ], [ -119.619327111539178, 34.445115669462432 ], [ -119.619276408351723, 34.445157305571641 ], [ -119.619251055644824, 34.445178124514641 ], [ -119.619242419186421, 34.445223385067564 ], [ -119.619254740085424, 34.445286133889951 ], [ -119.619267112797445, 34.445338430818992 ], [ -119.619262666722037, 34.44538718901584 ], [ -119.619253962644322, 34.445446384213184 ], [ -119.619148041922571, 34.445592350951657 ], [ -119.619122335090779, 34.445686326773583 ], [ -119.619117771646359, 34.445759470586665 ], [ -119.619109100144016, 34.445811698423746 ], [ -119.61911295348996, 34.445884871119681 ], [ -119.619095697160461, 34.445971907576237 ], [ -119.61909111676654, 34.44604853502878 ], [ -119.619057178880965, 34.446104162531277 ], [ -119.619044198505847, 34.446177278315979 ], [ -119.619001910239646, 34.446218943153006 ], [ -119.618951137416417, 34.446274514611751 ], [ -119.618921509259096, 34.446309254101919 ], [ -119.618870803996671, 34.446350889978788 ], [ -119.618849711079477, 34.446361270935213 ], [ -119.618798988819819, 34.446406391339032 ], [ -119.618778149709257, 34.446364517383195 ], [ -119.61887136229663, 34.446235927388322 ], [ -119.61893479425045, 34.446173430648273 ], [ -119.618968732252625, 34.446117803185942 ], [ -119.619023916311619, 34.446020441775921 ], [ -119.619028327660928, 34.445978650938187 ], [ -119.619024677321462, 34.445863674305926 ], [ -119.619016835504169, 34.445745199999585 ], [ -119.619004582370707, 34.445668516530453 ], [ -119.618984808865378, 34.445407168211744 ], [ -119.618993479317169, 34.445354940359564 ], [ -119.618993530054013, 34.44534448936902 ], [ -119.618989829057824, 34.445239963655482 ], [ -119.618889164281555, 34.445169953422671 ], [ -119.618822167693637, 34.445100055154434 ], [ -119.618714362359924, 34.445084459311488 ], [ -119.61862016459645, 34.4452063363197 ], [ -119.618475664305905, 34.445307184812414 ], [ -119.61836016772196, 34.445366404424831 ], [ -119.618172595497867, 34.445440286331483 ], [ -119.617884085893877, 34.445540652964908 ], [ -119.617747088643398, 34.445578939349083 ], [ -119.617368921895618, 34.445607479230034 ], [ -119.617149280289325, 34.445612706123327 ], [ -119.616951253598828, 34.445615023992552 ], [ -119.616738448957193, 34.445694779135401 ], [ -119.616659083674762, 34.445727296166694 ], [ -119.616608608070166, 34.445742028986281 ], [ -119.616579719415157, 34.445759813145649 ], [ -119.616535312990678, 34.445779152035193 ], [ -119.61652909815632, 34.445804348087357 ], [ -119.616525249621347, 34.445854999606453 ], [ -119.616521300235178, 34.445926512544148 ], [ -119.616521241987414, 34.44593843322523 ], [ -119.616513924598124, 34.4459622513778 ], [ -119.616485021273974, 34.445983016355413 ], [ -119.616452546074981, 34.445997808475511 ], [ -119.616409271151483, 34.446012565317531 ], [ -119.616333621868151, 34.446021252810063 ], [ -119.616311861091404, 34.446053962544063 ], [ -119.616297342732409, 34.446077755655487 ], [ -119.616257667641889, 34.446092524499207 ], [ -119.616232422400969, 34.446101380792996 ], [ -119.616199947105414, 34.446116172839744 ], [ -119.61611695319661, 34.446154638211731 ], [ -119.616080921680279, 34.446160478325154 ], [ -119.616019629201389, 34.446178154613982 ], [ -119.616117186438288, 34.446106954596296 ], [ -119.616236240905152, 34.446056689181638 ], [ -119.61628689272095, 34.44600619449465 ], [ -119.616351856659136, 34.445973629489451 ], [ -119.616398688859746, 34.445967825465196 ], [ -119.616470824476636, 34.445941245300013 ], [ -119.616478155350862, 34.445914447201012 ], [ -119.616485574686337, 34.445869768532447 ], [ -119.616482295191915, 34.44580419137403 ], [ -119.616475181701418, 34.445786285786575 ], [ -119.616475272670087, 34.445767670814256 ], [ -119.616455310349536, 34.445763853516716 ], [ -119.61630195804149, 34.445734481591089 ], [ -119.61614458901424, 34.445657026801435 ], [ -119.615871512333797, 34.445545841532599 ], [ -119.615569533054909, 34.445455420357483 ], [ -119.615404098728092, 34.445419102301123 ], [ -119.615296107285673, 34.445415758718489 ], [ -119.615206088173878, 34.445418437210712 ], [ -119.615005154377599, 34.445463345878657 ], [ -119.614745611573511, 34.445529230617616 ], [ -119.614484414661348, 34.445601786477091 ], [ -119.614337617059604, 34.445754203748777 ], [ -119.614298100264307, 34.445928318793499 ], [ -119.614252914065517, 34.44615223564994 ], [ -119.614229521902459, 34.446271711631475 ], [ -119.614269585805147, 34.446276271051495 ], [ -119.614228348731118, 34.446462100112122 ], [ -119.614198209957351, 34.446733798744148 ], [ -119.614129949728465, 34.44692701592114 ], [ -119.613977485515505, 34.447104991628976 ], [ -119.613907797329233, 34.447219198458896 ], [ -119.613705265835293, 34.447404483329834 ], [ -119.613572117260787, 34.44753754978597 ], [ -119.613295004122392, 34.447660593587138 ], [ -119.612989228074326, 34.447754928541393 ], [ -119.612703674487605, 34.44782543617935 ], [ -119.612371889359125, 34.44794834600161 ], [ -119.612131293393929, 34.448040414845323 ], [ -119.611828822435101, 34.448265989965755 ], [ -119.611597386640895, 34.448470247780769 ], [ -119.611359914535996, 34.448709849756142 ], [ -119.611432586521417, 34.448927144184417 ], [ -119.611455155890098, 34.44902258929443 ], [ -119.611510779172391, 34.449423323240453 ], [ -119.611602424908256, 34.449533521294228 ], [ -119.611629746069198, 34.449566373032454 ], [ -119.611579664129991, 34.449650223062662 ], [ -119.611605462430717, 34.449782255229572 ], [ -119.611632230775754, 34.449859737243912 ], [ -119.611646532842769, 34.4499841331046 ], [ -119.611611024566372, 34.45011985015406 ], [ -119.611353616777535, 34.450517452902297 ], [ -119.611349729866674, 34.450620194532448 ], [ -119.6113693963473, 34.45074836077135 ], [ -119.611343113335664, 34.45082060571967 ], [ -119.611299307361435, 34.45084227931703 ], [ -119.611200028504967, 34.450824041757024 ], [ -119.611124084944606, 34.450777258588552 ], [ -119.611062756806035, 34.450719462034371 ], [ -119.611035324193054, 34.450600999582925 ], [ -119.611145767517911, 34.450500684212763 ], [ -119.611125712052541, 34.450404307855415 ], [ -119.611242436931775, 34.450099526750535 ], [ -119.611313217945181, 34.449765978274172 ], [ -119.611291362731791, 34.449657336114683 ], [ -119.611262363493609, 34.449513181122228 ], [ -119.611234506524639, 34.449374702491824 ], [ -119.611201507836597, 34.449288122273593 ], [ -119.611040102420532, 34.449267732633793 ], [ -119.611114239503905, 34.449195228411504 ], [ -119.611152019597881, 34.449158280332654 ], [ -119.611217128270312, 34.449127125456151 ], [ -119.611150368633901, 34.449065025614772 ], [ -119.611115323404704, 34.44900000296618 ], [ -119.61097899583504, 34.44891447841318 ], [ -119.610829632660426, 34.448885727375163 ], [ -119.610780314850814, 34.448773279112949 ], [ -119.610603362752244, 34.448781208507441 ], [ -119.610031114244748, 34.448754649425432 ], [ -119.609892646452778, 34.448736895413681 ], [ -119.609864873159339, 34.448551030593897 ], [ -119.60994006157442, 34.448335203813137 ], [ -119.610099032765433, 34.448458148948355 ], [ -119.610239210291354, 34.448450924222357 ], [ -119.610274255130264, 34.448436475147489 ], [ -119.610274254529827, 34.448342553730676 ], [ -119.610274254881077, 34.448226957785963 ], [ -119.610274254607404, 34.448183608738731 ], [ -119.610235858825291, 34.448109562306151 ], [ -119.610326821318253, 34.448111361358833 ], [ -119.610440716551622, 34.448075237408901 ], [ -119.610572308826917, 34.448055666630665 ], [ -119.610659842456883, 34.447929908994084 ], [ -119.610510345556676, 34.447583691330856 ], [ -119.610353648975661, 34.447237447955331 ], [ -119.610338630002005, 34.447100970586902 ], [ -119.610146634488757, 34.447028566753012 ], [ -119.610046465682998, 34.446969839726357 ], [ -119.609976377012103, 34.446919265618007 ], [ -119.609932570571459, 34.446897590567517 ], [ -119.609818691212936, 34.446787400737072 ], [ -119.609801153511086, 34.44663027007249 ], [ -119.609766109397597, 34.44657969625618 ], [ -119.609739826362912, 34.446507447081622 ], [ -119.609701847850587, 34.446414992849803 ], [ -119.609915048591375, 34.446341273419009 ], [ -119.609999258840872, 34.446310615845562 ], [ -119.610089762386067, 34.446249240734367 ], [ -119.610028943104794, 34.446138975746216 ], [ -119.6098939860738, 34.446092354628789 ], [ -119.609887255679268, 34.446019576410812 ], [ -119.60981292485836, 34.445924292289057 ], [ -119.609652214996785, 34.445922227189449 ], [ -119.609572263854702, 34.44579024736916 ], [ -119.609533471948282, 34.445649155130127 ], [ -119.609419658933533, 34.445368622208896 ], [ -119.609168981832582, 34.445099543924108 ], [ -119.609076712797545, 34.444831004911521 ], [ -119.609034408235686, 34.444620009633432 ], [ -119.608784862001329, 34.444412196706672 ], [ -119.608732295203836, 34.444325496227648 ], [ -119.608706664681563, 34.444184065483476 ], [ -119.608670967594037, 34.444022041289237 ], [ -119.608627162011018, 34.443855863124362 ], [ -119.608571285673619, 34.443666973302186 ], [ -119.608578588881983, 34.443533378484346 ], [ -119.608548312033463, 34.443458479387189 ], [ -119.608522028025618, 34.443379002720526 ], [ -119.608495745518397, 34.44327785051518 ], [ -119.608460700507806, 34.443162246817018 ], [ -119.608416894585801, 34.443068319314804 ], [ -119.608339369635345, 34.44300368452712 ], [ -119.608101494539568, 34.44290936518447 ], [ -119.607996360788846, 34.442902139748099 ], [ -119.607823277400968, 34.442898276122378 ], [ -119.607769065173613, 34.442897065896666 ], [ -119.607745369657891, 34.442824985251569 ], [ -119.607687784309704, 34.442770811815357 ], [ -119.607641084441838, 34.442726878122706 ], [ -119.607680959433097, 34.442605905068831 ], [ -119.607660991396429, 34.442561667353431 ], [ -119.607527923061681, 34.442534388671 ], [ -119.607448811650201, 34.442516235704275 ], [ -119.607326558682828, 34.442486013851116 ], [ -119.607204259974722, 34.442464732626107 ], [ -119.607114497589535, 34.4424167410411 ], [ -119.607068054759125, 34.442345054368658 ], [ -119.607079093763559, 34.44229740854766 ], [ -119.607093896600247, 34.442216991966866 ], [ -119.60710166407361, 34.442103767569336 ], [ -119.607127252177023, 34.442026367975387 ], [ -119.607149300178989, 34.441937036199711 ], [ -119.607189288112494, 34.441859685973633 ], [ -119.607229246136868, 34.441788296540693 ], [ -119.607240404282692, 34.441716807423738 ], [ -119.607229812879453, 34.441675047391762 ], [ -119.607215651618446, 34.441627314197135 ], [ -119.60720149037013, 34.441579581899518 ], [ -119.607212529190363, 34.441531935128488 ], [ -119.607255684064256, 34.441541024053748 ], [ -119.607277224769405, 34.441553018854535 ], [ -119.607306025608295, 34.441553117613026 ], [ -119.607345595715884, 34.441559214204467 ], [ -119.607385091290652, 34.441580211466849 ], [ -119.607435327447135, 34.441613166463618 ], [ -119.607485578548918, 34.44164314148064 ], [ -119.60753580097068, 34.441679077292456 ], [ -119.607593311165914, 34.441697155304063 ], [ -119.607654451969296, 34.441709286610653 ], [ -119.607676231138399, 34.441673597527078 ], [ -119.607619002947288, 34.441598894070538 ], [ -119.607536978271384, 34.441443639082948 ], [ -119.607516003883632, 34.441318395139191 ], [ -119.607462629171152, 34.441193041028292 ], [ -119.607441343027475, 34.441130382471457 ], [ -119.607422776440245, 34.441048928622422 ], [ -119.607435648156894, 34.440900729208984 ], [ -119.607382993428999, 34.440763829598275 ], [ -119.607312992201585, 34.440647840477453 ], [ -119.607242903562124, 34.44059003735547 ], [ -119.607137770115429, 34.440539459020926 ], [ -119.606902401769176, 34.440472363021208 ], [ -119.606664667886008, 34.440532233735958 ], [ -119.606553604066562, 34.440552564521802 ], [ -119.606471923898468, 34.440633389375336 ], [ -119.606401834140982, 34.44069119248487 ], [ -119.606305461496945, 34.440712869331541 ], [ -119.606218328597862, 34.44074182739358 ], [ -119.606182806069128, 34.440604487788086 ], [ -119.606156523086142, 34.440481655554706 ], [ -119.606139000930497, 34.440373274090582 ], [ -119.606162283726349, 34.440261212185767 ], [ -119.606168876021343, 34.440229483807357 ], [ -119.606121478471323, 34.440156511007906 ], [ -119.606060150016447, 34.440105932721572 ], [ -119.605990061661885, 34.440026452293374 ], [ -119.605928733393313, 34.439975873930244 ], [ -119.605670251900719, 34.439972767444623 ], [ -119.605547111966374, 34.43993477196684 ], [ -119.605425354955727, 34.439829574479909 ], [ -119.605385543059114, 34.439708530944415 ], [ -119.605395141287318, 34.439628459591376 ], [ -119.605394304645358, 34.439549569693682 ], [ -119.605473154114904, 34.439397834497314 ], [ -119.605481915858945, 34.439311127963627 ], [ -119.605499437391188, 34.439231647067729 ], [ -119.605560765927251, 34.439181068297117 ], [ -119.605639615798665, 34.439152165977269 ], [ -119.60569218252239, 34.439108812806886 ], [ -119.60576227139849, 34.439051008238813 ], [ -119.605823599636878, 34.438978752790952 ], [ -119.605867405245831, 34.438906497376713 ], [ -119.605902449880119, 34.43880533888737 ], [ -119.605937494064463, 34.438711406487819 ], [ -119.605946255931997, 34.438610248538282 ], [ -119.605951553286559, 34.438532691709689 ], [ -119.60593437651363, 34.438503952532621 ], [ -119.605811610018264, 34.438423026308222 ], [ -119.605721256045427, 34.43834221154178 ], [ -119.605695703038492, 34.438266986026569 ], [ -119.605696053532753, 34.438197217688582 ], [ -119.605722415304996, 34.438111437612591 ], [ -119.605735988702037, 34.438003296248901 ], [ -119.605692182284187, 34.43780820425286 ], [ -119.605665899494042, 34.437714270631183 ], [ -119.605657137907798, 34.437620336954147 ], [ -119.605657138093108, 34.437555305479663 ], [ -119.605634948319448, 34.43743684378309 ], [ -119.605486391979042, 34.437312716677731 ], [ -119.605464401943479, 34.437206986703046 ], [ -119.605444663358668, 34.437123470899557 ], [ -119.605314227175626, 34.436963922344297 ], [ -119.60509610483679, 34.43691129709314 ], [ -119.604869202546709, 34.436870271955847 ], [ -119.604837406139737, 34.436860809459894 ], [ -119.604735308746271, 34.437002100513681 ], [ -119.60458739121475, 34.437209017201837 ], [ -119.604569787794048, 34.437273330999204 ], [ -119.604534112378971, 34.437494941340162 ], [ -119.604533067280585, 34.437702365859977 ], [ -119.604549805950938, 34.437809714274287 ], [ -119.604549301440471, 34.437909850006044 ], [ -119.604557545220985, 34.437988558359926 ], [ -119.604496598657846, 34.43808133222246 ], [ -119.604452931268028, 34.438174166628571 ], [ -119.604418120281892, 34.438224115558384 ], [ -119.604210191208793, 34.43833783990911 ], [ -119.604097225437641, 34.438466197549538 ], [ -119.604044629539985, 34.438616222273865 ], [ -119.604060862597692, 34.438823706301193 ], [ -119.604068925583007, 34.43893817689132 ], [ -119.604128826043862, 34.439052827569846 ], [ -119.604102582618125, 34.439117110412766 ], [ -119.603981481559117, 34.439145302376716 ], [ -119.603843244188965, 34.439144824264091 ], [ -119.603773728861171, 34.439223263566483 ], [ -119.603772970593965, 34.439373467395299 ], [ -119.603641892243047, 34.439666273534577 ], [ -119.603572412380871, 34.439737559685206 ], [ -119.603476832737357, 34.439844519189883 ], [ -119.603441911976631, 34.439915924902067 ], [ -119.603441478315972, 34.440001755346536 ], [ -119.603432295818806, 34.440109013922722 ], [ -119.603405869670027, 34.440209059662386 ], [ -119.603518152579923, 34.440216601554859 ], [ -119.603639183217325, 34.44020271518167 ], [ -119.603812162511531, 34.440167549974461 ], [ -119.603950544962842, 34.440139417977136 ], [ -119.603958751199457, 34.440225278281261 ], [ -119.603802908290419, 34.440289113632524 ], [ -119.603733319684878, 34.440381857889875 ], [ -119.603689794580831, 34.440446080757965 ], [ -119.60367229805378, 34.44048893616052 ], [ -119.603654620909225, 34.440567554673777 ], [ -119.603619772233387, 34.440624655324328 ], [ -119.603507200752091, 34.440674334696958 ], [ -119.603463603027336, 34.440752862523347 ], [ -119.603446034031677, 34.440810022940511 ], [ -119.603436563420388, 34.440974501675299 ], [ -119.603374998742183, 34.441188869006723 ], [ -119.6032879480654, 34.441317315251979 ], [ -119.603278620588839, 34.441453183782173 ], [ -119.603260978990562, 34.441524649183087 ], [ -119.603320881338249, 34.441639299093119 ], [ -119.603484862002304, 34.44167563065372 ], [ -119.603501708489873, 34.441761520775444 ], [ -119.603363321929208, 34.441789652181377 ], [ -119.603388989638546, 34.44183981006752 ], [ -119.603423043921495, 34.441940065073894 ], [ -119.603534715087875, 34.442069199369257 ], [ -119.603543210112491, 34.442097839365395 ], [ -119.60356005674997, 34.442183730343679 ], [ -119.603628780222309, 34.442262646870113 ], [ -119.603792762331295, 34.442298977967553 ], [ -119.603922545077936, 34.442263663202894 ], [ -119.604009198799162, 34.442213894782931 ], [ -119.604052508124411, 34.442192586134212 ], [ -119.604121665024877, 34.442185673011579 ], [ -119.604173505639395, 34.44218585219545 ], [ -119.60420795784276, 34.442207428752063 ], [ -119.604345442320295, 34.442358109807778 ], [ -119.604414346987127, 34.442401263700312 ], [ -119.604456899316901, 34.442530158265996 ], [ -119.604456178370043, 34.44267320953967 ], [ -119.604446924855438, 34.442794772047087 ], [ -119.60441178735212, 34.44290909384695 ], [ -119.604402318515923, 34.44307357141863 ], [ -119.604401921938233, 34.443152249534123 ], [ -119.604392415903476, 34.443323880926762 ], [ -119.604495018407903, 34.443538814412236 ], [ -119.604494405656055, 34.443660407559527 ], [ -119.604502504723143, 34.443767725507229 ], [ -119.60456251871301, 34.443860916533545 ], [ -119.604424921943703, 34.443731693941523 ], [ -119.604382081668717, 34.443660019611627 ], [ -119.604399866937072, 34.443559944142216 ], [ -119.604374486459236, 34.443452566469077 ], [ -119.604349287423204, 34.44330942666604 ], [ -119.604341007237011, 34.44323787077569 ], [ -119.60426447202363, 34.442994416599483 ], [ -119.604351847475712, 34.442801596722106 ], [ -119.604352244101818, 34.44272291857952 ], [ -119.604370317635698, 34.442565622872607 ], [ -119.604370786351865, 34.44247263967263 ], [ -119.604310449110642, 34.442443820646432 ], [ -119.604206875747593, 34.442422005270686 ], [ -119.604137790798518, 34.442414613403464 ], [ -119.604025504679939, 34.442407073036051 ], [ -119.603947779091015, 34.442399651178825 ], [ -119.603887190455168, 34.442420900021382 ], [ -119.603818069429778, 34.44242066093166 ], [ -119.60369717986876, 34.442405937384763 ], [ -119.603576325394059, 34.442384060735847 ], [ -119.603472607771735, 34.442390853873441 ], [ -119.60342026103848, 34.442490810545756 ], [ -119.603419682773534, 34.442605250844686 ], [ -119.603384616153065, 34.442705266414791 ], [ -119.603366649048922, 34.442841104845336 ], [ -119.603348754179081, 34.442962638223534 ], [ -119.603253856198734, 34.44293369895265 ], [ -119.603296406911227, 34.4430625938815 ], [ -119.603278656500962, 34.44315551716506 ], [ -119.603261014520129, 34.443226982445559 ], [ -119.603268858768473, 34.443384367666205 ], [ -119.603251035938101, 34.443491595939875 ], [ -119.6032759448766, 34.443691956048504 ], [ -119.603326918866074, 34.443863796754741 ], [ -119.603412526592265, 34.444021451174201 ], [ -119.603523947770839, 34.444200653214679 ], [ -119.603291634641621, 34.444006727222508 ], [ -119.603179852628557, 34.4438990500147 ], [ -119.603128589584472, 34.443784430230416 ], [ -119.603059901459702, 34.44369836056169 ], [ -119.603016735754011, 34.443691057860782 ], [ -119.6028784990893, 34.443716394787664 ], [ -119.602830693782337, 34.443773443791947 ], [ -119.602686326718938, 34.443844469407466 ], [ -119.602607002757381, 34.443868036011601 ], [ -119.602368821366738, 34.443980460191007 ], [ -119.602203094153936, 34.444003726498529 ], [ -119.601900229539936, 34.444092082295924 ], [ -119.601575732913417, 34.444186322037453 ], [ -119.601561090479052, 34.444233955616539 ], [ -119.601517615929112, 34.444287449781775 ], [ -119.601524574562404, 34.444335157604996 ], [ -119.601560394500154, 34.444371045834266 ], [ -119.601718679962886, 34.444395438192046 ], [ -119.601819362840033, 34.444419630981287 ], [ -119.602042179915586, 34.444497891731054 ], [ -119.602070829633647, 34.444527793978573 ], [ -119.601890912393927, 34.444509287821973 ], [ -119.601646162600829, 34.444496515000722 ], [ -119.601552467509777, 34.444514070876735 ], [ -119.601350889800074, 34.444507409413546 ], [ -119.601264546799669, 34.444495187040765 ], [ -119.601120631388341, 34.444476805007426 ], [ -119.601025793003629, 34.444435942341954 ], [ -119.601008348674625, 34.444468068637086 ], [ -119.60099084978674, 34.444510923459347 ], [ -119.600951549678584, 34.444593042461122 ], [ -119.600925318890845, 34.444653748643795 ], [ -119.600886001547863, 34.444739443190549 ], [ -119.600790301918636, 34.444867856973467 ], [ -119.600686162263912, 34.444956902009345 ], [ -119.600672765210447, 34.445042686827392 ], [ -119.600650308610554, 34.445210695924608 ], [ -119.600697193886049, 34.445336030115257 ], [ -119.600766099156786, 34.445379186976695 ], [ -119.600835004507843, 34.445422342893693 ], [ -119.600972671062152, 34.445537264588992 ], [ -119.601053828109912, 34.44571993986785 ], [ -119.601062051029729, 34.445802223436139 ], [ -119.601057348743751, 34.445877309805738 ], [ -119.601048235019448, 34.445970262579586 ], [ -119.601000621537708, 34.445987977591649 ], [ -119.600944348778441, 34.446009239849609 ], [ -119.60087059487563, 34.446069780345411 ], [ -119.600857288776808, 34.446137683634404 ], [ -119.600856925008856, 34.446209208556525 ], [ -119.60083902548449, 34.446330741137331 ], [ -119.600843055010174, 34.446387976122068 ], [ -119.600829875071852, 34.44643084589196 ], [ -119.600807928840311, 34.446498719939456 ], [ -119.600812102787657, 34.446527344953623 ], [ -119.600811902692882, 34.446566683420912 ], [ -119.600815859449341, 34.446638223371068 ], [ -119.600815513828266, 34.446706172689225 ], [ -119.60083676999912, 34.446774196388731 ], [ -119.600871095980594, 34.446820808233959 ], [ -119.600892443161911, 34.446870951373235 ], [ -119.600913716542593, 34.44693539857488 ], [ -119.600917527923841, 34.447035548440432 ], [ -119.600908451358151, 34.447121349065441 ], [ -119.600916709553346, 34.447196480491854 ], [ -119.600924968857541, 34.447271611014848 ], [ -119.600915909371295, 34.447353835149379 ], [ -119.60093295430265, 34.447400386732731 ], [ -119.600949726488366, 34.447500581708994 ], [ -119.600979496943324, 34.447593669799026 ], [ -119.600957476695342, 34.447675847855592 ], [ -119.600935692805209, 34.447711535449336 ], [ -119.60093097210202, 34.4477901972366 ], [ -119.60093507451063, 34.447833127174469 ], [ -119.60089148841908, 34.447908077901175 ], [ -119.600934328909091, 34.447979754140327 ], [ -119.600963789314775, 34.448133637578678 ], [ -119.600985136912513, 34.44818378063561 ], [ -119.601006339085473, 34.448262532695175 ], [ -119.601044677411409, 34.448369955750323 ], [ -119.601117851672697, 34.448423855809693 ], [ -119.601126528272033, 34.448416732972817 ], [ -119.601161164121336, 34.448402548381509 ], [ -119.601178391171146, 34.448413337047811 ], [ -119.60118254826881, 34.448445538461485 ], [ -119.601173616142006, 34.448502728180003 ], [ -119.601182057564174, 34.448542097561869 ], [ -119.601186160149481, 34.448585027458911 ], [ -119.601177191662941, 34.448649369194236 ], [ -119.601181094331309, 34.448731638371648 ], [ -119.601189390395618, 34.448799616738405 ], [ -119.601214839847074, 34.448892689599326 ], [ -119.601231630884627, 34.448989307925039 ], [ -119.601252742661686, 34.449085942182194 ], [ -119.601248276589018, 34.449114537026652 ], [ -119.601265031371952, 34.449218308247559 ], [ -119.601312265221765, 34.449275693448378 ], [ -119.601341982280218, 34.449379509760163 ], [ -119.601350331962593, 34.449436759589261 ], [ -119.601354289354646, 34.449508299317841 ], [ -119.601366759959831, 34.449604903427655 ], [ -119.601370590215751, 34.449701476554928 ], [ -119.601374311484847, 34.449819507523195 ], [ -119.60143412550309, 34.4499520388649 ], [ -119.601433816731102, 34.450012835046621 ], [ -119.601399434526641, 34.449976951990195 ], [ -119.601365197678106, 34.449912459959897 ], [ -119.601334954618125, 34.449912354699116 ], [ -119.601330306853683, 34.449976711400801 ], [ -119.60131264339536, 34.450051752356686 ], [ -119.601316709792002, 34.450101835100227 ], [ -119.601307813909756, 34.450151872721968 ], [ -119.601311680454799, 34.450241293785943 ], [ -119.601432036746175, 34.450363306233236 ], [ -119.601470594618419, 34.450427814149712 ], [ -119.60150043944202, 34.450506596911531 ], [ -119.60149566465239, 34.450595987872276 ], [ -119.601464422433892, 34.450792575082595 ], [ -119.601407583260126, 34.450924700359558 ], [ -119.601380987396027, 34.451056930847443 ], [ -119.601380460590164, 34.451160641706181 ], [ -119.601393010206152, 34.451241748591329 ], [ -119.601512727599655, 34.451490121630442 ], [ -119.601523667641715, 34.451604600982755 ], [ -119.601575175539864, 34.451671538177145 ], [ -119.601592118917736, 34.45173835422213 ], [ -119.601591610539117, 34.451838489461558 ], [ -119.60156817971891, 34.451914701529162 ], [ -119.601550534206581, 34.451986166828192 ], [ -119.601549977357564, 34.452095837442272 ], [ -119.601543660425136, 34.45220548890827 ], [ -119.60154307935197, 34.452319928098369 ], [ -119.601577377919682, 34.452372499324575 ], [ -119.601571374642802, 34.452420162574761 ], [ -119.601571205173173, 34.452453540966509 ], [ -119.601570890444691, 34.452515529148073 ], [ -119.601547338342883, 34.45261558325101 ], [ -119.601552736375226, 34.452687127758324 ], [ -119.601569292592359, 34.452830236793488 ], [ -119.601540264751605, 34.452874243417831 ], [ -119.601522855074421, 34.452899217529087 ], [ -119.601505863078771, 34.452841937843864 ], [ -119.601484568364015, 34.452781066671569 ], [ -119.601484986077679, 34.45269881286692 ], [ -119.601481082888867, 34.452616544923345 ], [ -119.601459824581639, 34.45254852083503 ], [ -119.60138682789426, 34.452458859425221 ], [ -119.601348233844462, 34.452401504512686 ], [ -119.60134409463339, 34.452365727682427 ], [ -119.60137453847112, 34.452326493796789 ], [ -119.601383180233341, 34.452326523871164 ], [ -119.601417654282287, 34.452344525502241 ], [ -119.601456558207516, 34.452341084360242 ], [ -119.601495515521833, 34.452326914753172 ], [ -119.601496187468811, 34.452194594214347 ], [ -119.601501053153882, 34.452087322944301 ], [ -119.601510239692203, 34.451980065793826 ], [ -119.601506699719636, 34.451826272369722 ], [ -119.601502814712873, 34.451740427904163 ], [ -119.601499074997804, 34.451625973616203 ], [ -119.601447518757467, 34.451568573591082 ], [ -119.601400428747652, 34.451482578757052 ], [ -119.601349454027883, 34.451310738488147 ], [ -119.601324220563384, 34.451174751134516 ], [ -119.601320173360023, 34.451121092895384 ], [ -119.601329249933514, 34.451035293478014 ], [ -119.601346786428067, 34.45098528597174 ], [ -119.601360147423847, 34.450906654488264 ], [ -119.601395129467846, 34.450824520822351 ], [ -119.601408545972888, 34.450735159958619 ], [ -119.601417567914567, 34.45066008896729 ], [ -119.601400794456325, 34.450559894372553 ], [ -119.60139685513478, 34.450484778263622 ], [ -119.601362708899671, 34.450402404883711 ], [ -119.601324079544924, 34.450352201858763 ], [ -119.601255441074613, 34.45025540319331 ], [ -119.601238413504859, 34.450205275332053 ], [ -119.601238686082922, 34.450151632077272 ], [ -119.601256149753212, 34.450115929470165 ], [ -119.601269475441697, 34.450044449947995 ], [ -119.601265518099993, 34.449972910254374 ], [ -119.601283108906117, 34.449912174231784 ], [ -119.601300717855324, 34.449847861744374 ], [ -119.601309994156182, 34.449722723876739 ], [ -119.60129837754819, 34.449458036986883 ], [ -119.601294402043905, 34.449390072811752 ], [ -119.601277483654641, 34.449318487953974 ], [ -119.601230286150994, 34.449253949820239 ], [ -119.601217597693136, 34.449200261389485 ], [ -119.601213531406444, 34.449150178597861 ], [ -119.601200952019482, 34.449075032293976 ], [ -119.601192546871161, 34.449028511813822 ], [ -119.601192946696088, 34.448949834166854 ], [ -119.601154298899644, 34.448903207470579 ], [ -119.601141556023421, 34.448860247497578 ], [ -119.601124528829175, 34.44881011955038 ], [ -119.601111949581991, 34.448734973211543 ], [ -119.601077768047062, 34.448659752529487 ], [ -119.601034963414193, 34.448580924367413 ], [ -119.600970357667407, 34.448541360221348 ], [ -119.600935903578176, 34.448519781925036 ], [ -119.600940406103362, 34.448484034149509 ], [ -119.600979307042621, 34.448480594053784 ], [ -119.601005266336259, 34.448473531434615 ], [ -119.601014070222604, 34.448441375165487 ], [ -119.600958596905727, 34.448305282897046 ], [ -119.600941715429002, 34.44822654498472 ], [ -119.600903722860593, 34.448051173557488 ], [ -119.600843928288811, 34.447915065220776 ], [ -119.600857252890449, 34.447843585587258 ], [ -119.600887932738203, 34.447757861209709 ], [ -119.600905450593942, 34.447711430074946 ], [ -119.600936456583312, 34.447561332879204 ], [ -119.600906505413477, 34.44750400764412 ], [ -119.600863719772619, 34.447421602861041 ], [ -119.600855297904531, 34.447378657849875 ], [ -119.600846802200579, 34.44735001780036 ], [ -119.600842827189538, 34.447282054368998 ], [ -119.600813221820303, 34.447156779810179 ], [ -119.600817869841805, 34.447092422950121 ], [ -119.600826728223382, 34.447049537246812 ], [ -119.600822681572907, 34.446995878771155 ], [ -119.600810120008774, 34.446917155791837 ], [ -119.600818870314683, 34.446895728898554 ], [ -119.600776085097451, 34.446813324033272 ], [ -119.600746425427474, 34.446698778807722 ], [ -119.600759604367823, 34.446655909055004 ], [ -119.600781460808278, 34.44660591738041 ], [ -119.600773165333777, 34.446537937935595 ], [ -119.600743251063349, 34.446473459659153 ], [ -119.600743342028224, 34.446455579109717 ], [ -119.600765107463445, 34.44642346797864 ], [ -119.600778286347335, 34.446380598212187 ], [ -119.600787309479898, 34.446305526951143 ], [ -119.600800652051944, 34.446230470739188 ], [ -119.600801234162645, 34.446116030864168 ], [ -119.600827556484788, 34.446037443339804 ], [ -119.600844892100795, 34.446026775052523 ], [ -119.600870922257343, 34.446005407456227 ], [ -119.600927213215527, 34.445980569663391 ], [ -119.600957582045083, 34.445955641529594 ], [ -119.60097072546985, 34.445919923768329 ], [ -119.600970961851957, 34.445873432330771 ], [ -119.600971270966269, 34.445812635901511 ], [ -119.600937127210571, 34.44573026201418 ], [ -119.600920172479078, 34.445665828886078 ], [ -119.600842917954736, 34.445565422949343 ], [ -119.600808938156391, 34.445450862540994 ], [ -119.600740014604511, 34.445411282182413 ], [ -119.600697048317485, 34.445364641008233 ], [ -119.600645496781468, 34.445307239365782 ], [ -119.600611335387043, 34.445228441814827 ], [ -119.600598739004155, 34.445156871628321 ], [ -119.600607560885678, 34.445121138809931 ], [ -119.600612227155693, 34.445053205353261 ], [ -119.600647079990694, 34.444996104967217 ], [ -119.600660331487802, 34.444938930152134 ], [ -119.600682296691957, 34.444867480456985 ], [ -119.600786436232355, 34.444778435416808 ], [ -119.600860752810107, 34.444607031328253 ], [ -119.60097404181991, 34.444417881147963 ], [ -119.600848140911637, 34.4442553158095 ], [ -119.600805514753048, 34.444141916395004 ], [ -119.600726736828534, 34.444058194542343 ], [ -119.600705681634807, 34.443950831171186 ], [ -119.600706106178549, 34.443867385392558 ], [ -119.600699360363919, 34.443777953702558 ], [ -119.600685202695232, 34.443730219799974 ], [ -119.600678427676257, 34.443646748900946 ], [ -119.600657251347954, 34.44356322687905 ], [ -119.600621583841956, 34.443497537035597 ], [ -119.600585977066515, 34.443419925573274 ], [ -119.600586401734702, 34.443336479751231 ], [ -119.600586614068419, 34.443294756837595 ], [ -119.600565316589652, 34.443235077080381 ], [ -119.600594632611262, 34.443133849275114 ], [ -119.600630815535766, 34.443098212701329 ], [ -119.600739030579447, 34.443056866343333 ], [ -119.600868846262671, 34.443015595162677 ], [ -119.601071178603362, 34.442873246381062 ], [ -119.601129355694354, 34.442760198912332 ], [ -119.601194883544835, 34.442617374240854 ], [ -119.601224410516124, 34.442474423263839 ], [ -119.601246647062538, 34.442349329617436 ], [ -119.601253938463756, 34.44233147316389 ], [ -119.601252939139457, 34.442528168107685 ], [ -119.601280528024233, 34.442766685320315 ], [ -119.60125036510604, 34.443034805057614 ], [ -119.601241832007091, 34.443297040021228 ], [ -119.601118307904017, 34.443517149935658 ], [ -119.601024038158741, 34.443647953405346 ], [ -119.600980322229475, 34.443749130197986 ], [ -119.60096537537747, 34.44385636810842 ], [ -119.600965042025365, 34.443921932393266 ], [ -119.60097895855472, 34.444017349940957 ], [ -119.600985733925299, 34.44410082079164 ], [ -119.601021068699126, 34.444232075648557 ], [ -119.601035529660479, 34.444220205120139 ], [ -119.60107894390525, 34.444178632729205 ], [ -119.601216324324795, 34.444065861208173 ], [ -119.601374881528741, 34.444036610469432 ], [ -119.601483067211461, 34.444001223344245 ], [ -119.601583962408768, 34.44398369256573 ], [ -119.601634243044927, 34.444007710182269 ], [ -119.601835760106809, 34.444026291850008 ], [ -119.60190773258779, 34.444032502945909 ], [ -119.601896044797712, 34.44403784921036 ], [ -119.602109762392217, 34.443949757757778 ], [ -119.602217947623828, 34.443914369935506 ], [ -119.602355206236979, 34.443825438420006 ], [ -119.602521082873636, 34.443772369686094 ], [ -119.602748995521523, 34.44366867203837 ], [ -119.602887638951785, 34.443590473399752 ], [ -119.602991575296528, 34.443540765731804 ], [ -119.603043742392487, 34.443476572370535 ], [ -119.603069988147766, 34.443412289146863 ], [ -119.603096813690556, 34.44323356570353 ], [ -119.60299345670704, 34.443168834163224 ], [ -119.602846681174768, 34.443146866906822 ], [ -119.602665417320324, 34.443110475436292 ], [ -119.602544599356236, 34.443081445653576 ], [ -119.602562749039734, 34.442909844355135 ], [ -119.602658081270462, 34.442852954007549 ], [ -119.602753231264529, 34.442831825706129 ], [ -119.602830993366169, 34.442832095403951 ], [ -119.60290011475098, 34.442832335089335 ], [ -119.603004013906485, 34.442789779439039 ], [ -119.603039044871139, 34.442696916961879 ], [ -119.603161020806851, 34.442497064755791 ], [ -119.603161563285369, 34.442389776515128 ], [ -119.603179313656554, 34.442296854080304 ], [ -119.603240227806211, 34.442211233373079 ], [ -119.603275149776309, 34.442139826983649 ], [ -119.603266944087352, 34.442053966793509 ], [ -119.603267233329319, 34.441996746614706 ], [ -119.603267811811989, 34.441882306247557 ], [ -119.603130401483455, 34.441717318774678 ], [ -119.603018334618952, 34.441666861369136 ], [ -119.602793800958466, 34.441644625342519 ], [ -119.602327637331996, 34.441564327995685 ], [ -119.601947656158103, 34.441527245127986 ], [ -119.601591509252344, 34.441471810572395 ], [ -119.601540546520098, 34.441586328913885 ], [ -119.601453347118749, 34.441743383809658 ], [ -119.601418169404354, 34.441864856882482 ], [ -119.60133133276517, 34.441950386421603 ], [ -119.601175555896916, 34.441999913041066 ], [ -119.601071620442582, 34.44204961913681 ], [ -119.600906585367056, 34.442220708593275 ], [ -119.60079324588456, 34.44242058767491 ], [ -119.600715047541627, 34.442506146814537 ], [ -119.600810889931253, 34.442349122717523 ], [ -119.600872097694207, 34.442206283113634 ], [ -119.601045809798919, 34.44202807173361 ], [ -119.601331732414863, 34.441871708223104 ], [ -119.601340589921875, 34.441828823159554 ], [ -119.601341752501611, 34.441599942393772 ], [ -119.601421048646898, 34.441439580873819 ], [ -119.601386851833354, 34.441367935328373 ], [ -119.601369753447614, 34.441332113000492 ], [ -119.601353018375562, 34.441224764496233 ], [ -119.601388195903908, 34.441103291366304 ], [ -119.601363783744233, 34.440884885271977 ], [ -119.601295027241804, 34.440933150618825 ], [ -119.601243114782861, 34.440947275190638 ], [ -119.601133432534823, 34.440994577911987 ], [ -119.601075638477568, 34.441032524708028 ], [ -119.601017795890897, 34.441080006976328 ], [ -119.601006155075169, 34.441103809205096 ], [ -119.600959832014084, 34.441151331573622 ], [ -119.600896351230716, 34.441174953150856 ], [ -119.600821349698023, 34.441198533636005 ], [ -119.600657442805769, 34.441233069921147 ], [ -119.600627075708275, 34.441257998091949 ], [ -119.600544831087674, 34.441289898424365 ], [ -119.600432493393228, 34.441293083094457 ], [ -119.600345856627825, 34.44133927326628 ], [ -119.600289277403917, 34.441421331094617 ], [ -119.600258799738413, 34.441467717186008 ], [ -119.600224039269762, 34.441506936115616 ], [ -119.600167697731038, 34.441542502238754 ], [ -119.600133118300761, 34.441545958060452 ], [ -119.600055322125797, 34.441552838608416 ], [ -119.60001182980767, 34.441609908831531 ], [ -119.599955359412434, 34.44167050845104 ], [ -119.599877161987365, 34.441756067987114 ], [ -119.599794752421417, 34.441820153442073 ], [ -119.599612800862047, 34.441919654572473 ], [ -119.59937034837661, 34.442022520329445 ], [ -119.59931405975982, 34.442047358355666 ], [ -119.59921843497834, 34.442161466131083 ], [ -119.599170511806477, 34.442239977989558 ], [ -119.599092495644456, 34.442289772994698 ], [ -119.59901892651888, 34.442314550377262 ], [ -119.598958244159249, 34.442353677231267 ], [ -119.598927894364977, 34.442375028439322 ], [ -119.598893041443176, 34.442432128450307 ], [ -119.598892858675171, 34.442467890589548 ], [ -119.598827764392794, 34.442524883756093 ], [ -119.598732266312126, 34.442613957488703 ], [ -119.598641361604123, 34.442649402623964 ], [ -119.598563160687405, 34.442734960274876 ], [ -119.598550090959748, 34.442756372844926 ], [ -119.598458948148419, 34.442838308503724 ], [ -119.598458618801601, 34.442902681587725 ], [ -119.598432295163363, 34.442981267910291 ], [ -119.598367054795631, 34.443066871745124 ], [ -119.598358249343775, 34.443099027076826 ], [ -119.598332054741192, 34.443152580696861 ], [ -119.598314646204301, 34.443177553659382 ], [ -119.598336210392375, 34.443184782381422 ], [ -119.598336063971686, 34.443213392431296 ], [ -119.598310106182254, 34.443220453581063 ], [ -119.598235657018719, 34.443283170816962 ], [ -119.598185011692578, 34.443330677709525 ], [ -119.598126952021858, 34.443419881315577 ], [ -119.597939287984602, 34.44350863087228 ], [ -119.597794856975469, 34.443591571944566 ], [ -119.597714981868975, 34.443722423251238 ], [ -119.597584674369784, 34.443859058200665 ], [ -119.597548306322651, 34.443930456771504 ], [ -119.597475814591277, 34.44402557018865 ], [ -119.597389075222807, 34.444090831648204 ], [ -119.597295196164055, 34.444144146125844 ], [ -119.597122175680013, 34.444185261250212 ], [ -119.596963341106772, 34.444268150557804 ], [ -119.596768137217921, 34.444422437025445 ], [ -119.596558746612175, 34.444534950457239 ], [ -119.596457481813758, 34.444624001819463 ], [ -119.596248304873356, 34.444694790912088 ], [ -119.596204519782873, 34.444807886456942 ], [ -119.596168180707423, 34.444873324631452 ], [ -119.596110302733678, 34.444926765036186 ], [ -119.595987558353499, 34.444991898406983 ], [ -119.59592244868044, 34.445051274100166 ], [ -119.59587180081769, 34.445098778985532 ], [ -119.595878632232598, 34.445170329369631 ], [ -119.595806537482133, 34.44518795675539 ], [ -119.59572000927848, 34.445211494046454 ], [ -119.595662192165719, 34.445253013528585 ], [ -119.595597111656389, 34.445306428228292 ], [ -119.59556769623461, 34.445425535100341 ], [ -119.595567327649235, 34.445497060055878 ], [ -119.59560277683947, 34.445604475055049 ], [ -119.595710015436936, 34.445753867029772 ], [ -119.595752971739316, 34.445801703111322 ], [ -119.595759773497193, 34.445879213341421 ], [ -119.595672877114623, 34.445974275507112 ], [ -119.59561462835336, 34.446099241413698 ], [ -119.595599828382021, 34.446176675358529 ], [ -119.595620877187926, 34.446284039431752 ], [ -119.595634479442026, 34.446439061625952 ], [ -119.595676484139034, 34.446671670226699 ], [ -119.59574793662027, 34.446779212146225 ], [ -119.595805326130986, 34.446821138210609 ], [ -119.595898411443429, 34.446922795472354 ], [ -119.595926630063957, 34.447036144690962 ], [ -119.595947740921147, 34.447131587956683 ], [ -119.595904015418441, 34.447232762458967 ], [ -119.595896201682635, 34.447351945401763 ], [ -119.595960546124445, 34.447441580280007 ], [ -119.596146626846249, 34.447662775766581 ], [ -119.596325078334502, 34.447967390953387 ], [ -119.596403610262044, 34.448098798992248 ], [ -119.596546611939686, 34.448296000149874 ], [ -119.596659984942306, 34.448654030554565 ], [ -119.596716762632525, 34.448815164257866 ], [ -119.596679932013345, 34.448975968320532 ], [ -119.59667205801712, 34.449107071744173 ], [ -119.596649904164778, 34.449214283168537 ], [ -119.596649322104824, 34.44932753051858 ], [ -119.5966485562315, 34.449476540644646 ], [ -119.596719706302409, 34.449643685697687 ], [ -119.596805258060002, 34.449810881375285 ], [ -119.596876653711575, 34.449930342880677 ], [ -119.596955281452381, 34.450043868906164 ], [ -119.596997934775089, 34.450151308326745 ], [ -119.596990122410006, 34.450270491000282 ], [ -119.597018068347481, 34.450437482807175 ], [ -119.596975078124032, 34.450395608179058 ], [ -119.596924824344043, 34.450365628806132 ], [ -119.596939747342162, 34.450264352874036 ], [ -119.596818128336224, 34.450108951258933 ], [ -119.596761043235446, 34.450007421828758 ], [ -119.596711157350072, 34.449905917708136 ], [ -119.596554241233648, 34.449613300428354 ], [ -119.596540299535377, 34.449523843639874 ], [ -119.596512600107602, 34.449309167240983 ], [ -119.596542230050744, 34.449148337919169 ], [ -119.596586415391101, 34.448957757254156 ], [ -119.596565333904195, 34.448856354410829 ], [ -119.596558531097259, 34.448778843555608 ], [ -119.596566498262419, 34.448629858692286 ], [ -119.596516767816112, 34.448498552301302 ], [ -119.596481469299235, 34.448361336738408 ], [ -119.596381486979624, 34.448200050600207 ], [ -119.596302771026274, 34.448104404494785 ], [ -119.596238639219507, 34.447973047151343 ], [ -119.596203219843005, 34.447859672731092 ], [ -119.596102901303979, 34.447763950291531 ], [ -119.595987784209242, 34.447745662534771 ], [ -119.596038648477943, 34.447656434096331 ], [ -119.596024462260942, 34.447614660576676 ], [ -119.595981595763163, 34.447548944152544 ], [ -119.595766898130194, 34.447291883861084 ], [ -119.595688828680792, 34.44707106900686 ], [ -119.595588880350263, 34.446903821191043 ], [ -119.595532289584085, 34.446706923736713 ], [ -119.595541763662908, 34.44626587830377 ], [ -119.59549945128461, 34.446092873800623 ], [ -119.595535852917791, 34.446015515248028 ], [ -119.59556499325177, 34.445950052825559 ], [ -119.595644596734999, 34.445872846774051 ], [ -119.595652227537244, 34.445789426595454 ], [ -119.595638164707211, 34.445723810704536 ], [ -119.595595238139609, 34.445670014686414 ], [ -119.595545081154, 34.44562215311079 ], [ -119.595509355556928, 34.445568381582575 ], [ -119.595502400470806, 34.445520673452208 ], [ -119.595445381862916, 34.445407221328345 ], [ -119.595474582402119, 34.445329838208337 ], [ -119.595539815518123, 34.445246620528927 ], [ -119.595691515260626, 34.445151788081816 ], [ -119.595720776873236, 34.445062483297988 ], [ -119.595735393390953, 34.445020811299734 ], [ -119.595771824995921, 34.444937491798527 ], [ -119.595793885656789, 34.444848161562106 ], [ -119.59578723853592, 34.44474084909767 ], [ -119.595802590609622, 34.444556126142025 ], [ -119.595803051068884, 34.444466719637298 ], [ -119.59578972510559, 34.444258053606397 ], [ -119.595790246973039, 34.444156726384094 ], [ -119.595776368512105, 34.444055348327517 ], [ -119.595791229308873, 34.443965992602763 ], [ -119.59583479857541, 34.443894619999547 ], [ -119.595899847065411, 34.443847164987147 ], [ -119.595979478767234, 34.44376399864494 ], [ -119.596095020558465, 34.443698839809414 ], [ -119.596167360315263, 34.443633529430606 ], [ -119.596261545066326, 34.443520610551118 ], [ -119.596355791939089, 34.443395771785987 ], [ -119.596507548408383, 34.443289016481565 ], [ -119.596677286897062, 34.443178952301665 ], [ -119.597391096180544, 34.442988342057461 ], [ -119.597585977445306, 34.442896042168016 ], [ -119.597819849233716, 34.442782421387129 ], [ -119.597997540762421, 34.442672178579365 ], [ -119.598175213480943, 34.442565511967615 ], [ -119.598361507000135, 34.442462451852023 ], [ -119.598504618268791, 34.442355664401084 ], [ -119.598755639348624, 34.442267135818533 ], [ -119.598933366032625, 34.442149739436822 ], [ -119.599132909681174, 34.441989503240244 ], [ -119.599453213698908, 34.441869028439598 ], [ -119.599669817859791, 34.441751766841108 ], [ -119.599834599368052, 34.441630747207384 ], [ -119.599977852939475, 34.441495346826983 ], [ -119.600133719571389, 34.441427941169998 ], [ -119.600242084368716, 34.441356792946607 ], [ -119.60037644235625, 34.441271430012463 ], [ -119.600471737774257, 34.441221693469089 ], [ -119.600519312080863, 34.441211130669956 ], [ -119.600614498143102, 34.441182852037954 ], [ -119.600683963779559, 34.441115143372251 ], [ -119.600701989713244, 34.440968576562113 ], [ -119.600710756491949, 34.440943573057318 ], [ -119.600797192518044, 34.440936721277829 ], [ -119.600918153098121, 34.440937142852484 ], [ -119.601000450649636, 34.440894513667899 ], [ -119.601082657226073, 34.440869765972344 ], [ -119.601208082235871, 34.440841592165825 ], [ -119.601320474838104, 34.440827678167366 ], [ -119.601368085121678, 34.440809962030677 ], [ -119.601395967081302, 34.44042381463656 ], [ -119.601427023735724, 34.440262987649312 ], [ -119.601432070385854, 34.440119951989765 ], [ -119.601436989895049, 34.440001949961278 ], [ -119.601468264212002, 34.439798206770078 ], [ -119.601468572912594, 34.439737410874891 ], [ -119.601512226543846, 34.439648154245262 ], [ -119.601520756884042, 34.43966964147107 ], [ -119.60150549143296, 34.440123783144571 ], [ -119.601464922905294, 34.440456241812306 ], [ -119.601446371865322, 34.440706520748485 ], [ -119.601444723557464, 34.440715367636756 ], [ -119.601519938712769, 34.440681742668239 ], [ -119.601684497328918, 34.440603635436823 ], [ -119.602012850838236, 34.440597624778619 ], [ -119.602099468765303, 34.44055500890596 ], [ -119.602212149716294, 34.440483873763242 ], [ -119.602437621874856, 34.440320145084883 ], [ -119.602524455504792, 34.440234614568787 ], [ -119.602524926389222, 34.440141632062705 ], [ -119.602551280115264, 34.440055890687042 ], [ -119.602629655074935, 34.439934567852383 ], [ -119.602699135972301, 34.439863281386522 ], [ -119.602708174617547, 34.43978463389665 ], [ -119.602726395587879, 34.439598726933234 ], [ -119.602744326853923, 34.439470041157641 ], [ -119.60279096408992, 34.438790698088901 ], [ -119.602818910720785, 34.438390244479791 ], [ -119.602870748825481, 34.438390424253996 ], [ -119.602812974734434, 34.439563264366292 ], [ -119.602820817718239, 34.439720650188683 ], [ -119.602863908840177, 34.439742258069067 ], [ -119.60300250795575, 34.439671211071968 ], [ -119.603132576039599, 34.439578677696637 ], [ -119.603210696512093, 34.439507421738725 ], [ -119.603332123742263, 34.439414857283602 ], [ -119.603514102001981, 34.439308197009005 ], [ -119.603627321700159, 34.439129771797063 ], [ -119.603688342335815, 34.439022693406145 ], [ -119.603766497860974, 34.438944284034953 ], [ -119.603813559182043, 34.438179109602416 ], [ -119.603833040727395, 34.437742862397357 ], [ -119.603884697919653, 34.437778804926964 ], [ -119.603844904847165, 34.438815807235493 ], [ -119.603835760232784, 34.438915912978821 ], [ -119.603870427501079, 34.438894574439551 ], [ -119.603905744471092, 34.438744490073304 ], [ -119.603915322111718, 34.438558553745644 ], [ -119.603924792516764, 34.438394074581225 ], [ -119.604063749096227, 34.438251501615497 ], [ -119.604150434373679, 34.438194579890499 ], [ -119.604254399927598, 34.438137717813909 ], [ -119.604375751703117, 34.438059457228277 ], [ -119.604436949633353, 34.437916615112208 ], [ -119.604437922895443, 34.437723495743768 ], [ -119.604447680469406, 34.437501795963442 ], [ -119.604465608438844, 34.437373108749703 ], [ -119.604492031193757, 34.437273062480493 ], [ -119.604587823606835, 34.437123186515535 ], [ -119.604614139117345, 34.437044598322053 ], [ -119.604640597602298, 34.436937398976617 ], [ -119.604723025644731, 34.436826771192315 ], [ -119.604434204529582, 34.436740819397698 ], [ -119.604220813616934, 34.436686942725167 ], [ -119.604104976425106, 34.43662566767977 ], [ -119.604094694930069, 34.436569544265176 ], [ -119.604198386821608, 34.43659221907825 ], [ -119.604525488250729, 34.436678171221246 ], [ -119.604857187480278, 34.436714940430974 ], [ -119.604901080588647, 34.436680800440264 ], [ -119.605031824239362, 34.436452365503527 ], [ -119.605206089779671, 34.436159705771935 ], [ -119.605379669696106, 34.436002943993344 ], [ -119.605570348010147, 34.435882005627576 ], [ -119.605623980673002, 34.435860034348842 ], [ -119.605496255302739, 34.435792753360126 ], [ -119.605367221170013, 34.43568144137538 ], [ -119.605311586391565, 34.43557753537565 ], [ -119.605186728914475, 34.435494849231368 ], [ -119.605130825729091, 34.435444587176455 ], [ -119.605144162301571, 34.435369529651091 ], [ -119.605230393945959, 34.435402014298894 ], [ -119.605351021268987, 34.435466804767771 ], [ -119.605458474296796, 34.435574464971673 ], [ -119.605614036957533, 34.435564272013046 ], [ -119.605800089652107, 34.435504114503168 ], [ -119.605907902458924, 34.435540249493869 ], [ -119.605959613015514, 34.43556546163682 ], [ -119.606000872982264, 34.435636303290458 ], [ -119.606115265326139, 34.43553738634904 ], [ -119.606184864762071, 34.43544106458976 ], [ -119.606314778591226, 34.435377136593047 ], [ -119.606432255186562, 34.435353250525623 ], [ -119.606428968490434, 34.435319091029548 ], [ -119.606389218187331, 34.43531375580654 ], [ -119.606328621191238, 34.435291019336169 ], [ -119.606341468448932, 34.435223444741929 ], [ -119.60643511597182, 34.435195145935232 ], [ -119.606492091621007, 34.435138868108382 ], [ -119.606563205339526, 34.434938098940684 ], [ -119.606606832583367, 34.434852416456842 ], [ -119.606702546326602, 34.43471684351357 ], [ -119.606708099570298, 34.434706838445372 ], [ -119.606945674800528, 34.434455587157352 ], [ -119.606967584713303, 34.434410186954317 ], [ -119.607024223524959, 34.434313819198984 ], [ -119.607115830812944, 34.434135315537354 ], [ -119.607159724394279, 34.433995988643993 ], [ -119.607173793678399, 34.433774302630844 ], [ -119.607257207642704, 34.43350636160141 ], [ -119.607431027995844, 34.433299528654096 ], [ -119.607630604393734, 34.433124971076268 ], [ -119.607669641520658, 34.433092917410654 ], [ -119.607795623554921, 34.432950294769562 ], [ -119.607891225738953, 34.432836177893179 ], [ -119.607952234577084, 34.432729096558255 ], [ -119.608038964513653, 34.432661442016936 ], [ -119.608117448592807, 34.432515079791941 ], [ -119.60821651292926, 34.43229675522602 ], [ -119.608153897148469, 34.432136110183777 ], [ -119.608080840373518, 34.432060756417016 ], [ -119.607882464647119, 34.431995702386573 ], [ -119.607674336140889, 34.43185486922372 ], [ -119.607606857465626, 34.431826669644884 ], [ -119.607413630592717, 34.431757524175779 ], [ -119.607283575431836, 34.431689659277204 ], [ -119.60711182446282, 34.431685476413392 ], [ -119.607024729260985, 34.431624396328743 ], [ -119.606942207824915, 34.431552403867954 ], [ -119.607106023373433, 34.431566743432633 ], [ -119.607107640244109, 34.43145659122014 ], [ -119.607251023741611, 34.431288994353558 ], [ -119.607324276601432, 34.431197569973349 ], [ -119.607450613313674, 34.431110860215149 ], [ -119.607558832080159, 34.431064738220499 ], [ -119.607731895620972, 34.4310081094156 ], [ -119.607933815504225, 34.430928306550904 ], [ -119.608017586189348, 34.430887490969468 ], [ -119.608199306258129, 34.430827314495211 ], [ -119.60827295095099, 34.430784650100044 ], [ -119.608424380297407, 34.430735099401588 ], [ -119.608427095331692, 34.430739992815141 ], [ -119.608459042705235, 34.430713759300041 ], [ -119.608550268008202, 34.430610356432894 ], [ -119.608788335708425, 34.430511031848127 ], [ -119.608913937398611, 34.430443509303423 ], [ -119.609082840292118, 34.430354677617331 ], [ -119.609131264333953, 34.430305454625461 ], [ -119.609259387660799, 34.430271720103299 ], [ -119.609340199469557, 34.430232511867423 ], [ -119.609425763782255, 34.430177619373239 ], [ -119.609492314518533, 34.430138411043814 ], [ -119.609573124716889, 34.430087440166005 ], [ -119.609653935992171, 34.430040390055375 ], [ -119.609749007636552, 34.43002078558662 ], [ -119.609815558001642, 34.430020786193438 ], [ -119.609863094137381, 34.43004431089674 ], [ -119.609901122953715, 34.430091361468328 ], [ -119.609943905157508, 34.430154094384676 ], [ -119.609872601724888, 34.430193303003257 ], [ -119.609768022600733, 34.430240353366493 ], [ -119.609634921516474, 34.430287402823339 ], [ -119.609539849784269, 34.430318769658307 ], [ -119.609468545663162, 34.430342294731076 ], [ -119.609306923433948, 34.430389344750701 ], [ -119.609140548359377, 34.430452077823055 ], [ -119.609031215644961, 34.430506970041769 ], [ -119.608917129216778, 34.430593227803961 ], [ -119.608812550436099, 34.430667723024655 ], [ -119.608703217330174, 34.430734377379721 ], [ -119.608579623998736, 34.430789268181869 ], [ -119.608408494918237, 34.430899050878537 ], [ -119.608351451046943, 34.430934338709648 ], [ -119.608118524889235, 34.430965704960677 ], [ -119.607999684925616, 34.431055883447783 ], [ -119.607895105707684, 34.431106853787682 ], [ -119.607790527442276, 34.431157824033228 ], [ -119.607714470146774, 34.431185269658343 ], [ -119.607595629488458, 34.43123231870424 ], [ -119.607481543804454, 34.431287210241763 ], [ -119.607438761452073, 34.431318576111899 ], [ -119.607362703522455, 34.431412675403351 ], [ -119.607334181920535, 34.431491090377641 ], [ -119.607334182584609, 34.431565585910491 ], [ -119.607367456692884, 34.431585189648814 ], [ -119.607453021424931, 34.431593030868832 ], [ -119.607600383724318, 34.431636159396135 ], [ -119.607719222739746, 34.431694970610174 ], [ -119.60781904882235, 34.431742019914665 ], [ -119.607909366813587, 34.431777307466497 ], [ -119.608018699157796, 34.43183219743262 ], [ -119.608118525505702, 34.431859643290828 ], [ -119.608137539542582, 34.431820435318308 ], [ -119.608170814727529, 34.431777307564481 ], [ -119.608151800213463, 34.431710654402558 ], [ -119.608113771452864, 34.431616555325313 ], [ -119.608056728728442, 34.431545981832834 ], [ -119.608047221388816, 34.431467566285292 ], [ -119.608066235209733, 34.43138522931357 ], [ -119.608132785542381, 34.431361705085948 ], [ -119.608223104038601, 34.43134602177426 ], [ -119.608356205259156, 34.431400912561863 ], [ -119.608337190539174, 34.431467566306495 ], [ -119.608256379182023, 34.431514615428704 ], [ -119.608223104283425, 34.431581269022544 ], [ -119.608227857615219, 34.431640080417687 ], [ -119.608256379170683, 34.431691050388949 ], [ -119.608308668908535, 34.431722416470436 ], [ -119.608437016369464, 34.431734179022236 ], [ -119.608494058602346, 34.431698892070195 ], [ -119.608536841639932, 34.431647921737323 ], [ -119.60857011653691, 34.431604792959007 ], [ -119.608603392275754, 34.431542060987887 ], [ -119.608603391655322, 34.431483249628279 ], [ -119.608570116729979, 34.431408754799634 ], [ -119.608579624193169, 34.431342100955987 ], [ -119.608631913806917, 34.431271526534431 ], [ -119.608688956568272, 34.431224477017409 ], [ -119.608736492279718, 34.431181349146136 ], [ -119.608774521171412, 34.431157824406192 ], [ -119.608850579104612, 34.431126457261072 ], [ -119.608907621629484, 34.431079407628282 ], [ -119.609012201237334, 34.431028437267067 ], [ -119.609016954134788, 34.431024516456247 ], [ -119.609078751614206, 34.43097746765033 ], [ -119.60913579396167, 34.430934338716604 ], [ -119.609207098293012, 34.430887288946131 ], [ -119.609278401824398, 34.430859843225271 ], [ -119.609363967412975, 34.430832397453109 ], [ -119.609421009907877, 34.43080887247185 ], [ -119.609473299255029, 34.430777505831891 ], [ -119.609520835444613, 34.43073829753893 ], [ -119.609563617465582, 34.430695169316103 ], [ -119.609596893480528, 34.43064811938526 ], [ -119.609649182805711, 34.430577544454231 ], [ -119.609715733382913, 34.43052265272577 ], [ -119.609787036400746, 34.430495207579369 ], [ -119.609853586965528, 34.430487365620188 ], [ -119.609953412243613, 34.430475602606897 ], [ -119.610034224248821, 34.430448157254979 ], [ -119.610096021016076, 34.430412869436942 ], [ -119.610143556787264, 34.430377582594261 ], [ -119.610181585356827, 34.430334453262162 ], [ -119.610210107202761, 34.430228590845928 ], [ -119.610233874394908, 34.430173699137661 ], [ -119.610267149538686, 34.430118807342105 ], [ -119.610300424635994, 34.430063915534078 ], [ -119.610347961515998, 34.430005102761314 ], [ -119.61038598953256, 34.429954131698473 ], [ -119.61042401832411, 34.429895318976975 ], [ -119.610472461461185, 34.429779292777276 ], [ -119.610537523554086, 34.429741836871585 ], [ -119.610476307732171, 34.429577729006006 ], [ -119.610454916758556, 34.42947186516033 ], [ -119.610443897466851, 34.42937902640243 ], [ -119.610390743114593, 34.429318950915928 ], [ -119.610340830362631, 34.429230731460507 ], [ -119.610353610846857, 34.429135368485341 ], [ -119.610328684158091, 34.429100967644715 ], [ -119.610206370048985, 34.429074771743743 ], [ -119.61013404894679, 34.429001359894819 ], [ -119.610094831584348, 34.428957249300524 ], [ -119.610048484302936, 34.428907257950264 ], [ -119.61001639774048, 34.428857266487753 ], [ -119.610005702279466, 34.428810215275419 ], [ -119.610005702039004, 34.428763164441975 ], [ -119.610030658556113, 34.428710232205461 ], [ -119.610080571715542, 34.428686706902006 ], [ -119.610145948257497, 34.428658546533441 ], [ -119.610140951923455, 34.428620361147694 ], [ -119.610194657317336, 34.428527910248931 ], [ -119.610194657976763, 34.428424985566537 ], [ -119.610162571161538, 34.428363231632169 ], [ -119.610141179973226, 34.428333824222754 ], [ -119.610126919241864, 34.428236781319292 ], [ -119.610137614198138, 34.428139738669678 ], [ -119.610148309558014, 34.428075043087404 ], [ -119.61017326641263, 34.427989762806632 ], [ -119.610169701513598, 34.427916244328266 ], [ -119.610141179970455, 34.427842726483043 ], [ -119.610119788837736, 34.427736861487411 ], [ -119.610068137357061, 34.427654296770626 ], [ -119.610053564993876, 34.427612144382536 ], [ -119.610016233987963, 34.427504157856745 ], [ -119.60997648150699, 34.427389170260682 ], [ -119.609993824037076, 34.427345580213213 ], [ -119.610003979815232, 34.427320053242056 ], [ -119.609966485523643, 34.427269286313006 ], [ -119.609934398102453, 34.427181064132867 ], [ -119.60991657235347, 34.427119308168173 ], [ -119.609913006983916, 34.427098723131778 ], [ -119.609884485669284, 34.427034027264739 ], [ -119.609784659704772, 34.426975212515089 ], [ -119.609761527460122, 34.426770494201818 ], [ -119.609749007848222, 34.426713485422354 ], [ -119.60977039931835, 34.426669374806529 ], [ -119.609795355783461, 34.426634085824382 ], [ -119.609827442895011, 34.426598796803418 ], [ -119.609863093913233, 34.426572329406568 ], [ -119.609934529237009, 34.426535046837984 ], [ -119.609933917336321, 34.426505312719726 ], [ -119.609943231831181, 34.426468161835196 ], [ -119.609943231779738, 34.426406405276367 ], [ -119.609936101400777, 34.426356412166662 ], [ -119.609892337018053, 34.426271643813024 ], [ -119.609887770173714, 34.426234250083255 ], [ -119.6098785016611, 34.426158344752132 ], [ -119.609832672258435, 34.426142247519323 ], [ -119.609850709938229, 34.426065827857776 ], [ -119.609848635818068, 34.426022210362639 ], [ -119.60984863568072, 34.425975157596554 ], [ -119.609848635688323, 34.425954572067305 ], [ -119.609852200845154, 34.425928105261974 ], [ -119.609805853469567, 34.425904579093611 ], [ -119.609770201675275, 34.425910460956288 ], [ -119.609713158344221, 34.425928105403081 ], [ -119.609652549621359, 34.425966335811928 ], [ -119.609609767584246, 34.425989861871329 ], [ -119.609549491653382, 34.426096825626864 ], [ -119.609475022922382, 34.426228496910561 ], [ -119.609343998396582, 34.426400648802101 ], [ -119.609243895205353, 34.426382684635691 ], [ -119.609171137093099, 34.426537413448457 ], [ -119.609142291676889, 34.426602457101836 ], [ -119.609034681623115, 34.426613222334247 ], [ -119.608977508064726, 34.426634807521985 ], [ -119.60894083550393, 34.426679482180027 ], [ -119.608915318415683, 34.426710567972172 ], [ -119.60885460520781, 34.426786168519243 ], [ -119.608821149626252, 34.426821662551902 ], [ -119.608830891016694, 34.426865162946264 ], [ -119.608743965037547, 34.426907629278368 ], [ -119.608738195957784, 34.426968089189153 ], [ -119.608695413299358, 34.427009259992452 ], [ -119.608652631110985, 34.427047489478078 ], [ -119.608602718743839, 34.427088659305085 ], [ -119.608559936350332, 34.427115126249504 ], [ -119.60851715330223, 34.427132771072593 ], [ -119.608481501996579, 34.427144533331656 ], [ -119.608364326074934, 34.427164623499152 ], [ -119.608256894848239, 34.427171000086425 ], [ -119.608105766113184, 34.427171065068464 ], [ -119.608028722131181, 34.427179822606121 ], [ -119.607996635536765, 34.427188644801717 ], [ -119.607968113210688, 34.427197466575649 ], [ -119.607914635569188, 34.427241577808537 ], [ -119.607886114335528, 34.42727980717158 ], [ -119.607857591989259, 34.427323918223394 ], [ -119.607836200888855, 34.427359207259045 ], [ -119.607829071247636, 34.427376851372394 ], [ -119.607811244405383, 34.427406258292692 ], [ -119.607800549381381, 34.42744742870795 ], [ -119.607764897260921, 34.427497421339076 ], [ -119.6077470709115, 34.427523887848331 ], [ -119.607657941874308, 34.427559176365925 ], [ -119.607682897288228, 34.427600346359831 ], [ -119.607697158232185, 34.427626812855173 ], [ -119.607750772258171, 34.427692702689221 ], [ -119.607736199395305, 34.427723424676209 ], [ -119.607779157623924, 34.427762086281547 ], [ -119.607789853787111, 34.427815018555535 ], [ -119.607775937233868, 34.427873175997256 ], [ -119.607764897647442, 34.427935587627488 ], [ -119.60772568043889, 34.427976757630063 ], [ -119.607693592898798, 34.428017927714365 ], [ -119.607629419871515, 34.428112030350626 ], [ -119.607562702426762, 34.428171026887988 ], [ -119.607561681214747, 34.428229658319644 ], [ -119.607536724784978, 34.428291413042651 ], [ -119.607503944850322, 34.428346292328825 ], [ -119.607461855149282, 34.428373752454135 ], [ -119.60741907326144, 34.428409041035771 ], [ -119.607394116782942, 34.428447269839943 ], [ -119.607365595420902, 34.428482557731556 ], [ -119.607335384962923, 34.428502824245534 ], [ -119.607315682373411, 34.428553134511482 ], [ -119.607287161011669, 34.428576659893487 ], [ -119.607244378452023, 34.428603126310968 ], [ -119.60720516177075, 34.428638414418224 ], [ -119.607169510006386, 34.428664880936822 ], [ -119.607116031441322, 34.428711931229081 ], [ -119.607033384815551, 34.428739025839647 ], [ -119.607026901570478, 34.428776626779843 ], [ -119.607001945356416, 34.428811915090876 ], [ -119.606962728402806, 34.428853083898836 ], [ -119.606844396620005, 34.428906274327439 ], [ -119.606805052540579, 34.428949330514079 ], [ -119.606751082666889, 34.428982269004628 ], [ -119.606758561473598, 34.429004282321266 ], [ -119.606772539872239, 34.429045426470815 ], [ -119.60677733802433, 34.429076575270592 ], [ -119.606741685841129, 34.429108922434111 ], [ -119.606706033706828, 34.429135388795949 ], [ -119.606677512954192, 34.42916479570664 ], [ -119.60660642167818, 34.429190405875836 ], [ -119.606553772070768, 34.429228487959591 ], [ -119.606555877105976, 34.429262114634639 ], [ -119.606545681799702, 34.429276579721552 ], [ -119.606524390147868, 34.429306786403743 ], [ -119.606504144203612, 34.429335510707652 ], [ -119.606466497888292, 34.429388922097893 ], [ -119.606439442534821, 34.429414943018564 ], [ -119.606419556120855, 34.429455520229411 ], [ -119.606338818706803, 34.429476504901281 ], [ -119.606292471555506, 34.429500030909445 ], [ -119.606251185347645, 34.429509868083429 ], [ -119.606253892359788, 34.429615484652928 ], [ -119.606066548405721, 34.429787240333589 ], [ -119.60571962060979, 34.430060235421216 ], [ -119.605654229370998, 34.430122400984423 ], [ -119.605632221931415, 34.43014332335796 ], [ -119.605647170482854, 34.430220487361829 ], [ -119.605632909693497, 34.430255775214832 ], [ -119.605604389031413, 34.430311647154888 ], [ -119.605572301737098, 34.430367518514316 ], [ -119.605529519581566, 34.430420450475602 ], [ -119.605490302599975, 34.430464559109836 ], [ -119.6054510853929, 34.430514550312381 ], [ -119.605404737111272, 34.430564540355043 ], [ -119.605358389854416, 34.430614531281329 ], [ -119.605276390683926, 34.430679224703113 ], [ -119.605237172912013, 34.430705689993992 ], [ -119.605194391126005, 34.430735095988915 ], [ -119.605108826567289, 34.430788027144878 ], [ -119.605020492304789, 34.430809311777324 ], [ -119.604934132206608, 34.430861541678937 ], [ -119.604848566907123, 34.43088212654078 ], [ -119.604795089600415, 34.430905650738609 ], [ -119.604709524414218, 34.430935057566984 ], [ -119.604659611707746, 34.430952700610312 ], [ -119.604563351090917, 34.430990928517481 ], [ -119.604502742549954, 34.431014453181639 ], [ -119.604452830578737, 34.431037978717626 ], [ -119.604370831241624, 34.431079146549614 ], [ -119.604338743882266, 34.431096790660717 ], [ -119.604295961809868, 34.431120314629744 ], [ -119.604249614164118, 34.431143839776396 ], [ -119.604171179871173, 34.431167364831794 ], [ -119.604124832304407, 34.431176186179144 ], [ -119.604103441481783, 34.43119383025568 ], [ -119.604099876462669, 34.431229117017516 ], [ -119.604096310320088, 34.431311453600827 ], [ -119.604082049580626, 34.43136144316896 ], [ -119.604071353990932, 34.431384968045968 ], [ -119.604067788924169, 34.431443779709952 ], [ -119.604060658319312, 34.431479066749169 ], [ -119.60403926737122, 34.43152023481548 ], [ -119.603978659199186, 34.431614333913011 ], [ -119.603943006886851, 34.431646680131081 ], [ -119.603903790573327, 34.431690789076931 ], [ -119.603861007853283, 34.43172901660931 ], [ -119.603807530263069, 34.431773124843069 ], [ -119.6037576166989, 34.431814293280915 ], [ -119.603729095048976, 34.431852520544929 ], [ -119.603707704435678, 34.431881926086241 ], [ -119.603675617300411, 34.431896628711591 ], [ -119.603590053419495, 34.431914272234756 ], [ -119.60355083572523, 34.431917212922251 ], [ -119.603518748799274, 34.431917212667429 ], [ -119.603493792640705, 34.431914272377398 ], [ -119.603472401800218, 34.431926034649088 ], [ -119.603401097809254, 34.43197602390655 ], [ -119.603336924418826, 34.432005429878444 ], [ -119.60324738275412, 34.432080684818196 ], [ -119.603206827755074, 34.432113038137324 ], [ -119.603136137547082, 34.432169432776774 ], [ -119.603087129598762, 34.432208530547328 ], [ -119.603064822151396, 34.432226326230705 ], [ -119.602965661229646, 34.432251124879919 ], [ -119.602885511408104, 34.432271169230802 ], [ -119.602844926858609, 34.432320069758006 ], [ -119.602755796692989, 34.432355356116453 ], [ -119.602716579809353, 34.432367118579556 ], [ -119.602648840948859, 34.432402405173733 ], [ -119.602565291429173, 34.432415432120145 ], [ -119.602477940204196, 34.432468412705582 ], [ -119.602434247078634, 34.432494913725215 ], [ -119.602374014911774, 34.432531445443395 ], [ -119.60230282471781, 34.432574623650062 ], [ -119.6022459954374, 34.432609091815571 ], [ -119.602173581237523, 34.432653012723904 ], [ -119.602096236144916, 34.432749390111979 ], [ -119.602057018769628, 34.432778795553915 ], [ -119.602007106360915, 34.432805260372412 ], [ -119.601888822375102, 34.432825724766346 ], [ -119.601820017147318, 34.432867457432415 ], [ -119.601729020173025, 34.432849368009649 ], [ -119.601625629514956, 34.432872891898718 ], [ -119.601568586894103, 34.432890535796744 ], [ -119.601522239251651, 34.432911119420147 ], [ -119.601483022050175, 34.432934643893695 ], [ -119.601422413871731, 34.432964048561423 ], [ -119.601341373529863, 34.432997411915537 ], [ -119.601294066484499, 34.433005215896564 ], [ -119.601194241616312, 34.433055205353753 ], [ -119.601144328538098, 34.433090491841398 ], [ -119.60111224139969, 34.433125778224053 ], [ -119.601090850166955, 34.433140480421478 ], [ -119.601069459008784, 34.433166945051426 ], [ -119.601016212217587, 34.433201760290025 ], [ -119.600969017751524, 34.433199591734152 ], [ -119.600905724349573, 34.433230438483797 ], [ -119.60085837192193, 34.433279023614396 ], [ -119.60078296649516, 34.433347118589026 ], [ -119.600707908660894, 34.433346856894886 ], [ -119.600662874178269, 34.433346699855505 ], [ -119.600407897688243, 34.433302309301318 ], [ -119.600182471094627, 34.433351237728225 ], [ -119.60003692164743, 34.433430323455717 ], [ -119.599973586353713, 34.433575212780966 ], [ -119.599907206040555, 34.43361684460789 ], [ -119.599882248851003, 34.433658011975645 ], [ -119.599860857946453, 34.433719761858761 ], [ -119.599860857557161, 34.433766810677064 ], [ -119.599857292253475, 34.433822679897148 ], [ -119.599839466305738, 34.433863846934358 ], [ -119.599807380581552, 34.433913835742501 ], [ -119.599796684382468, 34.433975586026762 ], [ -119.59979311877747, 34.434028514851008 ], [ -119.599771728054463, 34.434081443552138 ], [ -119.599739640870297, 34.434128491043502 ], [ -119.599715614093697, 34.434195898852941 ], [ -119.599686535700386, 34.434221940733096 ], [ -119.599659146624759, 34.434246469209207 ], [ -119.599648287981381, 34.434252543598284 ], [ -119.599644741883978, 34.434293943440217 ], [ -119.599531773320493, 34.43436812127716 ], [ -119.59947153558349, 34.434405196573394 ], [ -119.59944870147018, 34.434467260286937 ], [ -119.599320593137421, 34.434566242556933 ], [ -119.599170506884732, 34.434559502235778 ], [ -119.599072929764773, 34.434559160648682 ], [ -119.598877775527498, 34.434558477225082 ], [ -119.598719995299234, 34.434566623027408 ], [ -119.598684343145592, 34.434557802206449 ], [ -119.59867615263515, 34.434554623159627 ], [ -119.598645029336453, 34.434570090976635 ], [ -119.598487627089042, 34.434526038152335 ], [ -119.598187454897072, 34.434512556931445 ], [ -119.597879457688336, 34.434561191025495 ], [ -119.59777872853428, 34.434560837267135 ], [ -119.597752757403384, 34.434569563578634 ], [ -119.597699279462446, 34.43458720633361 ], [ -119.597677888442774, 34.434604849157786 ], [ -119.597652931712375, 34.434622492065337 ], [ -119.597620845149251, 34.434648956286097 ], [ -119.597585193346404, 34.434684242625075 ], [ -119.597585192911566, 34.434696004142637 ], [ -119.597599454153453, 34.434745992051376 ], [ -119.597620845578547, 34.434793039398819 ], [ -119.597649367026889, 34.43483420670271 ], [ -119.597706409686637, 34.434910658722252 ], [ -119.597760500709242, 34.43497987149496 ], [ -119.597771577036596, 34.435062417628352 ], [ -119.597818009287721, 34.435191242769982 ], [ -119.597856760906708, 34.435298756280247 ], [ -119.597803568802675, 34.435563219678578 ], [ -119.59785423237237, 34.435792283823389 ], [ -119.598034964282732, 34.435928819973157 ], [ -119.598070976801537, 34.436083334583309 ], [ -119.597887324248447, 34.436078508627183 ], [ -119.597765956426315, 34.436080641591793 ], [ -119.597783247939176, 34.436156823180738 ], [ -119.59779100719399, 34.436328515001044 ], [ -119.597850384533785, 34.436543305101125 ], [ -119.597852963345119, 34.436671996753645 ], [ -119.597770376359748, 34.436816875383776 ], [ -119.597857265563434, 34.436886658238521 ], [ -119.597879963254897, 34.436979931462631 ], [ -119.597890238637973, 34.437022156444293 ], [ -119.597916495856026, 34.437130058403326 ], [ -119.59791606758904, 34.437213659719433 ], [ -119.59802965429563, 34.437308081902451 ], [ -119.59799693986028, 34.437442920495904 ], [ -119.597993194420127, 34.43744887369828 ], [ -119.598014332548573, 34.43753834222418 ], [ -119.598134081281515, 34.437607120056043 ], [ -119.598343778034874, 34.437701070803989 ], [ -119.598703440588736, 34.4378266193524 ], [ -119.599033047442333, 34.437958274776804 ], [ -119.599310397692221, 34.438033818102745 ], [ -119.599392775714648, 34.438071392138355 ], [ -119.599460110063475, 34.438115127653099 ], [ -119.599542806385813, 34.438090559336516 ], [ -119.599588033798241, 34.438053431646807 ], [ -119.599648591250158, 34.437954214169487 ], [ -119.59965635082898, 34.437904526243315 ], [ -119.599701007608076, 34.437979254926674 ], [ -119.599700658987345, 34.438047611224036 ], [ -119.599609918931023, 34.438177794873297 ], [ -119.599579481598369, 34.438258475165412 ], [ -119.599488518037191, 34.438432158787428 ], [ -119.599397904049127, 34.43853748605239 ], [ -119.59932233368805, 34.438636650817188 ], [ -119.599291959335574, 34.438704902013811 ], [ -119.599156083913684, 34.438853570639907 ], [ -119.599148387396426, 34.438890830406692 ], [ -119.599133088472669, 34.438946706011258 ], [ -119.599132771090382, 34.439008848202697 ], [ -119.599149954051583, 34.439095161212606 ], [ -119.599075445362232, 34.439166381128238 ], [ -119.598932837385078, 34.439166381009841 ], [ -119.598761707593852, 34.439166380812729 ], [ -119.598609593443172, 34.439150698972369 ], [ -119.598409941559581, 34.439135017848642 ], [ -119.598295855296584, 34.439127176247467 ], [ -119.598172262543656, 34.439142858353883 ], [ -119.598039162104598, 34.439182062329877 ], [ -119.597925075254523, 34.439213425546555 ], [ -119.597775404952515, 34.439165862212718 ], [ -119.597658874615178, 34.439217345883996 ], [ -119.597568555944264, 34.439248709342458 ], [ -119.59751151258709, 34.439287913211388 ], [ -119.597468730324366, 34.439354560433465 ], [ -119.597447924699708, 34.439430981876939 ], [ -119.597392672422544, 34.439472172645388 ], [ -119.597349890796878, 34.439499615537919 ], [ -119.597297600531235, 34.439523138432804 ], [ -119.597231050893214, 34.439546660716537 ], [ -119.597128071215778, 34.439616641087483 ], [ -119.597135978511346, 34.439664272546125 ], [ -119.597145485719608, 34.439726998938944 ], [ -119.597167550574454, 34.439762025717805 ], [ -119.597169253552977, 34.439821087717696 ], [ -119.597174007211393, 34.439860291580914 ], [ -119.597183514998619, 34.439919098074796 ], [ -119.597202528546561, 34.439938699496487 ], [ -119.597245311227624, 34.439954380819067 ], [ -119.59732646025212, 34.439996838733926 ], [ -119.597433256079839, 34.439995921978884 ], [ -119.597392672888049, 34.440046509835227 ], [ -119.597345137431745, 34.440115116415342 ], [ -119.597284057763005, 34.440165655590697 ], [ -119.597327311139097, 34.440257230195478 ], [ -119.597333252501187, 34.440345438560634 ], [ -119.597286252210708, 34.44048026326967 ], [ -119.597214413105775, 34.440541456374341 ], [ -119.597166877150329, 34.440565958307836 ], [ -119.59710745664745, 34.440595361068752 ], [ -119.597089630783671, 34.440654165982707 ], [ -119.597119340849275, 34.44069336930319 ], [ -119.597137167023334, 34.440757075581232 ], [ -119.597089631162504, 34.440859984127719 ], [ -119.597000501150291, 34.440859984112592 ], [ -119.596911371400154, 34.44085018342345 ], [ -119.596798473079446, 34.440830582184347 ], [ -119.596739053473058, 34.440855083546879 ], [ -119.596601220412069, 34.441033733108263 ], [ -119.59663744911127, 34.441080007175977 ], [ -119.596578619543266, 34.441188312171654 ], [ -119.596542967656191, 34.441276519057062 ], [ -119.596525141367778, 34.441364726548194 ], [ -119.596513257927199, 34.441467634239544 ], [ -119.596520383086911, 34.441572934684423 ], [ -119.596561827449037, 34.441574463909781 ], [ -119.596721227358159, 34.441580343737378 ], [ -119.596846009802107, 34.44169305200009 ], [ -119.596883571025899, 34.441781979825926 ], [ -119.596875719664283, 34.441869465494726 ], [ -119.596810356984847, 34.44193316996077 ], [ -119.596673691187249, 34.441987074117591 ], [ -119.596532034498836, 34.442037334414849 ], [ -119.596441954127229, 34.442094881627852 ], [ -119.596382534372282, 34.442124283975893 ], [ -119.596291640624628, 34.442241937480766 ], [ -119.596138912811313, 34.442354600531822 ], [ -119.596020072827855, 34.442408503670762 ], [ -119.595944546022579, 34.44244331246265 ], [ -119.595859638471978, 34.442462407697427 ], [ -119.595699204267135, 34.442584915625929 ], [ -119.595616017115461, 34.442653519818514 ], [ -119.595535481274894, 34.442675911226544 ], [ -119.595472477554935, 34.442693428166265 ], [ -119.595514633130918, 34.442758567681729 ], [ -119.595460341420335, 34.442784231775462 ], [ -119.595461524844509, 34.442888735300698 ], [ -119.595419930989692, 34.442947538773581 ], [ -119.595336355338006, 34.442971874729217 ], [ -119.595289207186838, 34.443021042669365 ], [ -119.595200077162261, 34.443060245404766 ], [ -119.595120689469809, 34.443066548365039 ], [ -119.595075295982099, 34.443099448183375 ], [ -119.594968339600683, 34.443119048715985 ], [ -119.594879374296013, 34.443123546034315 ], [ -119.594743173043284, 34.44311064582687 ], [ -119.594686893721288, 34.443146104900102 ], [ -119.594635250331663, 34.443178642701383 ], [ -119.594497410749241, 34.443197767625016 ], [ -119.594362256366821, 34.443261157710019 ], [ -119.594267184100772, 34.443339561723377 ], [ -119.594225590798118, 34.443388564160152 ], [ -119.594178054907943, 34.443457168312818 ], [ -119.594137827172062, 34.443581616413766 ], [ -119.594059215222245, 34.443648278397497 ], [ -119.594041388410517, 34.443726682923455 ], [ -119.594065857451525, 34.443822146873323 ], [ -119.594025370233027, 34.443882628894706 ], [ -119.59386907097992, 34.443956994736276 ], [ -119.593863128455396, 34.443991296407539 ], [ -119.593699202904844, 34.444147352986811 ], [ -119.593631390964333, 34.444216706752684 ], [ -119.59360168115559, 34.444290210169363 ], [ -119.593577913095686, 34.444373514505628 ], [ -119.593577912781797, 34.444456817569147 ], [ -119.593603412626777, 34.444562320971208 ], [ -119.59353020347362, 34.444704118081226 ], [ -119.593468204623591, 34.44477584967219 ], [ -119.593411537083753, 34.444946837660481 ], [ -119.593375884963649, 34.445010540030481 ], [ -119.593322408030559, 34.445049741657662 ], [ -119.593283459585663, 34.445099789352348 ], [ -119.593203567840689, 34.445157544862667 ], [ -119.593061087783468, 34.445305648466601 ], [ -119.593025308388633, 34.445407453143311 ], [ -119.592983714227458, 34.445485855818966 ], [ -119.592930236349332, 34.445544657465994 ], [ -119.592841106182519, 34.445603459404339 ], [ -119.592763860427297, 34.445642660954732 ], [ -119.592716323953994, 34.44567206121161 ], [ -119.592650962052204, 34.445725963431066 ], [ -119.592573716253952, 34.445789665347391 ], [ -119.592502411972404, 34.445838665882263 ], [ -119.592424398281921, 34.445872013504882 ], [ -119.592347920774003, 34.445941568953501 ], [ -119.592251402556045, 34.445959512663677 ], [ -119.592206301582138, 34.44600679324212 ], [ -119.592171180309208, 34.446072802124952 ], [ -119.592172592755631, 34.446198596882574 ], [ -119.592144070556586, 34.44628091784476 ], [ -119.592120302963309, 34.446359319644436 ], [ -119.592087027179801, 34.446488682707283 ], [ -119.592068586890704, 34.446553713750838 ], [ -119.592063260056889, 34.446602364126065 ], [ -119.592020476989859, 34.44665724567303 ], [ -119.591958680815694, 34.446731726349221 ], [ -119.591911143987261, 34.446790527893675 ], [ -119.59186836200297, 34.446833647997472 ], [ -119.591797058193691, 34.446900289218334 ], [ -119.591735261246512, 34.446955170459674 ], [ -119.59170179498372, 34.446988524955025 ], [ -119.59159740781061, 34.446994370487445 ], [ -119.591559378546719, 34.44699437094561 ], [ -119.591423012103832, 34.446980855314578 ], [ -119.591350029506074, 34.447053491699428 ], [ -119.59130864378487, 34.447136949657619 ], [ -119.591243264817351, 34.447114912021632 ], [ -119.591195728684554, 34.447159012431605 ], [ -119.591166610011072, 34.447204484281841 ], [ -119.591261217449173, 34.44727305090646 ], [ -119.591249339560491, 34.447307138313938 ], [ -119.591340713711105, 34.447398134735465 ], [ -119.591325699216469, 34.447442321483337 ], [ -119.591326452067236, 34.447511815576647 ], [ -119.591226626393919, 34.447574535696688 ], [ -119.591140483155456, 34.44761952734487 ], [ -119.591084018877083, 34.447649016653543 ], [ -119.591044904341388, 34.447678188513557 ], [ -119.590993701068314, 34.447766616955263 ], [ -119.590960425844969, 34.4478410970368 ], [ -119.590941411006128, 34.447892057538184 ], [ -119.590922396560231, 34.447966537167218 ], [ -119.590889121832106, 34.44806845800251 ], [ -119.590831166235532, 34.448127290296085 ], [ -119.5908463392702, 34.448174297148419 ], [ -119.590846339352055, 34.448244857230414 ], [ -119.590846339290934, 34.448295817135985 ], [ -119.590860599631512, 34.448389896809829 ], [ -119.590889418773145, 34.448501193829344 ], [ -119.590858589812186, 34.448611904710184 ], [ -119.59068783547859, 34.448728608150191 ], [ -119.590763150978489, 34.448811294196048 ], [ -119.590878775807127, 34.448950686282465 ], [ -119.590870107786913, 34.44911509082349 ], [ -119.590881990979383, 34.449213089887174 ], [ -119.59084633908634, 34.449330688704578 ], [ -119.590798803328951, 34.449418886719457 ], [ -119.590751267641195, 34.449536485379284 ], [ -119.590703731433095, 34.44958548394515 ], [ -119.590608659790419, 34.449654083049474 ], [ -119.590484993259622, 34.44963536185157 ], [ -119.59052547185135, 34.449801080072518 ], [ -119.590549239410194, 34.449889277817192 ], [ -119.590549239657619, 34.44995787695612 ], [ -119.59050170339718, 34.450114673020273 ], [ -119.590477936286717, 34.450193070589215 ], [ -119.590477935466595, 34.450291068552012 ], [ -119.590466051955275, 34.450359666625467 ], [ -119.590364210915567, 34.450586373250012 ], [ -119.590442283290557, 34.450751654480861 ], [ -119.590454167269883, 34.450839852021495 ], [ -119.59045416744371, 34.450908449293806 ], [ -119.590381897115009, 34.451078810393106 ], [ -119.590466052034202, 34.45121223909905 ], [ -119.590501703863538, 34.451320035178874 ], [ -119.590501704048108, 34.451378832813297 ], [ -119.590413580288768, 34.451563157592268 ], [ -119.590537356218036, 34.451545425587916 ], [ -119.590608659948387, 34.451643421480732 ], [ -119.590618265646185, 34.451850782945371 ], [ -119.590703731993557, 34.451986406662364 ], [ -119.590763151412887, 34.45210400059468 ], [ -119.59073527780923, 34.452281906747487 ], [ -119.590881991489994, 34.452427384687297 ], [ -119.590953295280983, 34.452515579780794 ], [ -119.590953625513777, 34.452629755461835 ], [ -119.591060251175946, 34.452691970489838 ], [ -119.591137621036211, 34.452772742114639 ], [ -119.59111237870556, 34.452979196740579 ], [ -119.590699486999114, 34.453068086463908 ], [ -119.590442283922599, 34.452829162767728 ], [ -119.590329844815471, 34.452674598449505 ], [ -119.590264550142976, 34.452460230931052 ], [ -119.590264023787455, 34.452339188949416 ], [ -119.590192719877166, 34.452201996322337 ], [ -119.590145184089266, 34.452104000569399 ], [ -119.590022481007708, 34.451974122933073 ], [ -119.590026344043423, 34.451859012406686 ], [ -119.589990692617647, 34.451751217137378 ], [ -119.589983756371964, 34.451646473981654 ], [ -119.589931271887778, 34.451506227003819 ], [ -119.589866912041302, 34.451323979828324 ], [ -119.589800548147679, 34.451133841564754 ], [ -119.58978694905575, 34.450977556009391 ], [ -119.589764896168788, 34.450869251485152 ], [ -119.589764897035579, 34.450732055128128 ], [ -119.58980664584746, 34.450472965906762 ], [ -119.589700615447612, 34.450232698754412 ], [ -119.589622288318608, 34.450104872632146 ], [ -119.589649485340274, 34.449955509440784 ], [ -119.589502466064616, 34.449840634803081 ], [ -119.589515333166602, 34.449418887133277 ], [ -119.589646056286725, 34.449330688542048 ], [ -119.589755851301206, 34.44917708128979 ], [ -119.589717360503698, 34.449066091834034 ], [ -119.589777226096956, 34.448928935743254 ], [ -119.589812065194252, 34.448774457046781 ], [ -119.58988197671853, 34.448624502250553 ], [ -119.590039117872649, 34.448317502298011 ], [ -119.590091215463133, 34.448253418470749 ], [ -119.590179472895088, 34.448204697371118 ], [ -119.590246363870008, 34.448062572075628 ], [ -119.590300022425467, 34.447996568037546 ], [ -119.590374435999266, 34.447912713197105 ], [ -119.590341232204523, 34.447880373228251 ], [ -119.590377856635158, 34.447777106528378 ], [ -119.590414031290607, 34.447675106970202 ], [ -119.590445605038994, 34.447551478559866 ], [ -119.590472600043071, 34.447445782195715 ], [ -119.590595032379426, 34.447382193756511 ], [ -119.590646848875664, 34.447321704973135 ], [ -119.590636626912911, 34.44724009213887 ], [ -119.590645507119973, 34.447163413602745 ], [ -119.59073169796747, 34.447107790199041 ], [ -119.590755466894919, 34.447073490310608 ], [ -119.590779234138452, 34.447034290136003 ], [ -119.590803002383012, 34.446985289409781 ], [ -119.590875254727365, 34.446933790965431 ], [ -119.590915900604514, 34.446887288020413 ], [ -119.590957494059339, 34.446843187216999 ], [ -119.590963436720628, 34.446779485938606 ], [ -119.590939668145197, 34.446705985226387 ], [ -119.590887025854556, 34.446652698862906 ], [ -119.590938364960181, 34.446546865775936 ], [ -119.590865783292529, 34.44638159118341 ], [ -119.59089989748891, 34.446318559115475 ], [ -119.59089302062705, 34.446171167566632 ], [ -119.590983001096774, 34.446127579272684 ], [ -119.591040267110728, 34.446113870507553 ], [ -119.591119471513991, 34.446114153294957 ], [ -119.591119719943521, 34.446066469730091 ], [ -119.591119722328415, 34.446066011970792 ], [ -119.591076921599637, 34.445988830706675 ], [ -119.59108452512622, 34.445911370721689 ], [ -119.591077635905265, 34.445851740772994 ], [ -119.591113979678255, 34.445786304276901 ], [ -119.591143122526901, 34.445720842960782 ], [ -119.591253672843777, 34.445685708264868 ], [ -119.591337564787366, 34.445715576022273 ], [ -119.591424093767714, 34.445692042951073 ], [ -119.591482877477887, 34.445680100159372 ], [ -119.59156825728671, 34.445662754462866 ], [ -119.591670614335413, 34.445653832509237 ], [ -119.591724011656595, 34.445564257977679 ], [ -119.591747778866122, 34.445515256984123 ], [ -119.591801257803127, 34.445466255550414 ], [ -119.591830967053838, 34.445422154367897 ], [ -119.591842851659621, 34.445368252169381 ], [ -119.591842851129996, 34.445314350865715 ], [ -119.59185811655523, 34.445251920807969 ], [ -119.591844322277495, 34.445192856493975 ], [ -119.591902204445503, 34.445139417361922 ], [ -119.59194571592019, 34.445079966999472 ], [ -119.591982089596826, 34.445008570289069 ], [ -119.591982585395755, 34.444913203950243 ], [ -119.592054960682674, 34.444841934555242 ], [ -119.592055301482134, 34.444776370356209 ], [ -119.592026903363461, 34.444698781979604 ], [ -119.592021215389877, 34.444698399468216 ], [ -119.592037082494713, 34.444679744252163 ], [ -119.592115242896625, 34.444603728490414 ], [ -119.592158742611176, 34.444546662336577 ], [ -119.592196406250793, 34.444503879749121 ], [ -119.592236901678916, 34.444470645576729 ], [ -119.592288830475297, 34.44445414081941 ], [ -119.592346433155427, 34.444454345863122 ], [ -119.592407101865888, 34.444418798168932 ], [ -119.592456224580047, 34.444387978080087 ], [ -119.592516992215707, 34.444333357586196 ], [ -119.592586312914278, 34.444295457115359 ], [ -119.592718884223999, 34.444279239000693 ], [ -119.59278505342651, 34.444293779557583 ], [ -119.59288607971088, 34.444251222907063 ], [ -119.592966883131623, 34.444220515205146 ], [ -119.593041927002332, 34.444189786980225 ], [ -119.593044918555819, 34.44416833925262 ], [ -119.593105475479646, 34.44415424914132 ], [ -119.593148861899195, 34.444118640545746 ], [ -119.593218305679343, 34.444056897401452 ], [ -119.593277927660111, 34.444003059097064 ], [ -119.59332834941813, 34.443966795067539 ], [ -119.593381827401686, 34.443917792824493 ], [ -119.593476899530017, 34.443863890128981 ], [ -119.593526367832311, 34.443763461994941 ], [ -119.593637332878558, 34.443731583062693 ], [ -119.593750230814663, 34.443677680300404 ], [ -119.593761228842155, 34.443588657125915 ], [ -119.593613565379982, 34.443540473024292 ], [ -119.593466178326025, 34.443466491544427 ], [ -119.593463458612874, 34.443435486964198 ], [ -119.593457945093192, 34.443387782819777 ], [ -119.593463915554977, 34.443347272529756 ], [ -119.593478352800716, 34.443340170684337 ], [ -119.593495670295539, 34.443333079961413 ], [ -119.593484697032451, 34.443328583170874 ], [ -119.59348705422633, 34.443328280651301 ], [ -119.593504323413768, 34.443330726310364 ], [ -119.593521542123256, 34.443342708342492 ], [ -119.59354161531023, 34.443359469230387 ], [ -119.593576225604281, 34.443350055501973 ], [ -119.593587684902815, 34.44336201708547 ], [ -119.593599093730646, 34.443383515944106 ], [ -119.59361920507061, 34.443393123861391 ], [ -119.593653803030065, 34.443386093528872 ], [ -119.593662505522701, 34.443374203486819 ], [ -119.593662616613827, 34.443352746408046 ], [ -119.593654136315152, 34.443321721390738 ], [ -119.593639945978239, 34.44328113955671 ], [ -119.593631502732521, 34.44324296157447 ], [ -119.593631626177299, 34.443219120172451 ], [ -119.593643357042552, 34.443178629404528 ], [ -119.593663752234107, 34.443133402447835 ], [ -119.593704405701899, 34.443069172438683 ], [ -119.593825098944279, 34.4430615192964 ], [ -119.593940374918105, 34.44303084391894 ], [ -119.594029504454952, 34.443025943308896 ], [ -119.594106750914392, 34.443011242282466 ], [ -119.594181999786031, 34.443006450054881 ], [ -119.594225590060688, 34.442972040227652 ], [ -119.594255300967845, 34.442952438886657 ], [ -119.594302836103807, 34.442908336133712 ], [ -119.594338487823237, 34.44285933332722 ], [ -119.594338487901439, 34.442839732152692 ], [ -119.594305371343538, 34.442701748794363 ], [ -119.594413842827123, 34.442636179960395 ], [ -119.594475154547425, 34.442580014847103 ], [ -119.594504864473308, 34.442535911955574 ], [ -119.594570225771619, 34.442423204972705 ], [ -119.594629257370613, 34.442351529709761 ], [ -119.594634550807157, 34.442203181563784 ], [ -119.59466025216112, 34.442087273902949 ], [ -119.594748485924185, 34.442045878656764 ], [ -119.594800751264714, 34.441931303081859 ], [ -119.594826331557726, 34.441874837402231 ], [ -119.594884104637586, 34.441841663340441 ], [ -119.59490963602039, 34.441758803615208 ], [ -119.595003991597181, 34.441737155364706 ], [ -119.595025638975812, 34.441690575444099 ], [ -119.595105005180287, 34.441624447006056 ], [ -119.595098825490112, 34.44153247380045 ], [ -119.595168680497679, 34.441478053298432 ], [ -119.595191428837808, 34.441446968411789 ], [ -119.595260967003, 34.44136615106806 ], [ -119.595313028334573, 34.441323419115101 ], [ -119.595342050336782, 34.441280605732764 ], [ -119.595370350837698, 34.44125337379549 ], [ -119.595476973721546, 34.441255937480655 ], [ -119.59554352438029, 34.441224574689265 ], [ -119.595610075349867, 34.441169690772675 ], [ -119.595700393723448, 34.441103044571115 ], [ -119.595800219178003, 34.441028558744939 ], [ -119.595866768620709, 34.440981514427428 ], [ -119.595919058381227, 34.440934471120912 ], [ -119.595911235865742, 34.440876411247217 ], [ -119.595945874341055, 34.440836939048609 ], [ -119.596019464789819, 34.440754435980104 ], [ -119.596076614741492, 34.440691911331584 ], [ -119.596209027801365, 34.440667887568083 ], [ -119.596266070923662, 34.440663966944001 ], [ -119.596373783608428, 34.440650254863264 ], [ -119.596441953708847, 34.440562038213464 ], [ -119.596479758384135, 34.440431925867152 ], [ -119.596504372130099, 34.44039777533601 ], [ -119.596560793452824, 34.440362099513663 ], [ -119.596589315322262, 34.440311135163228 ], [ -119.596594068946416, 34.440279772109697 ], [ -119.596598418933453, 34.440202200757973 ], [ -119.596603575818762, 34.440158240522145 ], [ -119.596603576542506, 34.440099435045539 ], [ -119.596603576177799, 34.440040629561587 ], [ -119.596632700006282, 34.439958287496836 ], [ -119.59662259009761, 34.439887734499585 ], [ -119.596622590162852, 34.43986421248249 ], [ -119.596638316231974, 34.439812232514932 ], [ -119.596622590497986, 34.439746600586474 ], [ -119.596622590654746, 34.43969171497023 ], [ -119.596636851216758, 34.439652511365772 ], [ -119.596651111806906, 34.439597625507986 ], [ -119.596670126906446, 34.439558421519976 ], [ -119.596722416365736, 34.439487854857234 ], [ -119.596774705179286, 34.439429048727028 ], [ -119.596906369741205, 34.439341756316942 ], [ -119.596936327910768, 34.439283993402583 ], [ -119.5970028784146, 34.439213425421592 ], [ -119.597056908151544, 34.439201317902324 ], [ -119.597050413995689, 34.439130117089071 ], [ -119.597050414245928, 34.439068370283749 ], [ -119.597061109794367, 34.439024265462528 ], [ -119.597068240520187, 34.438980160711793 ], [ -119.597082500710812, 34.438933115443454 ], [ -119.597107457039343, 34.438877249752359 ], [ -119.597132413898606, 34.438789040008281 ], [ -119.597143578146998, 34.438727614507066 ], [ -119.597171631042485, 34.438615560170867 ], [ -119.59719658755094, 34.438544992601152 ], [ -119.597242934737437, 34.438492065869298 ], [ -119.597292847883793, 34.438442080309997 ], [ -119.597335630002092, 34.438386214146966 ], [ -119.597392673200204, 34.438306824685313 ], [ -119.597446150576033, 34.438230375640423 ], [ -119.597488933178667, 34.438127463495384 ], [ -119.5974996283813, 34.438003968601215 ], [ -119.597503193421275, 34.437889294974248 ], [ -119.597503194374625, 34.437806964600732 ], [ -119.597503193724805, 34.437695230504815 ], [ -119.597503193390949, 34.437589378041437 ], [ -119.597503194150107, 34.437483524669737 ], [ -119.597503193441298, 34.437430597975911 ], [ -119.597510324188946, 34.437354148136293 ], [ -119.597510323961728, 34.437310041652786 ], [ -119.597503193428679, 34.437230651771131 ], [ -119.597485367962818, 34.437157141983604 ], [ -119.597460411357773, 34.437071870861566 ], [ -119.597442585809986, 34.436995420682116 ], [ -119.597431889715864, 34.436898387711622 ], [ -119.597421194913821, 34.436845461240246 ], [ -119.597414063910804, 34.4367954741505 ], [ -119.597406933683232, 34.436719023695773 ], [ -119.597406934123939, 34.43664551344586 ], [ -119.597403368926635, 34.436574944546486 ], [ -119.5974033681332, 34.436519076528761 ], [ -119.597403368271642, 34.436460268136585 ], [ -119.597399803099378, 34.436430864471568 ], [ -119.597392673235959, 34.436380877363732 ], [ -119.597381977293409, 34.436345592206266 ], [ -119.597364151203237, 34.436316187959342 ], [ -119.597271456277397, 34.436275022065246 ], [ -119.597196586855489, 34.436251498869467 ], [ -119.597061109780455, 34.436219153925499 ], [ -119.597029022831293, 34.436210333435511 ], [ -119.596957718647189, 34.436195631137871 ], [ -119.596914936583971, 34.436186809919732 ], [ -119.596802527797138, 34.436178737502942 ], [ -119.596791552269039, 34.436158312675524 ], [ -119.596814826935912, 34.436131769939706 ], [ -119.596783024643898, 34.436063312026995 ], [ -119.596783023891916, 34.435998622851322 ], [ -119.596810480877707, 34.435968584950267 ], [ -119.596868589018115, 34.436019205753752 ], [ -119.59691138628709, 34.436021656079816 ], [ -119.596963449863239, 34.436052236128575 ], [ -119.597071805076084, 34.436022145835167 ], [ -119.597093196699035, 34.435939813973377 ], [ -119.597107457415348, 34.4358927676628 ], [ -119.597128848251785, 34.435839839546759 ], [ -119.597178761525853, 34.43578103097974 ], [ -119.597237789794434, 34.43574420138993 ], [ -119.59723580409127, 34.43561636685687 ], [ -119.597189485776951, 34.435528044888109 ], [ -119.597229824097852, 34.435456446246256 ], [ -119.597228674011063, 34.435451702272744 ], [ -119.597214413517065, 34.435392893221824 ], [ -119.597201222339748, 34.43534290545611 ], [ -119.59719052677319, 34.435310560623051 ], [ -119.597186961292152, 34.435272334880793 ], [ -119.597186960603608, 34.43523704943869 ], [ -119.597189007717731, 34.435188314664643 ], [ -119.59726183015357, 34.43515471634484 ], [ -119.59730461249417, 34.435137074038735 ], [ -119.597354525024585, 34.435116490275824 ], [ -119.597390177742525, 34.435092967342982 ], [ -119.597415133587134, 34.435054740944814 ], [ -119.597408003534298, 34.43501945566311 ], [ -119.597383046769593, 34.434978289124814 ], [ -119.597358090499966, 34.434925361064565 ], [ -119.597339966102908, 34.434848721317799 ], [ -119.597311742534885, 34.434816563557497 ], [ -119.597290351920066, 34.434760695016742 ], [ -119.597276090877003, 34.434710706169156 ], [ -119.597240439235719, 34.434646015881128 ], [ -119.597193186098437, 34.434608256426834 ], [ -119.597191421868672, 34.434569207956145 ], [ -119.597187112386891, 34.434473840849314 ], [ -119.597160039456767, 34.434418147821191 ], [ -119.597135154052467, 34.434366957305947 ], [ -119.597104112251003, 34.434303099591993 ], [ -119.597093071373806, 34.434280386560602 ], [ -119.597040062574294, 34.434224039031584 ], [ -119.596998553430154, 34.434179915198882 ], [ -119.596971979611496, 34.43411672918181 ], [ -119.596971979270165, 34.434063800508881 ], [ -119.597000501612214, 34.434022633717113 ], [ -119.597021892345467, 34.433999109343453 ], [ -119.597053979502817, 34.433963824129911 ], [ -119.597111553014031, 34.433925377305634 ], [ -119.597124654821528, 34.433888597885115 ], [ -119.597156927788603, 34.433798002925045 ], [ -119.5971288488998, 34.433746227122924 ], [ -119.597128848095707, 34.433708000343124 ], [ -119.597132413969845, 34.433690357074866 ], [ -119.597185891040596, 34.43364330893656 ], [ -119.597225108650349, 34.433616844662929 ], [ -119.597271456306842, 34.433587438935241 ], [ -119.59734632478856, 34.433558034353531 ], [ -119.597399803355074, 34.433522747648162 ], [ -119.597503193496181, 34.433490402826052 ], [ -119.597663627228343, 34.433455116109087 ], [ -119.597731366488901, 34.433428651839229 ], [ -119.597802670604281, 34.433408068200819 ], [ -119.597866843739894, 34.433393365474764 ], [ -119.597988061006149, 34.433366900502378 ], [ -119.598087886145819, 34.433369841655136 ], [ -119.598116407131982, 34.433390425314492 ], [ -119.598173450261712, 34.433449234914853 ], [ -119.598219798105944, 34.433481581356418 ], [ -119.598294667929977, 34.433513926909178 ], [ -119.598344580564799, 34.433531569469515 ], [ -119.598365971075012, 34.433546272518036 ], [ -119.598401623381548, 34.433581558698307 ], [ -119.598435411444001, 34.433648509396093 ], [ -119.598483943338778, 34.433656722146857 ], [ -119.598521664633282, 34.433663106433265 ], [ -119.598563509652138, 34.433670187317759 ], [ -119.598651208145242, 34.4336850290237 ], [ -119.598715291131811, 34.43365412141538 ], [ -119.598798440074773, 34.433614017869282 ], [ -119.59886239641996, 34.433594237771082 ], [ -119.598929272020229, 34.433528629246652 ], [ -119.598979185273976, 34.433508045651578 ], [ -119.599043358705316, 34.433484521119823 ], [ -119.599086141258169, 34.43347275979179 ], [ -119.599107531666448, 34.433469818600756 ], [ -119.599148257384911, 34.433504037352343 ], [ -119.599118600838466, 34.433515001198579 ], [ -119.599103966953535, 34.433569796265203 ], [ -119.599136053914179, 34.433575677619316 ], [ -119.599178835619696, 34.433552152920775 ], [ -119.599203792750657, 34.433534510566894 ], [ -119.599215822070931, 34.433479058458659 ], [ -119.599246942005252, 34.433467553624261 ], [ -119.599303618406495, 34.433413949162386 ], [ -119.599386925982799, 34.433415802294498 ], [ -119.599424834956451, 34.433425711256298 ], [ -119.599471182443978, 34.433378663236482 ], [ -119.59943754279972, 34.43334411794261 ], [ -119.599455756235912, 34.433318323758471 ], [ -119.599524660427534, 34.433281625677104 ], [ -119.599595963766433, 34.433205171824106 ], [ -119.599613790274901, 34.433184588388791 ], [ -119.599628050899199, 34.433161064714639 ], [ -119.599638746498172, 34.433131658619516 ], [ -119.599635181256929, 34.433096372358413 ], [ -119.599624485501195, 34.433043443189916 ], [ -119.599595963735183, 34.433043443489062 ], [ -119.599513964071292, 34.433043443297116 ], [ -119.599496138340214, 34.433046383515354 ], [ -119.599481877455133, 34.433025799607471 ], [ -119.599500832520363, 34.432980493148804 ], [ -119.599565524520742, 34.432948010200143 ], [ -119.599702919290024, 34.432934643820552 ], [ -119.599756397831513, 34.432917000108546 ], [ -119.599802745205693, 34.432887595141999 ], [ -119.599845527769048, 34.432855249028755 ], [ -119.599906136213008, 34.432822903004244 ], [ -119.599938223184452, 34.432793497717036 ], [ -119.599963179395573, 34.432731746702011 ], [ -119.599991700519737, 34.432687638728332 ], [ -119.599998830710788, 34.43263764914834 ], [ -119.600020221725643, 34.432581779045016 ], [ -119.600015584448442, 34.432506300455778 ], [ -119.600049536529284, 34.432450667957781 ], [ -119.600153435512809, 34.432424129373906 ], [ -119.600162487099368, 34.432367845781179 ], [ -119.600186015032307, 34.432344341762132 ], [ -119.600204229561129, 34.432326145764833 ], [ -119.600233901881793, 34.432304059037016 ], [ -119.600251671030975, 34.432269232928761 ], [ -119.60028025312549, 34.432265879573926 ], [ -119.600314535520312, 34.432270364310384 ], [ -119.600346889227424, 34.43225946722881 ], [ -119.600368430873814, 34.432219904412136 ], [ -119.600397516028622, 34.432227406892373 ], [ -119.60039796801307, 34.43224487957454 ], [ -119.600423751647625, 34.432263155248108 ], [ -119.600492650286284, 34.432252510897428 ], [ -119.600526261905628, 34.432233106982643 ], [ -119.600536739535727, 34.432260556803456 ], [ -119.600545588373308, 34.432334527170589 ], [ -119.600567669488413, 34.43238507016202 ], [ -119.600594910887679, 34.432418471834758 ], [ -119.600619531328803, 34.432432856831397 ], [ -119.600645285714421, 34.432424172353123 ], [ -119.600722901127668, 34.432428571985476 ], [ -119.600744862868467, 34.432452753777135 ], [ -119.600760871836869, 34.432474002359058 ], [ -119.60076615299235, 34.432498352171258 ], [ -119.600793644885016, 34.432493866673745 ], [ -119.600829520012198, 34.432506858964608 ], [ -119.600891199405368, 34.432455335599769 ], [ -119.600897335628716, 34.432457726056107 ], [ -119.600931778393615, 34.432453382798826 ], [ -119.601099668684995, 34.432473498853113 ], [ -119.601174685656858, 34.432500489456352 ], [ -119.60128851221441, 34.432513690892485 ], [ -119.601415582113503, 34.432463733987419 ], [ -119.601669889288019, 34.432345968952305 ], [ -119.601805926966833, 34.432325642209257 ], [ -119.601895515219425, 34.432272432907993 ], [ -119.60194020559581, 34.432245888695675 ], [ -119.602014235790108, 34.432214209975889 ], [ -119.602127624712622, 34.432174767763208 ], [ -119.602163667145916, 34.432108593262647 ], [ -119.60219249605008, 34.431987787014599 ], [ -119.602260234313221, 34.431920153711381 ], [ -119.602299451664919, 34.43187604533837 ], [ -119.602374321010856, 34.431790768268819 ], [ -119.602417102940777, 34.431767244128558 ], [ -119.602491972300655, 34.431767243627256 ], [ -119.602573971668505, 34.431776065556676 ], [ -119.602620319383917, 34.431773124715221 ], [ -119.602705884417375, 34.431755481917932 ], [ -119.60275936216901, 34.431752540526098 ], [ -119.602809275429777, 34.431749600262393 ], [ -119.602812839964329, 34.43171431355524 ], [ -119.602815559863501, 34.431662042117871 ], [ -119.602846538593013, 34.431657977332584 ], [ -119.60292934928836, 34.431647110324853 ], [ -119.602987534566182, 34.431593749790167 ], [ -119.603016056862089, 34.431567284255266 ], [ -119.603044578377038, 34.431517294702374 ], [ -119.603073099122341, 34.431461423459226 ], [ -119.603094490158725, 34.431399671046627 ], [ -119.603123011890034, 34.431334978621528 ], [ -119.603158664625099, 34.431252641530392 ], [ -119.603194316307153, 34.431205592694006 ], [ -119.603247794610908, 34.431167364601933 ], [ -119.603383271044564, 34.431158542364756 ], [ -119.603447445042121, 34.43116442372272 ], [ -119.603472401462142, 34.43118794855399 ], [ -119.603486661966699, 34.431208532899767 ], [ -119.603518748602994, 34.431208533163591 ], [ -119.603529444083222, 34.431199711180504 ], [ -119.603597183613914, 34.431155601961478 ], [ -119.603607878546327, 34.43108502818577 ], [ -119.603629270462605, 34.431058562133444 ], [ -119.603654226577333, 34.431046800449103 ], [ -119.603697009287401, 34.431035037377434 ], [ -119.603718400153554, 34.431017394275074 ], [ -119.603750487225597, 34.430996809945256 ], [ -119.60379326881305, 34.430952700742637 ], [ -119.603828920775811, 34.430943879470519 ], [ -119.603918051294855, 34.430958582469387 ], [ -119.603960833742534, 34.430961523049234 ], [ -119.604025006292105, 34.430949759938677 ], [ -119.604049963153955, 34.43092035402767 ], [ -119.604152524742233, 34.430937557966118 ], [ -119.604220083529924, 34.430928965816697 ], [ -119.604369280585217, 34.430900719100819 ], [ -119.604543708241707, 34.430797956501706 ], [ -119.604631300066544, 34.430745611292949 ], [ -119.604679319436514, 34.430649622797326 ], [ -119.604716655281607, 34.430493965938879 ], [ -119.604880653598357, 34.430449856564913 ], [ -119.604973348613058, 34.430467499726774 ], [ -119.605058913489572, 34.430476322279688 ], [ -119.605115956873533, 34.430473381271206 ], [ -119.605183695831684, 34.430449856526877 ], [ -119.605237173547252, 34.430417509163853 ], [ -119.60527282559525, 34.43037634043101 ], [ -119.605297781274913, 34.430329290979458 ], [ -119.605308476934567, 34.430252834409465 ], [ -119.605308477886439, 34.430188140385347 ], [ -119.60531204262827, 34.43009109990895 ], [ -119.6053175408275, 34.430028155896295 ], [ -119.605490061905243, 34.429898508051949 ], [ -119.60563523346751, 34.42974600495581 ], [ -119.605786657204618, 34.429613419271604 ], [ -119.605827339527593, 34.429568894716155 ], [ -119.605828996324433, 34.429497090109685 ], [ -119.605850387059093, 34.42947062360065 ], [ -119.605875343569664, 34.429452979728751 ], [ -119.605989429581314, 34.42941181123679 ], [ -119.606086061900911, 34.429390077681333 ], [ -119.606150840303883, 34.429333813939792 ], [ -119.606214037236867, 34.429311828295333 ], [ -119.606285341520618, 34.429282421733227 ], [ -119.606335253618013, 34.429250074179912 ], [ -119.606381601409694, 34.429211846178084 ], [ -119.606435079176819, 34.429161854950841 ], [ -119.606484991926237, 34.429114803554384 ], [ -119.60650638292185, 34.429085397420906 ], [ -119.606531339043102, 34.42904128713964 ], [ -119.606558937964678, 34.428919811090147 ], [ -119.606615597957244, 34.428839157947962 ], [ -119.606647453732649, 34.428793813353472 ], [ -119.606696460471014, 34.428710948623824 ], [ -119.606773773038455, 34.428661940213843 ], [ -119.606834380964358, 34.428617829722846 ], [ -119.606870033397485, 34.428588422912881 ], [ -119.606905684715599, 34.428559016087334 ], [ -119.60696985875235, 34.428538431023128 ], [ -119.607023336143925, 34.428497261580404 ], [ -119.607055423439277, 34.428482557974732 ], [ -119.607108901682935, 34.428459032675988 ], [ -119.607140988379584, 34.428447269440689 ], [ -119.607165943941382, 34.428403158993042 ], [ -119.607208726675879, 34.428341405132706 ], [ -119.607240813074597, 34.428285531403695 ], [ -119.607272899949393, 34.428232598962929 ], [ -119.60732994318623, 34.428147318510675 ], [ -119.607376291121682, 34.428073800789512 ], [ -119.607408377373389, 34.428000283709672 ], [ -119.607422638403762, 34.427888537096159 ], [ -119.60741194345583, 34.42785912978561 ], [ -119.607372725366091, 34.427732678924635 ], [ -119.60739055213223, 34.427659160689359 ], [ -119.607397682344555, 34.42755329472012 ], [ -119.607419073832844, 34.427488599075033 ], [ -119.60744402954434, 34.427429784726094 ], [ -119.60749037750773, 34.427353325607221 ], [ -119.607550985807606, 34.427259222476479 ], [ -119.607597332972631, 34.427203347904268 ], [ -119.607640115219866, 34.427162178416573 ], [ -119.607690028170396, 34.427103363004065 ], [ -119.607732810863922, 34.427059252177592 ], [ -119.607793418645741, 34.427006319010381 ], [ -119.60786115761104, 34.426973970510062 ], [ -119.607907505496783, 34.426935740910594 ], [ -119.608000200748648, 34.42692103728443 ], [ -119.608075069245601, 34.426912214645554 ], [ -119.608117851253425, 34.426912215090738 ], [ -119.60819985148008, 34.426897511645265 ], [ -119.608292546031521, 34.426873985675023 ], [ -119.608463675394319, 34.426847518922564 ], [ -119.608513588416145, 34.426826933760786 ], [ -119.60856350141178, 34.426806348576768 ], [ -119.608631240148028, 34.426747533298148 ], [ -119.608663326549475, 34.426694599489565 ], [ -119.60869897899309, 34.426612258517437 ], [ -119.6087346304856, 34.426547561739945 ], [ -119.608780978487502, 34.426485805851691 ], [ -119.608813065415006, 34.426447575804225 ], [ -119.608855846959088, 34.426391702017476 ], [ -119.608895064882887, 34.426344648962534 ], [ -119.608930716932278, 34.426300537633018 ], [ -119.6089663682653, 34.426247604178123 ], [ -119.608994890099538, 34.426200551500457 ], [ -119.60902697652854, 34.426144677159492 ], [ -119.60908045508836, 34.426074098131217 ], [ -119.609133932558422, 34.426009401679217 ], [ -119.609194540554256, 34.425944704304257 ], [ -119.609256768805636, 34.425869539429847 ], [ -119.609317621518898, 34.425840475504963 ], [ -119.609369861059221, 34.425811681339574 ], [ -119.609440588281316, 34.425772697996706 ], [ -119.609568632947088, 34.425699872386112 ], [ -119.609602010636323, 34.425680533386959 ], [ -119.609686538354012, 34.425668270547142 ], [ -119.609811319428005, 34.425612395605235 ], [ -119.609861232710955, 34.425582987719878 ], [ -119.609924290598542, 34.425522897677389 ], [ -119.610022643630842, 34.425487031386837 ], [ -119.610099727839653, 34.425466945362977 ], [ -119.610178535368888, 34.42544477091522 ], [ -119.610256968832232, 34.425391835778889 ], [ -119.610310447532328, 34.425359487708398 ], [ -119.610417402881794, 34.425285967562488 ], [ -119.610463750901417, 34.425253618584769 ], [ -119.61054575047946, 34.4252359739356 ], [ -119.610613488916471, 34.425233033222064 ], [ -119.610752531688306, 34.425200683924693 ], [ -119.610853429496288, 34.425161079541574 ], [ -119.611011482397373, 34.42507493004539 ], [ -119.611204199527947, 34.424927224295054 ], [ -119.611358220314187, 34.424771651509126 ], [ -119.61140074866222, 34.424696242801517 ], [ -119.611526998581922, 34.42454618957899 ], [ -119.611590734033001, 34.424467724890761 ], [ -119.611709260344568, 34.424372756937068 ], [ -119.611793223133887, 34.42428005517592 ], [ -119.611845382018132, 34.424213473112303 ], [ -119.61193496106651, 34.424149401360779 ], [ -119.612082292688228, 34.424052146211885 ], [ -119.61212289764272, 34.423992677185254 ], [ -119.612149177653052, 34.42391885407033 ], [ -119.612161201246124, 34.423816370656873 ], [ -119.612156197103005, 34.423663761480441 ], [ -119.612139380370962, 34.42357071798213 ], [ -119.612079278650938, 34.423496602200018 ], [ -119.612004756923312, 34.423427206334694 ], [ -119.611981097894912, 34.423334493750751 ], [ -119.612048010088387, 34.423243170340456 ], [ -119.612088811309349, 34.423185527648741 ], [ -119.612211567114741, 34.423108455565192 ], [ -119.612507199225448, 34.423008125346868 ], [ -119.612658776683475, 34.422925188384291 ], [ -119.612795721092155, 34.422889888135948 ] ], [ [ -119.597639859372606, 34.43891547378557 ], [ -119.597706410297633, 34.438970359852767 ], [ -119.597810989203282, 34.438962518835766 ], [ -119.597944089388633, 34.438923314215373 ], [ -119.59806768292988, 34.438907632355608 ], [ -119.598172261844368, 34.438907632589263 ], [ -119.598368174744181, 34.438801095993469 ], [ -119.598451602262529, 34.438633601043335 ], [ -119.598489324437054, 34.438596447488436 ], [ -119.59858722438635, 34.438534647356121 ], [ -119.598835090832836, 34.43850444423493 ], [ -119.59894762146962, 34.43851726668057 ], [ -119.599060183886024, 34.438523874973633 ], [ -119.599007513383285, 34.438548548072497 ], [ -119.598729621513968, 34.438578646363155 ], [ -119.598624183773182, 34.43864663434799 ], [ -119.59861642346759, 34.438696322167651 ], [ -119.598540915534443, 34.438783058321278 ], [ -119.598533249433004, 34.43881410310464 ], [ -119.598540438758562, 34.438876271619598 ], [ -119.598645241344869, 34.438932568120741 ], [ -119.598847784422674, 34.438958135284267 ], [ -119.599020398458933, 34.438964953948656 ], [ -119.599058374478105, 34.438878086101447 ], [ -119.599081179530444, 34.438822236780851 ], [ -119.599088876068294, 34.43878497791723 ], [ -119.599375670246189, 34.438481479096794 ], [ -119.59942131026213, 34.438363566231224 ], [ -119.599429102827358, 34.438307664301192 ], [ -119.599376812123822, 34.438257766349565 ], [ -119.599279547668687, 34.4381952827014 ], [ -119.598785087498868, 34.438007121378583 ], [ -119.598560186698435, 34.437950404017037 ], [ -119.598253257690217, 34.437787754196833 ], [ -119.597913926115652, 34.437631690525805 ], [ -119.597913344737506, 34.437745178875744 ], [ -119.597789824508425, 34.438245433472339 ], [ -119.597737520012402, 34.438495561403258 ], [ -119.59766838125816, 34.438617519989734 ], [ -119.597639860193624, 34.438672406385066 ], [ -119.597620845856071, 34.438829224383539 ], [ -119.597639859372606, 34.43891547378557 ] ], [ [ -119.608778986882726, 34.431664665939742 ], [ -119.608773457896774, 34.431762709813718 ], [ -119.608898028111298, 34.431902614023564 ], [ -119.608995951658073, 34.432057582291215 ], [ -119.609102730626944, 34.431936980098577 ], [ -119.609113870822171, 34.431868470987382 ], [ -119.60909976954899, 34.43180881671735 ], [ -119.609053538979225, 34.431695407588066 ], [ -119.609043259674323, 34.431591062189248 ], [ -119.609043615919674, 34.431519535303885 ], [ -119.609036744003689, 34.43145394561229 ], [ -119.609040551045609, 34.431412234480163 ], [ -119.609034492065632, 34.431357153834682 ], [ -119.609008598531574, 34.431384418331731 ], [ -119.608941520406916, 34.431425672803698 ], [ -119.608847744710943, 34.43159129833127 ], [ -119.608778986882726, 34.431664665939742 ] ], [ [ -119.606538667870524, 34.435524536503884 ], [ -119.606360708086513, 34.435645503114984 ], [ -119.606278409347055, 34.435738222751922 ], [ -119.606152734008575, 34.435827823936712 ], [ -119.606141794208824, 34.435926700245929 ], [ -119.606192085362451, 34.43610341734324 ], [ -119.606166143079335, 34.436173945775884 ], [ -119.606131598730045, 34.43625856796011 ], [ -119.606063042515188, 34.436321888562247 ], [ -119.606054265438601, 34.436371290532165 ], [ -119.606036673629433, 34.436477156456249 ], [ -119.606044849284046, 34.436547802203961 ], [ -119.606061553966995, 34.436618477286167 ], [ -119.606061234992524, 34.436682031679503 ], [ -119.606018125829124, 34.43677368644574 ], [ -119.605995104798879, 34.436830080778712 ], [ -119.606009800617599, 34.436838437914183 ], [ -119.606110500722536, 34.43688550587413 ], [ -119.60627246905554, 34.436869939921152 ], [ -119.606336899656, 34.436789605312349 ], [ -119.606624144503641, 34.436706854386543 ], [ -119.606617257192241, 34.436549960072654 ], [ -119.606820472963733, 34.436481364101091 ], [ -119.606846527177481, 34.436375788440145 ], [ -119.606846909323068, 34.43629949502715 ], [ -119.606818469795357, 34.43622786961236 ], [ -119.606790221414869, 34.436118098372468 ], [ -119.606693095574443, 34.435960405678429 ], [ -119.606658968026991, 34.435874455283191 ], [ -119.606630528820233, 34.43580283069263 ], [ -119.606608039722317, 34.435693079143412 ], [ -119.60666033006882, 34.43560265770008 ], [ -119.606712620294815, 34.435512236224724 ], [ -119.606747249440289, 34.435498049762934 ], [ -119.60681039054974, 34.435541182731072 ], [ -119.606867675160174, 34.435603369702797 ], [ -119.606936527528291, 34.435656058824705 ], [ -119.607045721376579, 34.435704118478448 ], [ -119.607132067545308, 34.435713951358437 ], [ -119.607247427168844, 34.435680968437786 ], [ -119.607247928227423, 34.435580831571755 ], [ -119.607242764781674, 34.435461602021419 ], [ -119.607145281945336, 34.435375435321873 ], [ -119.607082355612249, 34.43528938710439 ], [ -119.607008031128814, 34.435179456812257 ], [ -119.607048681489076, 34.435112838120666 ], [ -119.60710206038938, 34.435088970195274 ], [ -119.607113183475079, 34.435073462114694 ], [ -119.607140559307012, 34.435035295081981 ], [ -119.607143308285373, 34.435031463008151 ], [ -119.607222948958082, 34.434942327268644 ], [ -119.607302441437, 34.434882993937904 ], [ -119.607360721808732, 34.434746099887043 ], [ -119.607425457639721, 34.434758242843365 ], [ -119.607410731077167, 34.434823759277542 ], [ -119.607381724008633, 34.434865383821098 ], [ -119.607337991346469, 34.434972524774523 ], [ -119.60723687041876, 34.435037743999949 ], [ -119.607218058320214, 34.435095949052808 ], [ -119.607258021627146, 34.435127225462132 ], [ -119.607379845700976, 34.435240895033495 ], [ -119.607531154168939, 34.435217570785227 ], [ -119.607747674291602, 34.435111021769956 ], [ -119.60774809130109, 34.435027575234415 ], [ -119.607633346626258, 34.434937773210677 ], [ -119.607504442008903, 34.434800237582117 ], [ -119.607481977059606, 34.434765350035804 ], [ -119.607454433746668, 34.434722579135624 ], [ -119.607483530144179, 34.434663072902879 ], [ -119.607498051202143, 34.434664537445187 ], [ -119.607505276540905, 34.434633344454397 ], [ -119.607599196887946, 34.434568099393424 ], [ -119.607679195158482, 34.434407437524904 ], [ -119.607848062066395, 34.434338255138577 ], [ -119.607903447509813, 34.434193624559029 ], [ -119.60803351265028, 34.43409869987034 ], [ -119.608221349937708, 34.433968209629001 ], [ -119.608387529980078, 34.433849566026247 ], [ -119.60860401544393, 34.433748976108177 ], [ -119.608755706891898, 34.433648164415736 ], [ -119.609044005244385, 34.433583582061409 ], [ -119.609195339696385, 34.433554295614719 ], [ -119.609303329396923, 34.433554664107454 ], [ -119.60926712513681, 34.433596264620327 ], [ -119.609238179939354, 34.433625968865869 ], [ -119.609021814382714, 34.433702718351832 ], [ -119.608682941087324, 34.433802890900211 ], [ -119.608480943236117, 34.433885649413078 ], [ -119.608321963048255, 34.434004317773173 ], [ -119.608134065240421, 34.434146728987386 ], [ -119.607963396055908, 34.434356792443822 ], [ -119.607967349425905, 34.434372660417274 ], [ -119.607887709088104, 34.434461796721109 ], [ -119.607728726836427, 34.434580464189786 ], [ -119.60763867763815, 34.434707647189775 ], [ -119.607727654471248, 34.434795042363952 ], [ -119.607834960935421, 34.434932503778072 ], [ -119.608000250585519, 34.434992675658286 ], [ -119.608166521307481, 34.434856150831472 ], [ -119.608210313363983, 34.434737088744043 ], [ -119.60812454543931, 34.434611622378931 ], [ -119.608053146603112, 34.434492166073397 ], [ -119.608047236420305, 34.434458601372846 ], [ -119.608094329108468, 34.434482214393192 ], [ -119.608168964987584, 34.434530154760871 ], [ -119.608203474431519, 34.434539809467807 ], [ -119.608207544746634, 34.434540546098084 ], [ -119.608300353238846, 34.434458480713964 ], [ -119.608408492859809, 34.434429047568145 ], [ -119.608502501394895, 34.43434592098312 ], [ -119.608632714658327, 34.434221193139649 ], [ -119.608913964984836, 34.434126784956248 ], [ -119.609025784082803, 34.434149535480614 ], [ -119.609029057300376, 34.43414684777823 ], [ -119.609196817815075, 34.433999597610985 ], [ -119.609237443059712, 34.433937745855182 ], [ -119.609318668533703, 34.433818810973847 ], [ -119.609327240958237, 34.433818367127643 ], [ -119.609332430622729, 34.433802168132111 ], [ -119.609365688192625, 34.43362942448438 ], [ -119.609341528954133, 34.433420720951723 ], [ -119.609320716994858, 34.433262693842778 ], [ -119.609303831858412, 34.433039113977358 ], [ -119.609263159480392, 34.432849471413327 ], [ -119.609229633443661, 34.432758712448461 ], [ -119.609150976677569, 34.432651152876701 ], [ -119.60899689084674, 34.432510552626397 ], [ -119.608892843400753, 34.432441650203074 ], [ -119.608781790681476, 34.432333979689339 ], [ -119.608741411908554, 34.432323768906201 ], [ -119.608595263279554, 34.432296824909884 ], [ -119.608550461982603, 34.432294552310985 ], [ -119.6084211714129, 34.432244314750292 ], [ -119.608395130032221, 34.432269260875863 ], [ -119.608342830923974, 34.432362066853315 ], [ -119.608312023554561, 34.432476405807151 ], [ -119.608298708350091, 34.432547887396041 ], [ -119.608263634590443, 34.432651481977821 ], [ -119.608189756074395, 34.432740638347489 ], [ -119.608033342144125, 34.432922496969844 ], [ -119.607846779139308, 34.433086371006837 ], [ -119.607644118677811, 34.433199758798274 ], [ -119.607569326611952, 34.4332856972676 ], [ -119.607512474629416, 34.433424979998605 ], [ -119.607356181897956, 34.433581804652974 ], [ -119.607321172654565, 34.433648881745015 ], [ -119.607307092347128, 34.433896355346477 ], [ -119.607250328925133, 34.434017757087915 ], [ -119.607210933245, 34.434121336379924 ], [ -119.607123592380105, 34.434310583583184 ], [ -119.607049335032102, 34.43447484135784 ], [ -119.606927221372203, 34.434706885211909 ], [ -119.606865699243627, 34.43484632171549 ], [ -119.606835789817552, 34.435099761958185 ], [ -119.606815020373816, 34.435244234112574 ], [ -119.606712297477216, 34.435357043975891 ], [ -119.606571589148842, 34.435435894042158 ], [ -119.606595181449691, 34.435453203734639 ], [ -119.606538667870524, 34.435524536503884 ] ], [ [ -119.605449859424311, 34.436829903054772 ], [ -119.605455040123218, 34.436777792594057 ], [ -119.605492851887448, 34.436787375666817 ], [ -119.60551339655116, 34.436679747513978 ], [ -119.605552705897793, 34.436594049797016 ], [ -119.605695617027834, 34.436523015099965 ], [ -119.605791279406404, 34.436398172659679 ], [ -119.605831019336264, 34.436226644056021 ], [ -119.605831755674288, 34.436080016252966 ], [ -119.605807777552343, 34.435988898343489 ], [ -119.605699168525661, 34.435900977311867 ], [ -119.605535394973316, 34.435960564374057 ], [ -119.605353428309996, 34.43606722821832 ], [ -119.605257638647458, 34.436217104980756 ], [ -119.60520519037901, 34.4363385203199 ], [ -119.605170308731843, 34.436402773793979 ], [ -119.605118112094701, 34.436474120685574 ], [ -119.605083158337052, 34.436552680149099 ], [ -119.605074122439191, 34.436631328979573 ], [ -119.604955813298503, 34.436736906810673 ], [ -119.605215035084754, 34.436821395453819 ], [ -119.605449859424311, 34.436829903054772 ] ], [ [ -119.608132236557424, 34.43742377408568 ], [ -119.608477459675996, 34.437497796397501 ], [ -119.608494845884636, 34.437476397352135 ], [ -119.608491989130854, 34.43730303638862 ], [ -119.608470533228228, 34.437154443211085 ], [ -119.608350043495662, 34.437061045900499 ], [ -119.608249966768639, 34.437007839986364 ], [ -119.608243176635526, 34.437021420144625 ], [ -119.608217340548691, 34.437070763882886 ], [ -119.608140220984311, 34.437141117593953 ], [ -119.608096972962556, 34.43726101928366 ], [ -119.608051316699829, 34.437413263985874 ], [ -119.608132236557424, 34.43742377408568 ] ], [ [ -119.608889878385796, 34.437380618526397 ], [ -119.608905086732648, 34.437389086070951 ], [ -119.608906699870104, 34.437383838021972 ], [ -119.608924075818379, 34.437320341021781 ], [ -119.608958652807573, 34.437228656087804 ], [ -119.608993052736196, 34.437172279314801 ], [ -119.609053217858616, 34.437080682604737 ], [ -119.609138937024838, 34.436996233392641 ], [ -119.60917344329286, 34.436918672362097 ], [ -119.609233748643419, 34.436798827535881 ], [ -119.609268288797566, 34.436714204457537 ], [ -119.609311218385912, 34.436657856664368 ], [ -119.609311569879964, 34.436587240259307 ], [ -119.609278365615708, 34.436403521720756 ], [ -119.609261833850724, 34.436297538879586 ], [ -119.60921971305261, 34.436191467805536 ], [ -119.609218342279064, 34.436191550537153 ], [ -119.609218271888579, 34.436205688962708 ], [ -119.609131343157671, 34.436312682139366 ], [ -119.608915035426421, 34.436376318259661 ], [ -119.608845420688283, 34.436476218095912 ], [ -119.608767272694422, 34.436554631125041 ], [ -119.608705976732963, 34.436718933883739 ], [ -119.608714152159664, 34.436811946248554 ], [ -119.608843609038402, 34.43696883287263 ], [ -119.608919176075702, 34.437049128901698 ], [ -119.608930177730443, 34.437150167280002 ], [ -119.608893444057273, 34.437241720491755 ], [ -119.608889878385796, 34.437380618526397 ] ], [ [ -119.614048622060096, 34.445776051946623 ], [ -119.614056611178995, 34.445746612335824 ], [ -119.61394358750718, 34.445850234758034 ], [ -119.613842785204241, 34.445999634459511 ], [ -119.613780751202469, 34.446091817711263 ], [ -119.613753496556214, 34.446155444677856 ], [ -119.613660814260271, 34.446218850953223 ], [ -119.613560434506994, 34.446282231178778 ], [ -119.613467783287192, 34.446339265599718 ], [ -119.61339057365457, 34.446386793923018 ], [ -119.613336440196861, 34.446437586448454 ], [ -119.613100663946497, 34.446640690369904 ], [ -119.613007948042025, 34.446710467770693 ], [ -119.61291528020395, 34.446770687113712 ], [ -119.612837991226868, 34.446834144712668 ], [ -119.612695085286916, 34.446935611142194 ], [ -119.612609784068809, 34.44706276030594 ], [ -119.612559152857443, 34.447183654885322 ], [ -119.612481863185707, 34.447247112218093 ], [ -119.612373720814944, 34.447323208662937 ], [ -119.612342599609093, 34.447390008481136 ], [ -119.61230376628059, 34.44745996762579 ], [ -119.612253559342008, 34.447494842957759 ], [ -119.612218825929375, 34.447513840733421 ], [ -119.612180117288531, 34.447558313094994 ], [ -119.612172167950902, 34.447609261389019 ], [ -119.612164218607461, 34.447660208778657 ], [ -119.612083142957005, 34.447710909419158 ], [ -119.611998170680963, 34.447771154030626 ], [ -119.611994450170101, 34.447775923646773 ], [ -119.612094914619902, 34.44774979097128 ], [ -119.612142576874064, 34.447723454180363 ], [ -119.612204924325226, 34.44769648584829 ], [ -119.612592507159704, 34.447600998744605 ], [ -119.613025060618085, 34.447497555836804 ], [ -119.613270669969836, 34.447396248445607 ], [ -119.613479259025368, 34.447297035040854 ], [ -119.613579474636381, 34.447213322513306 ], [ -119.613775963546573, 34.44708523832373 ], [ -119.613872482691974, 34.446891797662246 ], [ -119.613910588887265, 34.446651766012749 ], [ -119.61398062837489, 34.446466034177185 ], [ -119.613981120906786, 34.446365899252868 ], [ -119.614004214213438, 34.44627229879336 ], [ -119.614029173448486, 34.445965513861474 ], [ -119.614048622060096, 34.445776051946623 ] ], [ [ -119.616202880957886, 34.445553197177425 ], [ -119.616388532925257, 34.445587543464413 ], [ -119.616529917291615, 34.445569198897445 ], [ -119.616530263100358, 34.445565930801841 ], [ -119.616652917450338, 34.445515676983653 ], [ -119.616703596672366, 34.445459221287699 ], [ -119.616768676404604, 34.445402814653946 ], [ -119.616787099963773, 34.445316448322124 ], [ -119.616776575759062, 34.445259787784693 ], [ -119.616784168400471, 34.445179346093262 ], [ -119.616784430335272, 34.445125702535684 ], [ -119.61676680830756, 34.445048156460878 ], [ -119.616752844381409, 34.444958701730954 ], [ -119.61673874950246, 34.444896069227852 ], [ -119.616731941667808, 34.444815579320618 ], [ -119.616724944641931, 34.444773832341539 ], [ -119.616727921000845, 34.444760193067857 ], [ -119.616261868685015, 34.445233344047935 ], [ -119.616261806102543, 34.445246143312254 ], [ -119.616250815971171, 34.445284850038476 ], [ -119.616203532370974, 34.445383040464613 ], [ -119.616185298715862, 34.445430663793061 ], [ -119.616135162396802, 34.445530952330664 ], [ -119.616202880957886, 34.445553197177425 ] ] ] ] } },
{ "type": "Feature", "properties": { "OBJECTID": 0, "Id": 0, "Shape_Leng": 0.0, "Shape_Length": 2627.1705758352678, "Shape_Area": 15389.955977741165 }, "geometry": { "type": "MultiPolygon", "coordinates": [ [ [ [ -119.627592694502752, 34.443752650744287 ], [ -119.627736090644802, 34.44357787730565 ], [ -119.627913758899538, 34.443464011689628 ], [ -119.627987540343511, 34.443392725070602 ], [ -119.627987896325905, 34.44331762338031 ], [ -119.6279278379874, 34.443228020166437 ], [ -119.627837573216439, 34.443131166578098 ], [ -119.62784640051585, 34.443091855108648 ], [ -119.627902477381454, 34.443109919121007 ], [ -119.627997197107376, 34.443178177504649 ], [ -119.628061694514201, 34.443242760217345 ], [ -119.628135288136448, 34.443210812127809 ], [ -119.628191720940052, 34.443153774293641 ], [ -119.628291456887411, 34.443075419533855 ], [ -119.628343535238329, 34.443025519667366 ], [ -119.628426006324716, 34.442943532211487 ], [ -119.62850885074181, 34.442782865572873 ], [ -119.628539463464534, 34.4427042863352 ], [ -119.628687362046676, 34.442490185964502 ], [ -119.628972724066344, 34.442441042789554 ], [ -119.629093702924337, 34.442437858112385 ], [ -119.629054500875185, 34.442505680967649 ], [ -119.628959341452415, 34.442530407614839 ], [ -119.628786114500599, 34.442619254441887 ], [ -119.628690734907821, 34.44269047160369 ], [ -119.628599319018534, 34.442836804421617 ], [ -119.628516525514883, 34.442986741656405 ], [ -119.628447302337676, 34.443007974550341 ], [ -119.628308364698043, 34.443154152912044 ], [ -119.628191161847113, 34.443271791124495 ], [ -119.628130206311951, 34.443371730951625 ], [ -119.628155974001871, 34.443404000776447 ], [ -119.628246273356865, 34.443493702018714 ], [ -119.628375843861534, 34.443501275605612 ], [ -119.628540043129078, 34.443494655205619 ], [ -119.628863901325985, 34.443527892203356 ], [ -119.628885011477706, 34.443561306504435 ], [ -119.628936752692312, 34.443582932490628 ], [ -119.628945375504472, 34.443586536967189 ], [ -119.628949662096176, 34.443593703033088 ], [ -119.628966841185616, 34.443615217025069 ], [ -119.628971077061706, 34.443633111642853 ], [ -119.628970941807694, 34.443661721717753 ], [ -119.62894907032225, 34.443718872785041 ], [ -119.628944597741366, 34.443751044443154 ], [ -119.628987410863402, 34.443833439031927 ], [ -119.629078337034755, 34.443790817786081 ], [ -119.629173531741259, 34.443758939003487 ], [ -119.629225609984843, 34.443709038769583 ], [ -119.629303862900827, 34.443605578746038 ], [ -119.629355721394973, 34.443602170947216 ], [ -119.629329615343011, 34.443641425688604 ], [ -119.629277400979475, 34.443719936043188 ], [ -119.629251294849155, 34.443759190762201 ], [ -119.629047774048047, 34.443858668529259 ], [ -119.628982735412322, 34.443908526691011 ], [ -119.628939245920677, 34.443969183346134 ], [ -119.628908768382189, 34.444019152528575 ], [ -119.628882610143691, 34.444069136597811 ], [ -119.628852115617008, 34.444122682243055 ], [ -119.628817182210938, 34.44420124835289 ], [ -119.628769237746909, 34.444290500983868 ], [ -119.628716837377198, 34.444408349634358 ], [ -119.628677380210348, 34.444529816748357 ], [ -119.628659862577777, 34.444579827855137 ], [ -119.628603141384602, 34.444697662411528 ], [ -119.628581218569394, 34.444765541890654 ], [ -119.628528936093502, 34.444858355939211 ], [ -119.628455119900181, 34.444936795763596 ], [ -119.628450494665373, 34.445001154780911 ], [ -119.628450342291671, 34.445033340394843 ], [ -119.628450037535401, 34.445097713421951 ], [ -119.62838928411901, 34.445154737258996 ], [ -119.628376137454566, 34.445194034674905 ], [ -119.628358534805827, 34.445261927195872 ], [ -119.628358348521729, 34.445301265758836 ], [ -119.628328038369574, 34.44531547263486 ], [ -119.628289071354004, 34.445333227940736 ], [ -119.628232705905589, 34.445375960691052 ], [ -119.628167647461311, 34.445429394789713 ], [ -119.628119870969812, 34.445482884063061 ], [ -119.628007273043877, 34.445539739328304 ], [ -119.627968187175483, 34.445582528062573 ], [ -119.627907416076965, 34.445643128094005 ], [ -119.627786108880173, 34.445714260066879 ], [ -119.627855556167091, 34.445646536131356 ], [ -119.62795969981488, 34.445550313500256 ], [ -119.627998836525151, 34.445496796234835 ], [ -119.628063775409117, 34.44546839667759 ], [ -119.628176627344899, 34.445357896880786 ], [ -119.628302151419206, 34.445308236458466 ], [ -119.628315332011553, 34.445261786999083 ], [ -119.628315569131146, 34.445211718997768 ], [ -119.628363345324246, 34.445158229628348 ], [ -119.62839404487562, 34.445061769121388 ], [ -119.628407360834004, 34.444986709604322 ], [ -119.628464048671901, 34.444876027237918 ], [ -119.628529511613721, 34.444736763712463 ], [ -119.628625554917093, 34.444526072175194 ], [ -119.628717175746814, 34.444336824499416 ], [ -119.628717784814768, 34.44420807834269 ], [ -119.628792259744017, 34.443990164460928 ], [ -119.628823024876922, 34.443879398690058 ], [ -119.628823532284599, 34.443772110478655 ], [ -119.628798016833699, 34.443686196250063 ], [ -119.628742260215077, 34.443582583333828 ], [ -119.628699448230719, 34.44358815673634 ], [ -119.628690978932084, 34.443588920460698 ], [ -119.628431480929635, 34.443612321649468 ], [ -119.628176507481655, 34.443629375943786 ], [ -119.628033298669834, 34.443764811304192 ], [ -119.627946556750359, 34.443836055825244 ], [ -119.627894630212879, 34.443853768920341 ], [ -119.62784278844417, 34.443853600474107 ], [ -119.627756300684879, 34.443871201195734 ], [ -119.627708710379594, 34.443885351760919 ], [ -119.627509236147901, 34.444042060951588 ], [ -119.627378850907945, 34.444206147650107 ], [ -119.627152536156714, 34.444555890118558 ], [ -119.626965374569949, 34.444848538595643 ], [ -119.626913345134398, 34.444887709206803 ], [ -119.626718033074724, 34.445076617446134 ], [ -119.626531583395803, 34.445219061979174 ], [ -119.626431604645632, 34.445347483033245 ], [ -119.626396719343546, 34.445415319776714 ], [ -119.626387551652257, 34.445526155195488 ], [ -119.626378638225106, 34.445583347042835 ], [ -119.626343854935882, 34.445629725792394 ], [ -119.626295923812222, 34.445715401685902 ], [ -119.62614755266442, 34.446026055926964 ], [ -119.626086762776808, 34.446090231441417 ], [ -119.625952731314186, 34.446111252076946 ], [ -119.625857565458119, 34.446135975154014 ], [ -119.625650107077618, 34.446153179017109 ], [ -119.625412405868389, 34.446170283596864 ], [ -119.625308702210376, 34.446173520008756 ], [ -119.625144343329424, 34.446212322231482 ], [ -119.62498859121682, 34.44625830365802 ], [ -119.62488464810933, 34.446311608529179 ], [ -119.624767862884298, 34.446339836418957 ], [ -119.62466835980463, 34.446368120825227 ], [ -119.624568923996492, 34.44638210014471 ], [ -119.62441766291667, 34.446392332910904 ], [ -119.624309621240243, 34.446399131624396 ], [ -119.624236461604156, 34.446420881562453 ], [ -119.624227649409534, 34.446350180806164 ], [ -119.62422451234761, 34.446338985858361 ], [ -119.624253748319106, 34.446338150923005 ], [ -119.6243790881623, 34.446327833364776 ], [ -119.624608131858309, 34.44631427908508 ], [ -119.624820167896786, 34.44624344684766 ], [ -119.625058125739784, 34.446172699977417 ], [ -119.625278733768837, 34.446116201070168 ], [ -119.625464590508003, 34.446098927241138 ], [ -119.62572392721853, 34.446074741095032 ], [ -119.625974588603526, 34.446057678192894 ], [ -119.626056929030653, 34.44600430269395 ], [ -119.626078888451133, 34.445929271729966 ], [ -119.626196812762956, 34.44566143296953 ], [ -119.626288611070493, 34.445436424473229 ], [ -119.626414817413476, 34.445243715100126 ], [ -119.626501750582307, 34.445133133277032 ], [ -119.626653536359413, 34.445012033196477 ], [ -119.626853150793195, 34.444826715608109 ], [ -119.626979235786578, 34.444659039060049 ], [ -119.627131903428634, 34.444351972964562 ], [ -119.627301545905752, 34.444109334997371 ], [ -119.627436183659682, 34.44395956835875 ], [ -119.627592694502752, 34.443752650744287 ] ] ] ] } },
{ "type": "Feature", "properties": { "OBJECTID": 0, "Id": 0, "Shape_Leng": 0.0, "Shape_Length": 1776.4783905047009, "Shape_Area": 21776.487351024181 }, "geometry": { "type": "MultiPolygon", "coordinates": [ [ [ [ -119.634082024397756, 34.416920593755954 ], [ -119.634216192444086, 34.416855813141886 ], [ -119.634389408395151, 34.416860713545766 ], [ -119.634454976446023, 34.416871791594836 ], [ -119.63448605964588, 34.416961010200204 ], [ -119.634459336286184, 34.417063087366138 ], [ -119.634392977475059, 34.417221552168513 ], [ -119.634265518533425, 34.417536325732065 ], [ -119.6341249958828, 34.417838015991748 ], [ -119.634103845313092, 34.417870552595588 ], [ -119.634028726566257, 34.41797687606666 ], [ -119.634003131142762, 34.418063224507677 ], [ -119.633908086231685, 34.418378836365832 ], [ -119.633838968894693, 34.418536573616436 ], [ -119.63374058716596, 34.418795548648099 ], [ -119.633689673207897, 34.418908638399039 ], [ -119.633642343860672, 34.419024720557928 ], [ -119.633627642128246, 34.419090241386165 ], [ -119.633638118273524, 34.4191588219485 ], [ -119.633666604987809, 34.419224480965518 ], [ -119.633698620905989, 34.419305052515703 ], [ -119.633752313503479, 34.419367811171171 ], [ -119.633816733828525, 34.419445506261368 ], [ -119.633859574947039, 34.419520152231051 ], [ -119.633877222029199, 34.419594716713988 ], [ -119.633912711936972, 34.419702122609309 ], [ -119.63392306442941, 34.419797526031417 ], [ -119.633926400184194, 34.419854163412019 ], [ -119.633911461193364, 34.419970349133543 ], [ -119.633875123355267, 34.420044740952349 ], [ -119.633777573996312, 34.420124898011373 ], [ -119.633672868713788, 34.4201960909812 ], [ -119.633542899345656, 34.420282105130198 ], [ -119.633467027388761, 34.420344449082826 ], [ -119.633401937584949, 34.420409808474382 ], [ -119.633376410268966, 34.42048125465179 ], [ -119.633336264160334, 34.420600339575188 ], [ -119.63334242322027, 34.420726473691964 ], [ -119.63335153165059, 34.421024293166937 ], [ -119.633321571507011, 34.421256777461139 ], [ -119.633244291277535, 34.421504326743744 ], [ -119.633267225246428, 34.421652207580934 ], [ -119.633366262156116, 34.421804681005455 ], [ -119.633614415139874, 34.422066313305905 ], [ -119.633899299467942, 34.422332409537084 ], [ -119.633922822778047, 34.422354221086181 ], [ -119.633390075407547, 34.422326433060832 ], [ -119.633377407985947, 34.422228577631074 ], [ -119.633359499983797, 34.42212853276601 ], [ -119.633325466320414, 34.422108860980124 ], [ -119.633108062545261, 34.422008176994218 ], [ -119.633055887768535, 34.421938452769403 ], [ -119.632951266278965, 34.421857692670102 ], [ -119.632927916165045, 34.421798928502618 ], [ -119.632868029855061, 34.421694401834202 ], [ -119.632750507404879, 34.421565779465354 ], [ -119.632711478734464, 34.421491750126897 ], [ -119.632672551838397, 34.42139598473949 ], [ -119.632667709029889, 34.421309022870474 ], [ -119.632731063575136, 34.421233148406714 ], [ -119.632765217630777, 34.421226737322527 ], [ -119.632825621908125, 34.421220409513083 ], [ -119.632859816608217, 34.421205304347154 ], [ -119.632870428727202, 34.421181427568015 ], [ -119.63287320600007, 34.421148831480558 ], [ -119.632873338137031, 34.421120574903753 ], [ -119.632941911442686, 34.421051237683102 ], [ -119.632991916894937, 34.421023140983728 ], [ -119.633010443981959, 34.420990595373105 ], [ -119.633013302475376, 34.420940610263493 ], [ -119.633005590663799, 34.420905806997261 ], [ -119.632984804610516, 34.420860094086088 ], [ -119.632966592565339, 34.420825257154583 ], [ -119.632964018581418, 34.420814381169116 ], [ -119.632977245244987, 34.420792686299556 ], [ -119.633032479779587, 34.420768953431953 ], [ -119.633050945831073, 34.420749449793931 ], [ -119.633087867748472, 34.420712616022222 ], [ -119.63311628968853, 34.420692025063204 ], [ -119.633174028212437, 34.420659426634217 ], [ -119.633181476350686, 34.420605803892869 ], [ -119.633243342582389, 34.420459966197249 ], [ -119.633286921527258, 34.420376655796396 ], [ -119.633381095648915, 34.420248803679179 ], [ -119.633492958060117, 34.420186574093691 ], [ -119.633572359009293, 34.420139143551332 ], [ -119.633651830492497, 34.420076810133821 ], [ -119.633764165134153, 34.419913251347715 ], [ -119.633775740879685, 34.419746389201123 ], [ -119.633768710306455, 34.419710603178892 ], [ -119.633668103813974, 34.419674516880704 ], [ -119.633588995484331, 34.419659362485596 ], [ -119.633524407181611, 34.419617430284084 ], [ -119.633502951962328, 34.419587558206743 ], [ -119.633481636982069, 34.41952788317252 ], [ -119.633482082208957, 34.419432514250197 ], [ -119.633496951078456, 34.419331230450432 ], [ -119.633525770534135, 34.419325361660945 ], [ -119.63352939812448, 34.419319413131724 ], [ -119.633533205479395, 34.419274719756011 ], [ -119.633533261124313, 34.419262798750829 ], [ -119.633529773736569, 34.41923894522116 ], [ -119.633522783972751, 34.419194217281337 ], [ -119.633512404224305, 34.419104773818539 ], [ -119.633541334882835, 34.419075063009224 ], [ -119.633548811527177, 34.419015480109223 ], [ -119.633632575932225, 34.418804144178857 ], [ -119.633760305477892, 34.418426049398491 ], [ -119.63391368601286, 34.417949684899042 ], [ -119.633933373460167, 34.417839577006944 ], [ -119.634074060027928, 34.417503109742036 ], [ -119.634151232416656, 34.417277295033635 ], [ -119.63416212720098, 34.417192557620162 ], [ -119.634151880648631, 34.417138183309142 ], [ -119.634141523781707, 34.417107718644949 ], [ -119.63413631387327, 34.417099007776919 ], [ -119.634120646907363, 34.417081568369944 ], [ -119.634115416744621, 34.41707720454567 ], [ -119.634099770046888, 34.417055418090555 ], [ -119.63407884254957, 34.4170401354191 ], [ -119.634036886261939, 34.417031306190488 ], [ -119.634016029706501, 34.417000808849309 ], [ -119.634082024397756, 34.416920593755954 ] ] ] ] } },
{ "type": "Feature", "properties": { "OBJECTID": 0, "Id": 0, "Shape_Leng": 0.0, "Shape_Length": 30041.033815535367, "Shape_Area": 1555192.1396802657 }, "geometry": { "type": "MultiPolygon", "coordinates": [ [ [ [ -119.621892320089302, 34.451232869691914 ], [ -119.621946232482387, 34.451129874822307 ], [ -119.621960493992916, 34.451106356008914 ], [ -119.621989014780567, 34.451071076980604 ], [ -119.622010405935001, 34.451029918989079 ], [ -119.622085452102382, 34.45095156800808 ], [ -119.622088840727898, 34.450871163926443 ], [ -119.62211023175891, 34.450841765424499 ], [ -119.622153013786644, 34.450777086845264 ], [ -119.622174404771371, 34.450741808569866 ], [ -119.622202926427107, 34.450671250924906 ], [ -119.622279816044838, 34.450556071992565 ], [ -119.62226710023009, 34.450494856224594 ], [ -119.622295621677836, 34.450383139313402 ], [ -119.622295621637406, 34.450336100324712 ], [ -119.622295621563339, 34.450253782764868 ], [ -119.622281361305852, 34.450147945081255 ], [ -119.622274230619553, 34.450047987230683 ], [ -119.622267099964375, 34.449977429087234 ], [ -119.622245709184369, 34.449842192463812 ], [ -119.62220292672697, 34.449683435587332 ], [ -119.622160144388232, 34.449589356992895 ], [ -119.62212449268651, 34.449518798434418 ], [ -119.62208171055245, 34.449412960262535 ], [ -119.622036992175452, 34.449364920316043 ], [ -119.622046058026285, 34.449295361725603 ], [ -119.622038927617453, 34.449236563050455 ], [ -119.622038927717227, 34.449195403776116 ], [ -119.622038928193092, 34.449001366016013 ], [ -119.622038928279238, 34.448966086501244 ], [ -119.622024667395735, 34.448907286803781 ], [ -119.62203288521809, 34.448838621091895 ], [ -119.622067449903199, 34.448666208720063 ], [ -119.622067448876379, 34.448636808960998 ], [ -119.622088840770417, 34.448407490053235 ], [ -119.622103101818297, 34.448342810047627 ], [ -119.622103100857387, 34.448266370293055 ], [ -119.622095970494257, 34.448213450434039 ], [ -119.622006230568189, 34.448121841645964 ], [ -119.622038927305709, 34.448042930789015 ], [ -119.622038927409776, 34.448001770565021 ], [ -119.622053188382992, 34.447954730765858 ], [ -119.622038927645264, 34.447907690561699 ], [ -119.621981884521304, 34.447825370179203 ], [ -119.621953363046472, 34.447772449972241 ], [ -119.621889189677617, 34.447696010103478 ], [ -119.621846407541454, 34.447637209864716 ], [ -119.621796495012305, 34.447590169044823 ], [ -119.621775103049146, 34.447537248893504 ], [ -119.621817885707301, 34.447478448211001 ], [ -119.621889189635155, 34.447460808201832 ], [ -119.621996145420425, 34.44744904845026 ], [ -119.622081710006242, 34.447449048762323 ], [ -119.622211921562055, 34.447452463729967 ], [ -119.622288491091254, 34.447449048726718 ], [ -119.62230988217398, 34.447378488040016 ], [ -119.622274230266058, 34.447313807346831 ], [ -119.62219579623094, 34.447249126999509 ], [ -119.622060319487062, 34.447172686251641 ], [ -119.621967623837435, 34.447149165795416 ], [ -119.621767972948732, 34.447125645346368 ], [ -119.621739451723712, 34.447096245070739 ], [ -119.621725190282987, 34.447043324102694 ], [ -119.621696668704828, 34.446913963033026 ], [ -119.621689538826885, 34.446849281713106 ], [ -119.621682408037856, 34.446761080356701 ], [ -119.621682408328894, 34.44671992008049 ], [ -119.621703799641622, 34.446666998803593 ], [ -119.621682408288009, 34.446572917403422 ], [ -119.621661017599862, 34.446543516314136 ], [ -119.621518409471904, 34.446537636645935 ], [ -119.621461365598819, 34.446467075452674 ], [ -119.621439975022298, 34.446437674318908 ], [ -119.621425713903136, 34.446384753279254 ], [ -119.621425713670334, 34.446302431789853 ], [ -119.621425714283447, 34.446243630338287 ], [ -119.621425713684516, 34.446196589351217 ], [ -119.621425714357215, 34.446131908108015 ], [ -119.621425714247977, 34.44603782612495 ], [ -119.621382931387231, 34.445961383546603 ], [ -119.621318758624056, 34.445914343053261 ], [ -119.621233193986939, 34.445879061640483 ], [ -119.621104846168436, 34.445820260058731 ], [ -119.621033542280941, 34.445708537060931 ], [ -119.621047803176452, 34.445679136644799 ], [ -119.621104845978138, 34.445608574164758 ], [ -119.62118328084388, 34.445585053137769 ], [ -119.621318758433702, 34.445561533241758 ], [ -119.621411453418389, 34.445555652616299 ], [ -119.621539800523976, 34.445549772585856 ], [ -119.621611103900705, 34.445526252029566 ], [ -119.621718060600244, 34.445479210186249 ], [ -119.621760842218009, 34.44541452871438 ], [ -119.621796494531253, 34.445373367171278 ], [ -119.621825015842987, 34.44527340398966 ], [ -119.621840184056836, 34.445209927101111 ], [ -119.621753712485031, 34.445167560273354 ], [ -119.621718059670101, 34.445132279116642 ], [ -119.621675277807654, 34.445096997827697 ], [ -119.62163860040522, 34.445044845239977 ], [ -119.621646756399727, 34.444908830458274 ], [ -119.621646756713858, 34.444867669205529 ], [ -119.621646756077197, 34.444808866765818 ], [ -119.62166814733321, 34.444697142051723 ], [ -119.621682407892123, 34.444655981038046 ], [ -119.621718059985938, 34.4446030580973 ], [ -119.621760842106895, 34.444556016858392 ], [ -119.621803625371982, 34.444491333516524 ], [ -119.621859797993196, 34.444450359525867 ], [ -119.62188918958806, 34.444344327377479 ], [ -119.621910581105013, 34.444314926027019 ], [ -119.621931971590982, 34.444267883476734 ], [ -119.621967623570654, 34.444150278166909 ], [ -119.621981885006221, 34.444097355700229 ], [ -119.622010406623502, 34.444026792240152 ], [ -119.621997345904376, 34.443930094264232 ], [ -119.621931972277849, 34.443832742403231 ], [ -119.621810755196833, 34.443768059091219 ], [ -119.62176797305824, 34.443715136584864 ], [ -119.621725190857347, 34.44367985526145 ], [ -119.621621919750723, 34.44362201733648 ], [ -119.62158258255748, 34.443538727614161 ], [ -119.621497018150137, 34.443397599972158 ], [ -119.621475626340143, 34.443356437343077 ], [ -119.621461365630836, 34.443209428493269 ], [ -119.621403318974302, 34.44307488875247 ], [ -119.621275975429143, 34.442985975094651 ], [ -119.621184636173211, 34.442892246752074 ], [ -119.621161889875609, 34.442786043061204 ], [ -119.621140498992077, 34.442703718102678 ], [ -119.621111976435259, 34.442668435923416 ], [ -119.621069194460148, 34.442603751680579 ], [ -119.620984057032146, 34.442459362877017 ], [ -119.62094084707816, 34.44232737250524 ], [ -119.620940847374584, 34.442309731279828 ], [ -119.620926586663089, 34.442233286219953 ], [ -119.620887832750526, 34.442149652941382 ], [ -119.620805370273914, 34.442015710468432 ], [ -119.620769717785009, 34.44200394994354 ], [ -119.620684153308133, 34.441968667068465 ], [ -119.620577197130586, 34.441880460746553 ], [ -119.620548676214824, 34.441845178401771 ], [ -119.62049163321602, 34.441733449596342 ], [ -119.620434589554861, 34.441657004125744 ], [ -119.620398938125192, 34.441609960105296 ], [ -119.620355413805527, 34.44151895583267 ], [ -119.62034189434064, 34.441457067998158 ], [ -119.620327633357192, 34.441421785095045 ], [ -119.62030369823708, 34.441352616806611 ], [ -119.620201188069629, 34.441309785442307 ], [ -119.620106591660033, 34.44128065384497 ], [ -119.62007807051846, 34.441268893321102 ], [ -119.620013896025853, 34.441215968437803 ], [ -119.620006765628176, 34.441198326961988 ], [ -119.619942592803625, 34.441092478296149 ], [ -119.619906941010072, 34.441039554277388 ], [ -119.619878418883829, 34.440992510296041 ], [ -119.619864157997526, 34.44089254122769 ], [ -119.61975720259349, 34.440786692786659 ], [ -119.619721550171334, 34.44072788707134 ], [ -119.619693028722182, 34.440633799079912 ], [ -119.619610368434849, 34.440552200132359 ], [ -119.619551758115094, 34.440420926479533 ], [ -119.619493378204993, 34.440286847450913 ], [ -119.619450595812722, 34.440216280817879 ], [ -119.619386422368535, 34.440110430828987 ], [ -119.619372161616269, 34.439998700163628 ], [ -119.619350770117208, 34.439916371929471 ], [ -119.619336508794035, 34.439822282507272 ], [ -119.619286596917405, 34.439728193513048 ], [ -119.619283620475898, 34.439659849703339 ], [ -119.619236684039961, 34.439522372501152 ], [ -119.619229553671076, 34.439428282406794 ], [ -119.619243814613156, 34.439357715144865 ], [ -119.619258075115809, 34.439269506594179 ], [ -119.619265205734266, 34.439187177586447 ], [ -119.61926520558508, 34.43913425193518 ], [ -119.619286596094156, 34.439034281278019 ], [ -119.619293726914776, 34.438916667874309 ], [ -119.619315117750602, 34.438834339381351 ], [ -119.619300857536416, 34.438746129686095 ], [ -119.619300857613382, 34.438657919627836 ], [ -119.619300856825035, 34.438563828827597 ], [ -119.619376492109609, 34.438448287672486 ], [ -119.619336509157662, 34.43832860181076 ], [ -119.619422074443619, 34.438275675746318 ], [ -119.619486247671205, 34.438193346059919 ], [ -119.619514768791646, 34.438140419601723 ], [ -119.619592409665316, 34.438067498168159 ], [ -119.619643147628935, 34.437960878107752 ], [ -119.619680605816356, 34.437882163175381 ], [ -119.619771195422572, 34.437818094895491 ], [ -119.619799984864841, 34.437734649966572 ], [ -119.61980711552053, 34.437628796954314 ], [ -119.619742020835389, 34.437532802129496 ], [ -119.619793072172115, 34.43742271996733 ], [ -119.619773504438783, 34.437299656014353 ], [ -119.619774747918669, 34.437223616944173 ], [ -119.619635985690479, 34.437087767565593 ], [ -119.619543290945984, 34.436870178628261 ], [ -119.619457725815991, 34.436781967058906 ], [ -119.619407813339933, 34.436664351251686 ], [ -119.619379291156164, 34.436611423489317 ], [ -119.619361572040958, 34.436497650703224 ], [ -119.619322248068869, 34.436387953063424 ], [ -119.619329720772271, 34.436138066973271 ], [ -119.619286596377535, 34.436029221728731 ], [ -119.619293727424036, 34.435870438241359 ], [ -119.619315118087187, 34.435799868293749 ], [ -119.619329378527212, 34.43572341731673 ], [ -119.619379291157983, 34.435611680495214 ], [ -119.619507638726603, 34.435476419952735 ], [ -119.6195575510759, 34.435423492327544 ], [ -119.619620153526711, 34.435357754066871 ], [ -119.619720933858105, 34.435264406786679 ], [ -119.619643115932647, 34.43518825638121 ], [ -119.619635985492096, 34.435094161402169 ], [ -119.619671031245929, 34.435039745228799 ], [ -119.619578942332623, 34.434947138748932 ], [ -119.619578942187218, 34.434888329419771 ], [ -119.619586072773544, 34.434817757938596 ], [ -119.619571812526402, 34.434711901157158 ], [ -119.619578942216933, 34.434635448906889 ], [ -119.619647226794285, 34.434588336829066 ], [ -119.619714419757955, 34.434417854086092 ], [ -119.619785723988215, 34.434341401331423 ], [ -119.619961808935926, 34.434275894469309 ], [ -119.620054001232319, 34.434244762765985 ], [ -119.62012085243677, 34.434112043042987 ], [ -119.62012798241706, 34.434082638578289 ], [ -119.620127982791971, 34.434029709058322 ], [ -119.620076329411887, 34.433826678570931 ], [ -119.620094515109514, 34.433721802587414 ], [ -119.62023493822322, 34.433718015944272 ], [ -119.620327633456426, 34.433712135272827 ], [ -119.620413198737864, 34.433694491901377 ], [ -119.620505893377228, 34.433665087143808 ], [ -119.620577197815294, 34.433612157786229 ], [ -119.620648501190843, 34.433553347617817 ], [ -119.6206984146949, 34.433506300165355 ], [ -119.620741196001958, 34.433447489173304 ], [ -119.620838045147352, 34.433344085554907 ], [ -119.620926586535674, 34.433265177643896 ], [ -119.621204672370808, 34.433029935593723 ], [ -119.621222769264364, 34.432848154056771 ], [ -119.621226063367445, 34.432753524833295 ], [ -119.62116281179992, 34.432614615683093 ], [ -119.621178757889155, 34.432582384600231 ], [ -119.621205015972365, 34.432484418743776 ], [ -119.621225881859473, 34.432406568958321 ], [ -119.621318758029005, 34.432347729637748 ], [ -119.621384963027779, 34.432232896916496 ], [ -119.621421505019683, 34.432142371359703 ], [ -119.621492862817405, 34.432076832034952 ], [ -119.621505120874573, 34.431970853802866 ], [ -119.621516644119126, 34.431871219783567 ], [ -119.621519533436114, 34.431846239214813 ], [ -119.621668147148512, 34.431659636927769 ], [ -119.621639983023783, 34.431574936819175 ], [ -119.621775102800754, 34.431547895142593 ], [ -119.621871029812411, 34.431496421326813 ], [ -119.621803414536899, 34.431264040873714 ], [ -119.621821656044474, 34.431222431973417 ], [ -119.621865171056953, 34.431123168430815 ], [ -119.621878852141478, 34.431091961518916 ], [ -119.621912657554986, 34.431014846299156 ], [ -119.621985935572809, 34.43075683512938 ], [ -119.62208884047638, 34.430689241280376 ], [ -119.622131622544003, 34.430601022125231 ], [ -119.622188666598021, 34.430483397453983 ], [ -119.622224318528353, 34.430383416593706 ], [ -119.622252839360456, 34.430295198076713 ], [ -119.622274230229436, 34.430195216995067 ], [ -119.622295622125151, 34.430142285747394 ], [ -119.622361455592383, 34.4299173544157 ], [ -119.622331273720491, 34.42985998438958 ], [ -119.622302752058474, 34.429789409245643 ], [ -119.622207061671986, 34.429720749080666 ], [ -119.622216616589398, 34.429622336520168 ], [ -119.622100762632712, 34.429487395493574 ], [ -119.62203939249909, 34.429415915243538 ], [ -119.622053188696214, 34.429318904408262 ], [ -119.622058533693505, 34.429174214725307 ], [ -119.622067449340875, 34.429001312455789 ], [ -119.622067449709533, 34.428883685905035 ], [ -119.622072782161126, 34.428824102634408 ], [ -119.621929200247322, 34.42872993163882 ], [ -119.621867798624933, 34.428642549757946 ], [ -119.621831384005134, 34.428500141616041 ], [ -119.621803624717927, 34.428401413786318 ], [ -119.62172526881622, 34.428272573266199 ], [ -119.621684775739055, 34.428216839607593 ], [ -119.621641578032623, 34.428005109120555 ], [ -119.621557462869447, 34.427910223913891 ], [ -119.621504148219472, 34.427789747348982 ], [ -119.621499125116628, 34.427631608929154 ], [ -119.621432844499409, 34.427530963928952 ], [ -119.621375801808199, 34.427436861016176 ], [ -119.621337940695312, 34.427341930280171 ], [ -119.621268845924234, 34.427289824412931 ], [ -119.621218932825187, 34.42722512824021 ], [ -119.621133673838358, 34.427108872081703 ], [ -119.621049988195125, 34.426981698410785 ], [ -119.62100502114005, 34.426889883552228 ], [ -119.620997890451022, 34.426825187377091 ], [ -119.620990760563984, 34.426778135401989 ], [ -119.620976499703161, 34.426748728352635 ], [ -119.620955108488104, 34.426701676021807 ], [ -119.620940471918985, 34.426600425712465 ], [ -119.620926586296136, 34.426489941251752 ], [ -119.620947977999847, 34.42644288906029 ], [ -119.620955108484779, 34.426389955710043 ], [ -119.620976010256044, 34.426301233436249 ], [ -119.620947977565478, 34.426219391531014 ], [ -119.620940847972477, 34.426160576115954 ], [ -119.620940847042164, 34.426089997457474 ], [ -119.620941979809629, 34.426021739364096 ], [ -119.620898064701265, 34.425954721674955 ], [ -119.62089806566695, 34.42590178722552 ], [ -119.620905195155302, 34.425842972140295 ], [ -119.620905195135222, 34.425784155974966 ], [ -119.620936280119182, 34.425704441772339 ], [ -119.62096936905462, 34.425613590754196 ], [ -119.620997890477824, 34.425537130144193 ], [ -119.621016494511579, 34.425416858651971 ], [ -119.620830416943406, 34.425367656999057 ], [ -119.620734065905054, 34.425325392748952 ], [ -119.620719805161627, 34.425201879165598 ], [ -119.620742239305287, 34.425068758457869 ], [ -119.620862412726652, 34.424907798221405 ], [ -119.620978541456168, 34.424863395356113 ], [ -119.62098188590349, 34.424812653566612 ], [ -119.621184224374261, 34.424757263524945 ], [ -119.621310787892739, 34.424762586166992 ], [ -119.621326518161283, 34.424763247359373 ], [ -119.621308504130226, 34.424647861329575 ], [ -119.621280669084172, 34.424522168048 ], [ -119.621194292293211, 34.424447801728107 ], [ -119.621126150905525, 34.424396910798215 ], [ -119.621050898104698, 34.424328114144267 ], [ -119.621007807558556, 34.424307109319393 ], [ -119.620885779222903, 34.424235177654609 ], [ -119.620850074787398, 34.424175452872014 ], [ -119.620853832018298, 34.424142681976797 ], [ -119.620854335797375, 34.424038371709521 ], [ -119.620887160893943, 34.423949070548638 ], [ -119.620916357155835, 34.423865718374287 ], [ -119.62095982156508, 34.423809235751186 ], [ -119.621014269592933, 34.423714045996611 ], [ -119.621003976528002, 34.423609699946788 ], [ -119.621000635545514, 34.423556043314974 ], [ -119.621001038410725, 34.423472594872543 ], [ -119.621012555478728, 34.423323617387496 ], [ -119.621211446137693, 34.423130553606448 ], [ -119.621247639241673, 34.423088948884946 ], [ -119.621341288893575, 34.423074356532879 ], [ -119.621456491764306, 34.423068777349499 ], [ -119.621658089027974, 34.42306050260315 ], [ -119.621900576737275, 34.423016558557244 ], [ -119.621903205854636, 34.422983823516134 ], [ -119.621903406803995, 34.422942099720998 ], [ -119.621896322853715, 34.422918234036402 ], [ -119.621874885514757, 34.422885378963549 ], [ -119.621842723442299, 34.422837588157378 ], [ -119.62179614952619, 34.422792728895644 ], [ -119.621742822049484, 34.422655457275127 ], [ -119.621692721273632, 34.422595685099353 ], [ -119.621685739038938, 34.422550957491481 ], [ -119.621660760512285, 34.422506169514278 ], [ -119.621635766559208, 34.422464362442291 ], [ -119.621607376004576, 34.422380819655146 ], [ -119.621600493308037, 34.422315229217226 ], [ -119.621535967776865, 34.422261370304916 ], [ -119.621471212419962, 34.422255195209637 ], [ -119.621374050108599, 34.422251893879135 ], [ -119.621352455049177, 34.422251822463842 ], [ -119.621352685039824, 34.422204137706629 ], [ -119.621353173766337, 34.422102808153099 ], [ -119.621529546000403, 34.422100411236819 ], [ -119.621529689676493, 34.422070608371826 ], [ -119.621544215291834, 34.42204383310925 ], [ -119.621584092714912, 34.421984358230937 ], [ -119.621638395085682, 34.421918970877229 ], [ -119.621689070938203, 34.42185953163979 ], [ -119.621710880214366, 34.421814898228369 ], [ -119.621732776709592, 34.421752383810393 ], [ -119.621754759324787, 34.421671987477623 ], [ -119.621780211455132, 34.421618425884596 ], [ -119.621787639837692, 34.421570764876272 ], [ -119.622190639019209, 34.421592957669823 ], [ -119.622324143179611, 34.421561083304951 ], [ -119.622331273399681, 34.421496382548007 ], [ -119.622359795282719, 34.42141991769175 ], [ -119.622374056721767, 34.421314043985895 ], [ -119.622324143271001, 34.421231698194724 ], [ -119.622181535504922, 34.421166997214911 ], [ -119.621917711469337, 34.421178761180592 ], [ -119.621746581792891, 34.421190524424944 ], [ -119.62165060383424, 34.421200068463229 ], [ -119.621164109613986, 34.421344436162023 ], [ -119.620630984830953, 34.421364615448809 ], [ -119.620356931192163, 34.421257836760724 ], [ -119.61971769050561, 34.42132999352058 ], [ -119.619281764323318, 34.421302145927278 ], [ -119.619495473937533, 34.421179111967234 ], [ -119.619792488783602, 34.421087111943635 ], [ -119.619855444113114, 34.420913506569761 ], [ -119.620025728096252, 34.420889565347771 ], [ -119.620027424068127, 34.420873499158162 ], [ -119.620031210334588, 34.420834767241686 ], [ -119.620034967751721, 34.42080199536322 ], [ -119.620038811706038, 34.420751342462871 ], [ -119.620057225878242, 34.420664974392452 ], [ -119.620071838272679, 34.420620317355201 ], [ -119.620133353942762, 34.420551973592005 ], [ -119.620223561709068, 34.420504588151687 ], [ -119.620356842119506, 34.420481186920767 ], [ -119.620612504599322, 34.420455211964608 ], [ -119.620774519245799, 34.42044382663456 ], [ -119.620901004875932, 34.420336954028876 ], [ -119.621002641147513, 34.420158470144706 ], [ -119.621075686485085, 34.419938166933107 ], [ -119.621098014474754, 34.419786242824166 ], [ -119.62109591167345, 34.419476280545638 ], [ -119.621057932890679, 34.419142357051904 ], [ -119.621044126921916, 34.419020117563726 ], [ -119.621023597334158, 34.418799504371492 ], [ -119.621009777093718, 34.41868024486363 ], [ -119.620974190197344, 34.418596676874557 ], [ -119.620985044773903, 34.418584791611529 ], [ -119.621057038600483, 34.418582049849626 ], [ -119.621110965106269, 34.418594149523706 ], [ -119.621193712823725, 34.418600384387439 ], [ -119.621251167212705, 34.418627396938859 ], [ -119.621225787581537, 34.418666057541394 ], [ -119.621164418148737, 34.418704599055303 ], [ -119.621149878641646, 34.418734354384782 ], [ -119.621153189668348, 34.418793972219326 ], [ -119.621149188334158, 34.418877408241876 ], [ -119.621155637827044, 34.41903240779768 ], [ -119.621191196356875, 34.41912193574391 ], [ -119.62121235918184, 34.419211416043971 ], [ -119.621226323609704, 34.419300872517219 ], [ -119.621218824297031, 34.419363434622845 ], [ -119.621207883371255, 34.419393201845985 ], [ -119.621203952871753, 34.419461736796492 ], [ -119.621218076590267, 34.419518410287949 ], [ -119.62123202670216, 34.419610846756839 ], [ -119.621220309286784, 34.419801549642052 ], [ -119.621205395729589, 34.419908792745609 ], [ -119.621125109114033, 34.420138013192108 ], [ -119.621096015145625, 34.420200503774986 ], [ -119.621027014327765, 34.420328430087068 ], [ -119.620918409585073, 34.420459205289355 ], [ -119.620795710739955, 34.420527346852367 ], [ -119.6207632468832, 34.420542140568578 ], [ -119.620698421008626, 34.420550866931123 ], [ -119.620651633090873, 34.420550711917748 ], [ -119.620558057256247, 34.420550401833459 ], [ -119.620496930933413, 34.420538278062033 ], [ -119.620396172052921, 34.420534963967356 ], [ -119.620255707421421, 34.42055536044542 ], [ -119.620165515122238, 34.4205997658919 ], [ -119.620150888366624, 34.420647402962281 ], [ -119.620117890764121, 34.420772467148453 ], [ -119.62011858220788, 34.420876510477527 ], [ -119.620670591297653, 34.420798898955418 ], [ -119.621328721509741, 34.420707178824443 ], [ -119.623844657357822, 34.420424151131691 ], [ -119.623859721387561, 34.42035995117692 ], [ -119.623861076535505, 34.420340127855255 ], [ -119.623892617737397, 34.420247244679068 ], [ -119.623912039233787, 34.420160044813343 ], [ -119.623971248271872, 34.420061530243053 ], [ -119.624023444265717, 34.419984451447256 ], [ -119.624111850372884, 34.419921797106468 ], [ -119.624194929404112, 34.419889166511716 ], [ -119.624303867102412, 34.419868065190428 ], [ -119.62440592090374, 34.419841219844628 ], [ -119.624582369494092, 34.419791728515321 ], [ -119.624690799356401, 34.419763215985824 ], [ -119.624708849563845, 34.419737297989592 ], [ -119.624821390083298, 34.419685213269524 ], [ -119.625043203040789, 34.419662097555268 ], [ -119.62519329833367, 34.419583907767418 ], [ -119.625264873191966, 34.419484657978813 ], [ -119.625270921973737, 34.419464955420246 ], [ -119.625266461279153, 34.41943442190118 ], [ -119.625275919806469, 34.419382952688018 ], [ -119.625260224915436, 34.419293252264978 ], [ -119.62516843629686, 34.41922047036028 ], [ -119.625085715890918, 34.419178236098404 ], [ -119.625012162705886, 34.419145569472633 ], [ -119.624929424239781, 34.419107149563317 ], [ -119.624835159258566, 34.419070599537399 ], [ -119.624927284547439, 34.419072809094978 ], [ -119.625023961520995, 34.419086477972314 ], [ -119.62516218191459, 34.419083115157385 ], [ -119.625290747939815, 34.419073992928624 ], [ -119.625445962525177, 34.419129338830167 ], [ -119.625475155998373, 34.419143269544428 ], [ -119.625491252537486, 34.419149044441696 ], [ -119.625537310142931, 34.419151102806261 ], [ -119.625594930727218, 34.419143661294356 ], [ -119.625664031323652, 34.419143887246229 ], [ -119.625700830776566, 34.419155452044905 ], [ -119.625755938508377, 34.419191873363147 ], [ -119.625742009269715, 34.419214716799679 ], [ -119.62569361152714, 34.41922028082368 ], [ -119.625656793857075, 34.419212530491777 ], [ -119.625569292923387, 34.419206522118102 ], [ -119.625465632845973, 34.419208090773537 ], [ -119.625419628368363, 34.419217470730814 ], [ -119.625410433915548, 34.419334269905477 ], [ -119.625441297302601, 34.419503653696744 ], [ -119.625345578667293, 34.419651165350878 ], [ -119.625189758754402, 34.419722184243795 ], [ -119.625019634860479, 34.419774080740957 ], [ -119.624843751941853, 34.419825959014048 ], [ -119.624775976981553, 34.419849022370819 ], [ -119.624682401967021, 34.419848715657253 ], [ -119.624618630172293, 34.419866844785162 ], [ -119.624602737308322, 34.419867615417004 ], [ -119.624568111441306, 34.41988323848647 ], [ -119.624542163726034, 34.419890305745191 ], [ -119.624455711889127, 34.419905758812504 ], [ -119.624381324824697, 34.419926972734096 ], [ -119.624282732812674, 34.419952399307476 ], [ -119.624241183019151, 34.41997086067424 ], [ -119.62420485635154, 34.419980754911151 ], [ -119.624180636644539, 34.419987828660567 ], [ -119.624130496539408, 34.41999624742116 ], [ -119.624099359838766, 34.420004728553884 ], [ -119.624073365177921, 34.420021809918865 ], [ -119.624062842423129, 34.420054677784911 ], [ -119.624050598428084, 34.420086109888224 ], [ -119.624041831133098, 34.42011326217829 ], [ -119.624003386862313, 34.420204691727577 ], [ -119.623982252159166, 34.42028902576083 ], [ -119.623985670119708, 34.420344729214712 ], [ -119.623995945555436, 34.420397825661219 ], [ -119.626495078695953, 34.420113932068276 ], [ -119.626488108123738, 34.42006622461998 ], [ -119.626477381791517, 34.420051287478834 ], [ -119.626416729938967, 34.420000635675422 ], [ -119.626391788617539, 34.420015093278593 ], [ -119.626360645347717, 34.420025005112592 ], [ -119.626310512259579, 34.420031994741144 ], [ -119.626189543976921, 34.42004018320381 ], [ -119.626149783975308, 34.420045775619265 ], [ -119.626091102297536, 34.420034139515288 ], [ -119.626021952129534, 34.420043927126969 ], [ -119.625982219374563, 34.420043797335808 ], [ -119.626042886967042, 34.420001078725697 ], [ -119.626096543252658, 34.419979796026986 ], [ -119.626124251911364, 34.419965580919587 ], [ -119.626124258726094, 34.419964149931815 ], [ -119.626200358720865, 34.419945801591474 ], [ -119.626290190416427, 34.419946094845471 ], [ -119.626331658009988, 34.419944799181977 ], [ -119.626357639625709, 34.41993057838102 ], [ -119.62636805928399, 34.419919167909107 ], [ -119.626371596044365, 34.419902012736628 ], [ -119.626363122326325, 34.419867651653796 ], [ -119.626354572638206, 34.41984902602664 ], [ -119.626332250372471, 34.419820341982231 ], [ -119.626315049971353, 34.419804550137762 ], [ -119.626313377458501, 34.419793100201346 ], [ -119.62630483459732, 34.419773044481957 ], [ -119.626313629396094, 34.419740169862862 ], [ -119.626379479699139, 34.419697467978416 ], [ -119.626396795815907, 34.419688941126203 ], [ -119.626426348109575, 34.419650411989672 ], [ -119.626435032841812, 34.41964042685818 ], [ -119.62643728033477, 34.419639903419778 ], [ -119.626445760990606, 34.419509052197306 ], [ -119.626432653281867, 34.419414389702062 ], [ -119.626425824882048, 34.419397200698732 ], [ -119.626413828083216, 34.419377133709517 ], [ -119.626386276259666, 34.419358446970392 ], [ -119.626339748431604, 34.419333975151446 ], [ -119.626310516243691, 34.419305268535581 ], [ -119.626270988156151, 34.419262222698542 ], [ -119.626284821915718, 34.419259406734199 ], [ -119.626307272287889, 34.419260911024885 ], [ -119.626348713374043, 34.419265337510723 ], [ -119.626395321766338, 34.419272642865593 ], [ -119.626419330964865, 34.41924179767453 ], [ -119.626556120997222, 34.419236283794973 ], [ -119.626571589824366, 34.419260342433923 ], [ -119.626576677661873, 34.419280386874533 ], [ -119.626586906688914, 34.41930903144511 ], [ -119.626604045800434, 34.419337698550535 ], [ -119.626605657110488, 34.419362023781439 ], [ -119.626586648135088, 34.419363391894414 ], [ -119.626548983607705, 34.419360917969215 ], [ -119.626479385366935, 34.419395945340682 ], [ -119.626474079751404, 34.419421678115377 ], [ -119.626472237067844, 34.419445992077542 ], [ -119.626477242131173, 34.419483202970618 ], [ -119.626482255095567, 34.419518982877243 ], [ -119.626507847539187, 34.419586303139859 ], [ -119.626514505840802, 34.419639255127763 ], [ -119.62651250663761, 34.419696471901638 ], [ -119.626516550059918, 34.419735675671753 ], [ -119.626520255659315, 34.419755993147461 ], [ -119.626532631314447, 34.419823856915315 ], [ -119.62658098265382, 34.419773890518613 ], [ -119.626586449556214, 34.419768241079815 ], [ -119.626603779273594, 34.41975685312179 ], [ -119.626653952977065, 34.419741280137636 ], [ -119.62669896393713, 34.419721399069424 ], [ -119.626728448075454, 34.41969717613371 ], [ -119.626747565951845, 34.419672918493902 ], [ -119.626771914541706, 34.419638664433684 ], [ -119.626778953858249, 34.419611506292107 ], [ -119.626791237489044, 34.419571490655315 ], [ -119.626784504203556, 34.419534274146031 ], [ -119.626786380792453, 34.419502807941953 ], [ -119.626781395980743, 34.419461305899873 ], [ -119.626791910724023, 34.4194298669508 ], [ -119.626805744494391, 34.419427050923964 ], [ -119.626802105846224, 34.419465664638288 ], [ -119.626806947865958, 34.419537208425616 ], [ -119.626811967781975, 34.419571558228569 ], [ -119.62680825433182, 34.4196259074022 ], [ -119.626790761460072, 34.419671629198582 ], [ -119.626773220969653, 34.419727363401698 ], [ -119.626773044151747, 34.419764557378457 ], [ -119.626774519509539, 34.419817493346372 ], [ -119.626774335893558, 34.419856117406582 ], [ -119.626777634538513, 34.419889031480132 ], [ -119.626782654464122, 34.419923381272334 ], [ -119.6267790633879, 34.419951980755357 ], [ -119.626760005575747, 34.419963363104209 ], [ -119.626723693916233, 34.419970397970587 ], [ -119.626687360757231, 34.419981723983014 ], [ -119.626676981951803, 34.419984551260043 ], [ -119.626652776076469, 34.419988763556766 ], [ -119.62664074511153, 34.419975849739963 ], [ -119.626623544618553, 34.419960057043085 ], [ -119.626607611333966, 34.41994759007752 ], [ -119.626633586786468, 34.420117027782432 ], [ -119.627276334384263, 34.420005748746703 ], [ -119.627109794789192, 34.420276683783285 ], [ -119.627002152871981, 34.420509991389729 ], [ -119.626975186691553, 34.420731640549555 ], [ -119.627083941687829, 34.420870282724401 ], [ -119.62776765707757, 34.420986475560468 ], [ -119.627974659792315, 34.421051523020978 ], [ -119.627945080613273, 34.421095774646211 ], [ -119.627892975874047, 34.421154258631972 ], [ -119.627723688629743, 34.421150847201496 ], [ -119.627842604857051, 34.421211317218209 ], [ -119.627944084029238, 34.42130606382451 ], [ -119.628200874902092, 34.421437079168285 ], [ -119.628571659078503, 34.421574186005763 ], [ -119.628509202611895, 34.421629774646256 ], [ -119.628105261915294, 34.42156265767084 ], [ -119.62788958655409, 34.421504734633473 ], [ -119.627666866645299, 34.421475399421659 ], [ -119.627354156225138, 34.421478673282017 ], [ -119.626848035981936, 34.421359431713064 ], [ -119.626873154046422, 34.42151668023326 ], [ -119.626844811393298, 34.421649311122302 ], [ -119.626859072615815, 34.421719893296476 ], [ -119.626851942095641, 34.421961048858712 ], [ -119.626850048789862, 34.422037695285837 ], [ -119.626844812177893, 34.422137503570781 ], [ -119.626837681527064, 34.422225731459186 ], [ -119.626823420589147, 34.422313958628237 ], [ -119.626830551299022, 34.422378658321101 ], [ -119.62683768113871, 34.422560994300063 ], [ -119.626829204759218, 34.422765649213872 ], [ -119.626816421385698, 34.423060875047717 ], [ -119.626827248798222, 34.423177131773976 ], [ -119.626819304223616, 34.423252493189054 ], [ -119.626815077548272, 34.423343572628859 ], [ -119.626814599736292, 34.42344408746537 ], [ -119.626829594145548, 34.423481829981597 ], [ -119.626871157021171, 34.423516517718078 ], [ -119.626992456238384, 34.423535760222443 ], [ -119.627102360667735, 34.423558105948196 ], [ -119.627212280076478, 34.423577310254636 ], [ -119.627431939078974, 34.423653412502958 ], [ -119.627545278725464, 34.423751157148274 ], [ -119.6276017783931, 34.423836151370963 ], [ -119.627627959546402, 34.423914764237693 ], [ -119.627654289727204, 34.423961967574833 ], [ -119.62765221148571, 34.424004565632636 ], [ -119.627668398436128, 34.424072979357895 ], [ -119.627763144351562, 34.42411430352854 ], [ -119.627981530006579, 34.424197046413219 ], [ -119.628047478769403, 34.42421776872186 ], [ -119.62816278313754, 34.424276250281167 ], [ -119.6281955465858, 34.424331044809605 ], [ -119.628215894264144, 34.424392635928321 ], [ -119.628227743545267, 34.424505469560913 ], [ -119.628215036348323, 34.424573788449749 ], [ -119.628227144640277, 34.424631934790028 ], [ -119.628243526455421, 34.42465933203691 ], [ -119.628309459492797, 34.42468347213962 ], [ -119.62839596699672, 34.424721351908239 ], [ -119.628544214170489, 34.424797029093149 ], [ -119.62867190327114, 34.424855550279744 ], [ -119.628782725628056, 34.424989212769269 ], [ -119.628811426599881, 34.425030322787535 ], [ -119.628819918381012, 34.425108622914422 ], [ -119.628915946570146, 34.42509687067939 ], [ -119.628988230162804, 34.425053129528173 ], [ -119.629056721023929, 34.425009375141343 ], [ -119.629261671775254, 34.424988051238707 ], [ -119.629348847169325, 34.425004039356928 ], [ -119.629470164123319, 34.425020136997595 ], [ -119.629508114208505, 34.425017119345213 ], [ -119.62955720619459, 34.425064394936278 ], [ -119.629610122714723, 34.42510540106322 ], [ -119.629619054883705, 34.425125361262673 ], [ -119.629620910340236, 34.424944075094871 ], [ -119.629583534818636, 34.424116789209741 ], [ -119.629513570850605, 34.424072128730636 ], [ -119.62947235742179, 34.42405832243 ], [ -119.629311662817258, 34.423996278128129 ], [ -119.629348812946802, 34.423996398396383 ], [ -119.629563508703356, 34.423986839179861 ], [ -119.629695599127245, 34.423987266458568 ], [ -119.62984416848785, 34.423994582878564 ], [ -119.629823400591775, 34.424021859809152 ], [ -119.629748954137554, 34.424052381176523 ], [ -119.629698824060341, 34.42417868718443 ], [ -119.629709192209674, 34.424605975290227 ], [ -119.62971214312887, 34.424855501118287 ], [ -119.629726945610201, 34.425217860281712 ], [ -119.629696664052375, 34.42551171343856 ], [ -119.629722947437372, 34.426065519431454 ], [ -119.629696648347988, 34.426390147229263 ], [ -119.629715143676933, 34.426844805574021 ], [ -119.629706371865979, 34.426954154083433 ], [ -119.629598350657702, 34.427100779548439 ], [ -119.629532011933875, 34.427162089805179 ], [ -119.62948641080186, 34.427202958235355 ], [ -119.629486314008389, 34.427223465911304 ], [ -119.62949406983887, 34.427329449846326 ], [ -119.629514258002672, 34.427425220004004 ], [ -119.629505614898733, 34.427507224875328 ], [ -119.629480524386821, 34.42757550362969 ], [ -119.629480040404943, 34.427678042868649 ], [ -119.629503985601332, 34.427852439964624 ], [ -119.629551796619992, 34.42798934152075 ], [ -119.62966564132401, 34.428309962303295 ], [ -119.629766179374329, 34.428574356069269 ], [ -119.629988860621623, 34.428839144432814 ], [ -119.630116940659292, 34.429019349317578 ], [ -119.630184426728718, 34.429098225263168 ], [ -119.630190577267172, 34.429233088630291 ], [ -119.630203751834856, 34.429317408583699 ], [ -119.63018281212598, 34.429440947325254 ], [ -119.630134015409013, 34.429716094264649 ], [ -119.630167918097953, 34.429721822319522 ], [ -119.630269650481097, 34.429733387950769 ], [ -119.630323803767681, 34.429761654647805 ], [ -119.630303235665863, 34.42980653574962 ], [ -119.63024881771247, 34.429834452796293 ], [ -119.630187533384259, 34.429879202391305 ], [ -119.630187295165797, 34.429929767673187 ], [ -119.630328578746543, 34.430188673543121 ], [ -119.630496874608255, 34.43047575817203 ], [ -119.630753440459486, 34.430751890950106 ], [ -119.631017057074814, 34.430971860352166 ], [ -119.631057269900623, 34.43107874045365 ], [ -119.63109035470454, 34.431258637719381 ], [ -119.630973752968814, 34.431522329868081 ], [ -119.630796607043166, 34.431673457643981 ], [ -119.63072103702892, 34.43186985925108 ], [ -119.630768009510945, 34.431982379695917 ], [ -119.630896334234663, 34.432112017975221 ], [ -119.631058510411677, 34.43225862077464 ], [ -119.631261376105257, 34.432410971988247 ], [ -119.631491334142154, 34.432574647977461 ], [ -119.631675183848657, 34.43278150141856 ], [ -119.631697144256449, 34.432818220932141 ], [ -119.631708017537534, 34.432859487018327 ], [ -119.63171871779528, 34.432937401421022 ], [ -119.631723928767059, 34.433006136395427 ], [ -119.631734393724827, 34.43313444380022 ], [ -119.63180563795423, 34.433281271060451 ], [ -119.631926680951736, 34.433428258331453 ], [ -119.632014182436549, 34.433648437173538 ], [ -119.632024261385567, 34.433859204475532 ], [ -119.632012528727174, 34.434001183500911 ], [ -119.632028227083453, 34.434193644371923 ], [ -119.63201675210189, 34.434280650040371 ], [ -119.632014840668731, 34.434688369437296 ], [ -119.632031032030199, 34.434775463965465 ], [ -119.632025048610913, 34.434871649882311 ], [ -119.632024533178978, 34.434981596435264 ], [ -119.631990881022517, 34.435077693418449 ], [ -119.631962870803207, 34.435150902793964 ], [ -119.631901510026495, 34.435256072427009 ], [ -119.631862346632474, 34.435347570307933 ], [ -119.631845251801778, 34.435452882186141 ], [ -119.631861422734488, 34.435544557929383 ], [ -119.631916240544413, 34.435654683178832 ], [ -119.631954673685613, 34.435718943413903 ], [ -119.63199302097749, 34.43580152774139 ], [ -119.63199274175706, 34.435861082220995 ], [ -119.631981267580755, 34.43594808774543 ], [ -119.631969641931036, 34.436067161116618 ], [ -119.631972916853513, 34.436138939951348 ], [ -119.632047620996758, 34.436271642685789 ], [ -119.632199736355204, 34.436522558451891 ], [ -119.63221875096454, 34.436789154166831 ], [ -119.63231382215379, 34.437181206141751 ], [ -119.632332836567713, 34.437855532222066 ], [ -119.632408894711048, 34.43868666963732 ], [ -119.63252298070428, 34.439219847929259 ], [ -119.632473899469176, 34.439401856797311 ], [ -119.632468542876467, 34.439565293244378 ], [ -119.632486481659384, 34.43965658040365 ], [ -119.632509030595855, 34.439744081413373 ], [ -119.632568205933453, 34.439854507320319 ], [ -119.632682461787141, 34.43996891169369 ], [ -119.63279680798307, 34.440064309772559 ], [ -119.632860681903878, 34.440151943171891 ], [ -119.632942850972995, 34.440254839788032 ], [ -119.63299747050435, 34.440357648051915 ], [ -119.633156650921919, 34.440685065883272 ], [ -119.633197318431286, 34.440825842198116 ], [ -119.633220797306691, 34.440983855036876 ], [ -119.633241334004637, 34.441232715706008 ], [ -119.633254558411537, 34.441350596677374 ], [ -119.63329088375734, 34.441438141497549 ], [ -119.633299730058496, 34.441510393713806 ], [ -119.633294819047066, 34.441578800048596 ], [ -119.633312475100425, 34.441730906186287 ], [ -119.63334876517041, 34.441826053590646 ], [ -119.633366652223771, 34.441928743909337 ], [ -119.63335691795119, 34.442046551286545 ], [ -119.633306054514136, 34.442122413211486 ], [ -119.633269053898744, 34.442179313084289 ], [ -119.633226171800658, 34.442218059975211 ], [ -119.633195354510377, 34.442228493564109 ], [ -119.633190621018755, 34.442258887586192 ], [ -119.633190461126844, 34.44229309898023 ], [ -119.633194874853416, 34.442331125042749 ], [ -119.633246549318258, 34.442426747924088 ], [ -119.633281319413925, 34.442502457776797 ], [ -119.633368136159973, 34.442593965055828 ], [ -119.633367816533791, 34.442662386919665 ], [ -119.633349201249899, 34.44271554382172 ], [ -119.633293744878074, 34.442791390988226 ], [ -119.63325211700365, 34.442855878744425 ], [ -119.633247151485733, 34.442935689373911 ], [ -119.633246725180442, 34.443026917291718 ], [ -119.633315283325786, 34.443095558772683 ], [ -119.633425344150737, 34.443126321160243 ], [ -119.633530671641878, 34.443187478350261 ], [ -119.633548594737107, 34.443282566778642 ], [ -119.633564532700078, 34.443370587678196 ], [ -119.633575365742004, 34.443449906353671 ], [ -119.633634863678765, 34.443491910398386 ], [ -119.63366585533322, 34.443536799626877 ], [ -119.633809069017559, 34.443553286719897 ], [ -119.63396951799082, 34.443610818791569 ], [ -119.634014992648275, 34.443705994254593 ], [ -119.634138405885054, 34.443828028711046 ], [ -119.634174324759087, 34.444003000006198 ], [ -119.634123106432057, 34.444154885629807 ], [ -119.634053749079513, 34.444257296854424 ], [ -119.634002476085314, 34.444420585856321 ], [ -119.633997140058568, 34.444580220705504 ], [ -119.63401047252151, 34.444675294257216 ], [ -119.634032935976478, 34.444781799714328 ], [ -119.634087595528328, 34.444877005285804 ], [ -119.634192801864984, 34.444964769552293 ], [ -119.634233756895711, 34.445044726714706 ], [ -119.634251753216475, 34.445124609639699 ], [ -119.634260351734042, 34.445250077083386 ], [ -119.63428286882764, 34.445345179868568 ], [ -119.634319356571439, 34.445398513627964 ], [ -119.634447559270171, 34.445478748312233 ], [ -119.634562020748405, 34.445551337182359 ], [ -119.634639853867725, 34.44560100183223 ], [ -119.634662406912838, 34.445688501902893 ], [ -119.634680563062702, 34.445734174332131 ], [ -119.634707796238629, 34.445802682963446 ], [ -119.634767208115093, 34.445863692385657 ], [ -119.634891457994286, 34.445940713162003 ], [ -119.634897630645156, 34.445949994511935 ], [ -119.634960772362874, 34.445997880143238 ], [ -119.634977655313165, 34.446083765266145 ], [ -119.635035058635182, 34.446126863854317 ], [ -119.635079842404835, 34.446251581337201 ], [ -119.635230521139391, 34.446366503046953 ], [ -119.635329688054071, 34.446409735378431 ], [ -119.635415828024236, 34.446467230466787 ], [ -119.635497615423375, 34.446531863789993 ], [ -119.63552759148692, 34.44658918003077 ], [ -119.635557501161045, 34.446660802160345 ], [ -119.635596118474794, 34.446718145871557 ], [ -119.635617554235964, 34.446753976642043 ], [ -119.635634569809397, 34.446811251607812 ], [ -119.635634290309255, 34.446871452437968 ], [ -119.635630662693515, 34.446877400874712 ], [ -119.635624724795576, 34.446915529802453 ], [ -119.63561298291377, 34.446963176766822 ], [ -119.635595613073718, 34.446982194510305 ], [ -119.635560629789154, 34.447072683131857 ], [ -119.63555462541251, 34.447125117040763 ], [ -119.635565791642975, 34.447201447286574 ], [ -119.63555963334997, 34.447287258901767 ], [ -119.635564994505415, 34.44737310716355 ], [ -119.635576228296046, 34.447435132405623 ], [ -119.635575964159827, 34.447492014441551 ], [ -119.635577024426595, 34.447493194671111 ], [ -119.635586101885195, 34.447516030769634 ], [ -119.635608885980247, 34.447554114985323 ], [ -119.635640747579117, 34.447615036188097 ], [ -119.635649720274657, 34.447660679158673 ], [ -119.635626441971652, 34.447729026741499 ], [ -119.635598536628521, 34.447804962297681 ], [ -119.635579779046395, 34.447820371150115 ], [ -119.635580128111386, 34.447835691208049 ], [ -119.635562226632558, 34.447969149678514 ], [ -119.635521195197981, 34.448121607511432 ], [ -119.635520597265, 34.448250352304562 ], [ -119.635508743296654, 34.44832184141805 ], [ -119.635513795510775, 34.448474445839977 ], [ -119.635473161301704, 34.448541074648922 ], [ -119.635411039074683, 34.448625428435257 ], [ -119.635341556899718, 34.448754448584687 ], [ -119.635281152026963, 34.448906304766695 ], [ -119.635183356762099, 34.44919868668633 ], [ -119.635155786232517, 34.44920239976323 ], [ -119.635165571705784, 34.449073189645361 ], [ -119.635166031157027, 34.448974359683767 ], [ -119.635268806613553, 34.448598366605381 ], [ -119.635356852174667, 34.448427592990363 ], [ -119.635384176814952, 34.448398249594931 ], [ -119.635393444523288, 34.448340547422198 ], [ -119.635405895629049, 34.448140314429438 ], [ -119.635391292300412, 34.448019776341084 ], [ -119.63537267715391, 34.447986702051217 ], [ -119.635359271829316, 34.447906834150551 ], [ -119.635350440571571, 34.447830781705747 ], [ -119.635405828969709, 34.447770138206948 ], [ -119.635423083338097, 34.447746966901562 ], [ -119.635413760963218, 34.447687341108306 ], [ -119.635414065819674, 34.447621719301182 ], [ -119.635402030862551, 34.447599071120798 ], [ -119.635379335158589, 34.447541980833449 ], [ -119.635328911690848, 34.44752281398555 ], [ -119.635297084608851, 34.447454290994273 ], [ -119.635265152675288, 34.447408574874672 ], [ -119.635246889796832, 34.447385709495862 ], [ -119.635155472806034, 34.447294188543843 ], [ -119.635123682403844, 34.447218062896702 ], [ -119.635059337859346, 34.447099697365502 ], [ -119.634927046728436, 34.447056360155273 ], [ -119.634690912631328, 34.447046070739361 ], [ -119.634379827066709, 34.447049846802607 ], [ -119.634189553893435, 34.447087386158969 ], [ -119.634022390451193, 34.447110693840429 ], [ -119.633774624543719, 34.447124207075021 ], [ -119.633486490575052, 34.447147128005064 ], [ -119.633181119692367, 34.447160455603324 ], [ -119.632967893833893, 34.447178845510102 ], [ -119.632818121622407, 34.447178365457084 ], [ -119.632662701290712, 34.447154025386318 ], [ -119.632593687626823, 34.447129962314939 ], [ -119.632594089444439, 34.447044132369811 ], [ -119.632681656455986, 34.446796455097157 ], [ -119.632751517766849, 34.446639321808036 ], [ -119.632804030695382, 34.446496438048605 ], [ -119.632902671819238, 34.446344164692334 ], [ -119.632950248691458, 34.446024833666812 ], [ -119.632985680502813, 34.445838978427957 ], [ -119.632986171082379, 34.445734074724676 ], [ -119.632975185965321, 34.445619597719279 ], [ -119.632964155192596, 34.445514657071719 ], [ -119.632936156827654, 34.445342904595385 ], [ -119.632907690209962, 34.445271287205188 ], [ -119.632804741008485, 34.445113598731396 ], [ -119.632735951148177, 34.445041851994603 ], [ -119.632667095547788, 34.444984410235648 ], [ -119.632586652889088, 34.444941236497307 ], [ -119.632460462359262, 34.444826389713796 ], [ -119.632403261325138, 34.444740373804187 ], [ -119.632380711293635, 34.444635396033448 ], [ -119.632375420815649, 34.444535242363372 ], [ -119.632329918908894, 34.444411117828963 ], [ -119.632266914126646, 34.444334620613475 ], [ -119.632141037941452, 34.444153015993635 ], [ -119.632003687004314, 34.443961837798724 ], [ -119.631946352926917, 34.443904432559862 ], [ -119.631895128245716, 34.443829550813355 ], [ -119.631884353000387, 34.443828772757776 ], [ -119.631755519932355, 34.443663847727969 ], [ -119.63160012818544, 34.44363473748043 ], [ -119.631461951006912, 34.443619987672058 ], [ -119.631328060685973, 34.443612404574594 ], [ -119.631198472906803, 34.443608410813546 ], [ -119.631042914443626, 34.443615061959967 ], [ -119.630896029316133, 34.443614588670698 ], [ -119.630787975200064, 34.443624969999128 ], [ -119.630744739652854, 34.443631982787323 ], [ -119.630657832040555, 34.443738992415291 ], [ -119.630635860778455, 34.443817600904005 ], [ -119.630613705410539, 34.443935548005683 ], [ -119.630578555017863, 34.444060605348255 ], [ -119.630554102910779, 34.444170398895587 ], [ -119.630572803704098, 34.44436457443355 ], [ -119.630606826476495, 34.444479126128989 ], [ -119.630584838125941, 34.444561310130773 ], [ -119.630575827950409, 34.444639960350052 ], [ -119.630549266525392, 34.444775774907136 ], [ -119.630522941807314, 34.444861521420037 ], [ -119.630518149909548, 34.444961642624946 ], [ -119.630509155370675, 34.445036716324395 ], [ -119.630512953912344, 34.445147594826949 ], [ -119.630529881235105, 34.4452227512364 ], [ -119.630542521755387, 34.445290742544785 ], [ -119.630546488711985, 34.445365858033561 ], [ -119.63054188200347, 34.44542664062935 ], [ -119.63054591630781, 34.44548745109585 ], [ -119.630558354870956, 34.445598356516591 ], [ -119.630587940885604, 34.445737928586006 ], [ -119.630622199925341, 34.445802412144438 ], [ -119.630668645345082, 34.446031446401385 ], [ -119.630664055523425, 34.446088652485976 ], [ -119.63064623584971, 34.446203036781952 ], [ -119.630658709415357, 34.446306790067098 ], [ -119.630654069079384, 34.446374724660252 ], [ -119.630649445563122, 34.446439083674726 ], [ -119.630649243592686, 34.446481998670443 ], [ -119.630744054999909, 34.446532373085894 ], [ -119.630890709022509, 34.446582913605425 ], [ -119.630713727975134, 34.446550157050609 ], [ -119.630575933020751, 34.446453151800782 ], [ -119.630533067378835, 34.446381487448484 ], [ -119.630507448186421, 34.446317030873026 ], [ -119.630490318592209, 34.446284789545452 ], [ -119.630416620910964, 34.446338196097422 ], [ -119.630377300150826, 34.446431053567828 ], [ -119.630368474836402, 34.446470364204941 ], [ -119.630324681775917, 34.446595393268169 ], [ -119.630324344857357, 34.446666919149081 ], [ -119.630319603132804, 34.446756311646631 ], [ -119.630332008972928, 34.446874369903142 ], [ -119.630331621528754, 34.446956623381546 ], [ -119.630305328444052, 34.447035217611329 ], [ -119.630287794441116, 34.44708880531585 ], [ -119.630326323885129, 34.447164032240373 ], [ -119.630369392979887, 34.447192781654827 ], [ -119.630416848989512, 34.447207240002911 ], [ -119.630468625622015, 34.447221712271244 ], [ -119.630494361859277, 34.447261134391084 ], [ -119.630520082368761, 34.447304133880131 ], [ -119.630438299357081, 34.447239496154396 ], [ -119.630300367664574, 34.447171101513838 ], [ -119.630244507478039, 34.447106547312465 ], [ -119.630244878167929, 34.447027869418257 ], [ -119.630279710313815, 34.446970761030208 ], [ -119.630284282530084, 34.44691713148076 ], [ -119.630288771594806, 34.446881382496656 ], [ -119.630289007456099, 34.446831315472579 ], [ -119.630271911541996, 34.446791920280191 ], [ -119.630259186765556, 34.446741811412394 ], [ -119.630250747801085, 34.44669886763127 ], [ -119.630250916289725, 34.446663105593814 ], [ -119.630251034232202, 34.446638072076738 ], [ -119.630277158761785, 34.446595239869715 ], [ -119.630299282779148, 34.446484446096605 ], [ -119.630325490367667, 34.446423733295838 ], [ -119.63037343545362, 34.446334480205351 ], [ -119.630451570507915, 34.446256053190254 ], [ -119.63052972332774, 34.446174050544485 ], [ -119.630568909103047, 34.446109803005562 ], [ -119.630621055343568, 34.446045598150064 ], [ -119.630617273434822, 34.445931144173855 ], [ -119.63060456541541, 34.44587745792375 ], [ -119.630566272017433, 34.445752163918904 ], [ -119.630506192038112, 34.445666137849635 ], [ -119.630489062586463, 34.445633896501114 ], [ -119.630467797868661, 34.445562300852153 ], [ -119.630476960890419, 34.445451465114395 ], [ -119.630481803388662, 34.445340614523182 ], [ -119.630460993410153, 34.445172461120393 ], [ -119.630461549103401, 34.445054444500585 ], [ -119.630461852209635, 34.444990071465305 ], [ -119.630515007997971, 34.444711290360388 ], [ -119.630498552249961, 34.444535997834564 ], [ -119.630490248089032, 34.444464444825364 ], [ -119.630464866387769, 34.444349920974155 ], [ -119.630448461349204, 34.444163898929432 ], [ -119.630444763982325, 34.444031563218225 ], [ -119.630436309450928, 34.443992196723897 ], [ -119.630402085039435, 34.443920560026655 ], [ -119.630380635593866, 34.44388830376252 ], [ -119.630333433183083, 34.443820200789943 ], [ -119.630202386031399, 34.443693156182078 ], [ -119.630176532060617, 34.443678767444887 ], [ -119.630068663188354, 34.44364980856416 ], [ -119.62996501363196, 34.443642321547976 ], [ -119.629939260899349, 34.443606474748371 ], [ -119.630012838326564, 34.44357810195239 ], [ -119.630125229735683, 34.443564159723948 ], [ -119.630216003326282, 34.443553724128023 ], [ -119.630350836695513, 34.443361037954013 ], [ -119.630351291481077, 34.443264478238177 ], [ -119.630425171563772, 34.443171732918174 ], [ -119.630503388691281, 34.443075424092676 ], [ -119.630551364108072, 34.442979018555022 ], [ -119.630599172173675, 34.442918375163458 ], [ -119.630590396774153, 34.44294695738995 ], [ -119.630511843157592, 34.443114790617827 ], [ -119.630472457860563, 34.443221953465006 ], [ -119.630430082579167, 34.443305226992244 ], [ -119.630422009639091, 34.443359141909617 ], [ -119.630421757031499, 34.443412785591704 ], [ -119.630525372654404, 34.443427425167556 ], [ -119.630577180482518, 34.443434744469663 ], [ -119.630698059836902, 34.443453016113232 ], [ -119.630754171265664, 34.443463926652996 ], [ -119.630758693571451, 34.443421024557033 ], [ -119.630750321988998, 34.443363776530276 ], [ -119.630742153418879, 34.443263613372508 ], [ -119.63073818638135, 34.443188497734347 ], [ -119.630738388294745, 34.443145582598554 ], [ -119.630738792120837, 34.443059752321609 ], [ -119.630842861515944, 34.442977831870621 ], [ -119.630890516893928, 34.442949374938465 ], [ -119.631037518462435, 34.442924814625229 ], [ -119.631080753593892, 34.442917801721528 ], [ -119.631150144058267, 34.44286080325837 ], [ -119.63116760930194, 34.442821520248209 ], [ -119.631180939034621, 34.442742883754057 ], [ -119.63121978647807, 34.442750161934988 ], [ -119.631228259157766, 34.442785952836417 ], [ -119.631236680351861, 34.442832471394048 ], [ -119.631245018624412, 34.442896872390506 ], [ -119.631249136269972, 34.44293980144483 ], [ -119.631266164631654, 34.442993500788504 ], [ -119.631322343008648, 34.442990106006967 ], [ -119.63136122418517, 34.442990231163392 ], [ -119.63140872822612, 34.442993959698875 ], [ -119.631516714224645, 34.442997883727678 ], [ -119.631590122636354, 34.44300527297252 ], [ -119.631685182194801, 34.443002002177543 ], [ -119.631771668115093, 34.442984398473897 ], [ -119.631828131663866, 34.442920206761102 ], [ -119.631833055979328, 34.442791474295852 ], [ -119.631863044709803, 34.442845216121114 ], [ -119.631901355533756, 34.442966933565472 ], [ -119.631939850956101, 34.443049313228428 ], [ -119.63198274960358, 34.443113824316576 ], [ -119.632017092479899, 34.443160426993536 ], [ -119.632068849971247, 34.443178475083052 ], [ -119.632064413317877, 34.443203494811591 ], [ -119.632029835650798, 34.443206960261591 ], [ -119.631969303222093, 34.443217494479349 ], [ -119.631938894986149, 34.443253160361728 ], [ -119.63193852601232, 34.44333183855521 ], [ -119.631933836646098, 34.443410501956862 ], [ -119.631916170380535, 34.443492701086974 ], [ -119.631902723846338, 34.443596371203107 ], [ -119.631936620013221, 34.443721317479771 ], [ -119.631975734929071, 34.443780547527979 ], [ -119.632141596688953, 34.444033807085319 ], [ -119.632267718451217, 34.444162959342435 ], [ -119.632456153240199, 34.444516428419085 ], [ -119.632536306245342, 34.444621590116675 ], [ -119.632679286357146, 34.444841396970538 ], [ -119.632771204526165, 34.444894143967886 ], [ -119.632937561846617, 34.445042498319395 ], [ -119.633035086092832, 34.445128642238274 ], [ -119.6330912392702, 34.445438769413521 ], [ -119.633113010287502, 34.445710639366105 ], [ -119.633125520486274, 34.445931122255111 ], [ -119.633128543606247, 34.445930631819344 ], [ -119.633171545094484, 34.445973686119743 ], [ -119.633248942740948, 34.446052612248096 ], [ -119.633300501903094, 34.446113574745389 ], [ -119.6333263405389, 34.446131539219095 ], [ -119.633373796451522, 34.446145996357203 ], [ -119.633486625182513, 34.446039067879333 ], [ -119.633612146986096, 34.445989401671042 ], [ -119.633586274939972, 34.445978589312162 ], [ -119.633638234985582, 34.445953721620739 ], [ -119.633720436564815, 34.445928950623035 ], [ -119.633729111017388, 34.445921825302804 ], [ -119.633811262475632, 34.445907782770156 ], [ -119.633940854184488, 34.445911773565733 ], [ -119.633966642862589, 34.445940466429342 ], [ -119.633996567548465, 34.446008511634339 ], [ -119.633996500835451, 34.446022816641296 ], [ -119.633918501921968, 34.44607263607768 ], [ -119.633853648081782, 34.446083157455071 ], [ -119.633749811367082, 34.446115012422375 ], [ -119.633706558020265, 34.446125602788037 ], [ -119.633628643385464, 34.446157540544583 ], [ -119.633456315299469, 34.446207653515735 ], [ -119.633398466212995, 34.446259921428236 ], [ -119.6333404165551, 34.446355103413438 ], [ -119.633334032024862, 34.446488598611261 ], [ -119.633361943650826, 34.446679424429114 ], [ -119.633367036131432, 34.446822493731709 ], [ -119.633343103000158, 34.447013153519073 ], [ -119.633377442821455, 34.447060947766055 ], [ -119.633423659565423, 34.447032484383747 ], [ -119.633406756925083, 34.446951367747268 ], [ -119.633424350021301, 34.446884665820761 ], [ -119.633505152503233, 34.44685154618972 ], [ -119.633626121279661, 34.44685193321277 ], [ -119.633638913754552, 34.446851159524599 ], [ -119.633685738120661, 34.446883714306708 ], [ -119.633728858363114, 34.446901733945516 ], [ -119.633802137140364, 34.446937730830669 ], [ -119.633866724743839, 34.446984429465076 ], [ -119.633914314729438, 34.446970276380974 ], [ -119.634005776262683, 34.446967588695571 ], [ -119.634011358068591, 34.447005753448508 ], [ -119.634045831703403, 34.447024937510761 ], [ -119.634322600088822, 34.446968600672406 ], [ -119.6346740974667, 34.446945880665425 ], [ -119.634869930102312, 34.446951272942719 ], [ -119.634732145948277, 34.446850697158666 ], [ -119.634646383433846, 34.446712139328838 ], [ -119.63454905528971, 34.446583081920473 ], [ -119.634509132946931, 34.446497123255959 ], [ -119.634445990014441, 34.446449237396052 ], [ -119.634377287431533, 34.446358418106918 ], [ -119.634297531228569, 34.446167426955306 ], [ -119.634184145705376, 34.445776055197413 ], [ -119.634087265214717, 34.445551629927706 ], [ -119.63404747622026, 34.445437060981313 ], [ -119.634030662226039, 34.445336869752445 ], [ -119.634002438129869, 34.445212801198629 ], [ -119.633979842436645, 34.445117360174571 ], [ -119.633983598052055, 34.445054331830178 ], [ -119.633981166220522, 34.445051521584332 ], [ -119.633976787417154, 34.445005893042755 ], [ -119.633935726285515, 34.444948743622376 ], [ -119.633903724151821, 34.444918231330384 ], [ -119.633890108062346, 34.444883976890601 ], [ -119.63386741424334, 34.444826886150281 ], [ -119.633840235347037, 34.444746972881923 ], [ -119.633817701223123, 34.44465567171121 ], [ -119.633795132769976, 34.444571972245349 ], [ -119.633809351785587, 34.444476986752633 ], [ -119.633810008008297, 34.444336344208132 ], [ -119.633878477968906, 34.44419555980263 ], [ -119.633888796980514, 34.444180745070639 ], [ -119.633916631764322, 34.444120014895915 ], [ -119.633939750925336, 34.444085876948868 ], [ -119.633958312948764, 34.444044123500902 ], [ -119.633958614334531, 34.443979503489444 ], [ -119.633949696234339, 34.443922455839797 ], [ -119.633936204402886, 34.443861593552107 ], [ -119.633895250292753, 34.443781636189591 ], [ -119.633803839071945, 34.44369011473345 ], [ -119.633682857554206, 34.443641959558072 ], [ -119.63358834257437, 34.443621003581917 ], [ -119.633428018136854, 34.443536863149525 ], [ -119.633355064486096, 34.443426393993732 ], [ -119.633188778622483, 34.443384893078473 ], [ -119.632846225528368, 34.44329698076367 ], [ -119.63255602833209, 34.443239928407678 ], [ -119.632543132837284, 34.443191916877119 ], [ -119.632552581296011, 34.443191947191622 ], [ -119.632690352827595, 34.443188587310409 ], [ -119.632795928815653, 34.44319652860063 ], [ -119.63291528020136, 34.443204513947151 ], [ -119.633048620261803, 34.443166928456584 ], [ -119.633048833530083, 34.443121314505376 ], [ -119.633035271444399, 34.443075656414571 ], [ -119.633021709378781, 34.44302999741894 ], [ -119.633031568686988, 34.442885582340693 ], [ -119.63305954585023, 34.442794442685205 ], [ -119.633092114352749, 34.442703316823007 ], [ -119.633101706945467, 34.442615919162499 ], [ -119.633047174568873, 34.442494105052866 ], [ -119.633015601441414, 34.442372364474132 ], [ -119.633020708256069, 34.442262145080591 ], [ -119.633044058298992, 34.442178592392018 ], [ -119.633127153688051, 34.442083827425286 ], [ -119.63320571080753, 34.441977645084712 ], [ -119.633207497862344, 34.441969327163989 ], [ -119.633207498583062, 34.4418636600439 ], [ -119.63318801828926, 34.44183314069862 ], [ -119.633160698982863, 34.44178363757613 ], [ -119.633147225900998, 34.44171897329791 ], [ -119.633138309731677, 34.441661926361888 ], [ -119.633138594017197, 34.44160110706818 ], [ -119.63315268891769, 34.441532730159494 ], [ -119.633171339591755, 34.441471969687754 ], [ -119.633166943694022, 34.441430141822224 ], [ -119.633116683522715, 34.441376763358129 ], [ -119.633112447579236, 34.441300724961131 ], [ -119.633080696035648, 34.441216996553052 ], [ -119.633053519190412, 34.441137082812482 ], [ -119.632994200005314, 34.44105706696098 ], [ -119.632893450397518, 34.4409997256408 ], [ -119.632847675295395, 34.440969168778068 ], [ -119.632742244593217, 34.440930817851083 ], [ -119.632623288115383, 34.440839206843343 ], [ -119.632589011539224, 34.440730215341986 ], [ -119.632066635586696, 34.440443008141038 ], [ -119.631671905306987, 34.44020513455898 ], [ -119.631610290396921, 34.439815749137978 ], [ -119.631762405560906, 34.438906213924831 ], [ -119.631667333098591, 34.43876507802262 ], [ -119.631572261254121, 34.438592578439611 ], [ -119.631458175129467, 34.438420078834156 ], [ -119.63123000277858, 34.437949622977371 ], [ -119.630626993704766, 34.43797136384083 ], [ -119.630360791791105, 34.437987045042682 ], [ -119.63018966275223, 34.438002727196547 ], [ -119.62984740361091, 34.437814544585422 ], [ -119.62965726042772, 34.437924317488893 ], [ -119.629448102119838, 34.438018409366776 ], [ -119.629105843028782, 34.438128181947889 ], [ -119.628953727820246, 34.438175227959292 ], [ -119.628649497571416, 34.438206591273477 ], [ -119.628402311626587, 34.438347728103885 ], [ -119.628193152867198, 34.438504546643095 ], [ -119.62806005210723, 34.438614319086433 ], [ -119.627679765020957, 34.438833862990151 ], [ -119.627470606110606, 34.43897499880481 ], [ -119.62726144880331, 34.439147497797769 ], [ -119.627147362046387, 34.439351358625707 ], [ -119.627109333152475, 34.439461130285309 ], [ -119.626976233296062, 34.43968067247782 ], [ -119.626624467293553, 34.440174641294767 ], [ -119.626529395195348, 34.440253047877725 ], [ -119.626396294123026, 34.440347136896044 ], [ -119.626301222672097, 34.440425544180883 ], [ -119.626130092788586, 34.440519633133391 ], [ -119.626035021253259, 34.440613721498622 ], [ -119.625977978348146, 34.440864623635449 ], [ -119.62569056166862, 34.441101859002046 ], [ -119.625787834681844, 34.441240974727592 ], [ -119.625692762145093, 34.441507556154313 ], [ -119.625559661695348, 34.441742774870683 ], [ -119.625247603816575, 34.441833417034353 ], [ -119.625204821999688, 34.441880460592941 ], [ -119.625147778409143, 34.44193338502312 ], [ -119.625076475184599, 34.441992189408488 ], [ -119.625047953632674, 34.442027471306851 ], [ -119.62499803993164, 34.442086275377271 ], [ -119.624940997456946, 34.442180362859695 ], [ -119.624955257591452, 34.442221524959379 ], [ -119.624891084856046, 34.442309731775765 ], [ -119.624826910826528, 34.442362655198679 ], [ -119.624784128614635, 34.442380295938172 ], [ -119.624755607532677, 34.442439100582853 ], [ -119.62464152118406, 34.442621392694107 ], [ -119.624620129712341, 34.442639033186545 ], [ -119.624506043740325, 34.442703718224941 ], [ -119.62445613072326, 34.44273900010289 ], [ -119.624456130886443, 34.442744880809222 ], [ -119.624434739223972, 34.443033018372184 ], [ -119.624396078532371, 34.4431105536448 ], [ -119.624527434583513, 34.443227070132167 ], [ -119.624548825781744, 34.443268232189347 ], [ -119.624605290818039, 34.443410290351757 ], [ -119.624548825667986, 34.443450522243012 ], [ -119.624520304025097, 34.443509325865584 ], [ -119.624456131008174, 34.44360341122848 ], [ -119.624413348684953, 34.443644572810335 ], [ -119.62437769619514, 34.443679854530501 ], [ -119.624249348765886, 34.443715136736223 ], [ -119.624164569888492, 34.443761953720703 ], [ -119.624121001986069, 34.443873904481464 ], [ -119.624121001876702, 34.443915066672155 ], [ -119.624049318410997, 34.444014080570504 ], [ -119.623985524823141, 34.444091475457192 ], [ -119.623885698933265, 34.444173799141531 ], [ -119.623835786124076, 34.444279644563636 ], [ -119.623807264971916, 34.444350207555907 ], [ -119.6237573526966, 34.444438411740748 ], [ -119.623661823472546, 34.444563933592981 ], [ -119.623657526376988, 34.444655980376865 ], [ -119.623664656900544, 34.444738303795404 ], [ -119.623678917796155, 34.444832387693431 ], [ -119.623703550851431, 34.444950495211316 ], [ -119.623650396330746, 34.445026435250739 ], [ -119.623621874333594, 34.445073476274814 ], [ -119.623607613523504, 34.445108757718089 ], [ -119.623564832205531, 34.445220481824279 ], [ -119.623550570549071, 34.445273403524638 ], [ -119.623465006183025, 34.445485090245441 ], [ -119.62342935404962, 34.445555653046867 ], [ -119.623400833077056, 34.445620334261712 ], [ -119.623379441524776, 34.445708537335143 ], [ -119.623355722321421, 34.445822188391055 ], [ -119.623351357991112, 34.445843096167991 ], [ -119.623472910514977, 34.445829943944823 ], [ -119.62367277965042, 34.445907935585531 ], [ -119.623672621307037, 34.445972285609123 ], [ -119.623897729977841, 34.446077297751366 ], [ -119.624030001320563, 34.446083396447271 ], [ -119.624121002140001, 34.4461613092001 ], [ -119.624170915149364, 34.446208349974562 ], [ -119.62419943616176, 34.446249511039007 ], [ -119.624227649409534, 34.446350180806164 ], [ -119.624242218987163, 34.446467075447714 ], [ -119.624206566821826, 34.446525876152847 ], [ -119.624178045701697, 34.446572917249327 ], [ -119.624155518143681, 34.446681831509572 ], [ -119.62412813228579, 34.446790481102276 ], [ -119.624092480324677, 34.446913962946759 ], [ -119.623975309991579, 34.446980741186735 ], [ -119.623962261957388, 34.447035961071272 ], [ -119.623900707855384, 34.447164796015052 ], [ -119.623794363046002, 34.447211840930251 ], [ -119.623750931668511, 34.447259382594446 ], [ -119.62366921023758, 34.447354013279295 ], [ -119.62366912232369, 34.447389599839653 ], [ -119.623444082987888, 34.447580241768456 ], [ -119.62327953140354, 34.447658379724309 ], [ -119.623201181433998, 34.447654850044714 ], [ -119.623158399514168, 34.447696010102369 ], [ -119.623115617381856, 34.447819490606683 ], [ -119.623115616753864, 34.447860650834571 ], [ -119.62312274777257, 34.447913570648588 ], [ -119.623129877644118, 34.44796061068088 ], [ -119.623169471573689, 34.448118195450988 ], [ -119.623065704159998, 34.448201691011356 ], [ -119.623037182293075, 34.448301650604577 ], [ -119.623022922378752, 34.448401610264831 ], [ -119.622987270075214, 34.448519210001933 ], [ -119.622982135292673, 34.448613650610334 ], [ -119.622973008660821, 34.44870148822114 ], [ -119.622973009159296, 34.448754407957281 ], [ -119.622965879264243, 34.448819087187388 ], [ -119.622981129651308, 34.448883254359842 ], [ -119.622980139613873, 34.448977845546707 ], [ -119.622995964864515, 34.449079851471545 ], [ -119.623030051906895, 34.449166003819244 ], [ -119.623051443107471, 34.44923068317884 ], [ -119.623079964832868, 34.449289481898475 ], [ -119.623115616460339, 34.449383561040896 ], [ -119.623129878252129, 34.449442359673832 ], [ -119.623193778252514, 34.449546807118075 ], [ -119.623187408106631, 34.449628992037326 ], [ -119.623201181211869, 34.449753993834868 ], [ -119.623243964581718, 34.449824552969169 ], [ -119.623258224912334, 34.449924510799711 ], [ -119.623258225213974, 34.45003034833551 ], [ -119.62328031771014, 34.45013952145397 ], [ -119.623242712545604, 34.450181037291124 ], [ -119.623199999559375, 34.450228190794505 ], [ -119.623258318553738, 34.450561269891175 ], [ -119.623172659680947, 34.450635971487742 ], [ -119.623144138840729, 34.45070064961768 ], [ -119.623079964859755, 34.450794726352967 ], [ -119.622987269890928, 34.450865284755416 ], [ -119.622951617847079, 34.450900563090698 ], [ -119.622908835326015, 34.450965241055627 ], [ -119.622866052734338, 34.451029919000497 ], [ -119.622816140537068, 34.451106356389722 ], [ -119.622788932189508, 34.451170800831115 ], [ -119.622687793611874, 34.451188672877386 ], [ -119.62255944623557, 34.451229831825223 ], [ -119.622452490794672, 34.451229831663966 ], [ -119.622279905439541, 34.45122350275102 ], [ -119.622235108562862, 34.451177056779954 ], [ -119.622038928341013, 34.4512121918495 ], [ -119.621892320089302, 34.451232869691914 ] ], [ [ -119.623596612455785, 34.442156734989737 ], [ -119.623681236917292, 34.442111638086502 ], [ -119.623793003911217, 34.442139199286281 ], [ -119.623842916472569, 34.442139199229381 ], [ -119.623914220782197, 34.442133319304112 ], [ -119.623971264069183, 34.442121558660148 ], [ -119.624085350596161, 34.442098036385588 ], [ -119.624196924197378, 34.442043705465721 ], [ -119.624235088559047, 34.441939264706072 ], [ -119.624241851208353, 34.441822255701297 ], [ -119.624327783562563, 34.441774612428446 ], [ -119.6244062179764, 34.441751090921585 ], [ -119.624463260580171, 34.441727569504799 ], [ -119.624527434102461, 34.441704047107898 ], [ -119.624620129747797, 34.441662884114784 ], [ -119.624691433561779, 34.441621721231876 ], [ -119.624813581065823, 34.441554872632352 ], [ -119.624894158831353, 34.441288019183709 ], [ -119.624951201502924, 34.44106848029363 ], [ -119.624989230556679, 34.440927348697684 ], [ -119.625084301638381, 34.440754853765149 ], [ -119.625160360116027, 34.440645083932061 ], [ -119.625293460156243, 34.440425544038412 ], [ -119.625464590012172, 34.440284411467772 ], [ -119.625559661541104, 34.440174641322699 ], [ -119.625692762688033, 34.440049188811841 ], [ -119.625882905700138, 34.439939418180984 ], [ -119.625968471090047, 34.439429767053035 ], [ -119.626063542664042, 34.439304314167643 ], [ -119.626215658166387, 34.43916317951934 ], [ -119.626424815489457, 34.439022044206666 ], [ -119.626614960089555, 34.438833862861095 ], [ -119.626824117986217, 34.438661364094052 ], [ -119.626976232987275, 34.438488864759996 ], [ -119.627109333251937, 34.438332045908787 ], [ -119.627280463350814, 34.438175228106623 ], [ -119.62743257823557, 34.438096818907205 ], [ -119.627831879952424, 34.437892953942786 ], [ -119.628060052544669, 34.437783180519808 ], [ -119.6282501960291, 34.437704771160561 ], [ -119.628459353861544, 34.43761067873443 ], [ -119.628630483313927, 34.437516586959681 ], [ -119.628820627245162, 34.437375449389478 ], [ -119.62901077168884, 34.437218629222542 ], [ -119.62929598747597, 34.436983397885506 ], [ -119.63017372455154, 34.43672308222957 ], [ -119.630752501087287, 34.436177393966602 ], [ -119.630774917082206, 34.435957947633156 ], [ -119.630775369620324, 34.435861744948554 ], [ -119.630781355734868, 34.435765559195005 ], [ -119.630859168299949, 34.435692510696995 ], [ -119.630936786857703, 34.43566069251748 ], [ -119.631019851684357, 34.435647217123332 ], [ -119.631075164712797, 34.435651976655755 ], [ -119.631174657993228, 34.435675202851094 ], [ -119.631268703845194, 34.435680087031294 ], [ -119.631429172944834, 34.435680603615133 ], [ -119.63156752928063, 34.435676467510447 ], [ -119.6317501960351, 34.435663311092014 ], [ -119.631766861206501, 34.435649621615319 ], [ -119.631756223921442, 34.435557963662461 ], [ -119.631740375507206, 34.435397570894658 ], [ -119.631846347635431, 34.435219245407197 ], [ -119.631857887399335, 34.435118496971 ], [ -119.631847121159581, 34.435054325613244 ], [ -119.631836441978095, 34.43497182922885 ], [ -119.631803972593971, 34.434815965166415 ], [ -119.631743663922634, 34.434696660359734 ], [ -119.631716599362662, 34.434568299771463 ], [ -119.631722670199053, 34.434453789711917 ], [ -119.631734532412281, 34.434284323223835 ], [ -119.631812664947574, 34.434142557775168 ], [ -119.631857338675815, 34.434055658848102 ], [ -119.631890817596698, 34.433996210988894 ], [ -119.631919000414584, 34.433886353263361 ], [ -119.631880783047038, 34.433776281183988 ], [ -119.631820926301273, 34.433560773386233 ], [ -119.631678373058307, 34.433280861791353 ], [ -119.631591132027182, 34.433005709237008 ], [ -119.631531319674693, 34.432781038590669 ], [ -119.631389413212531, 34.432602411713781 ], [ -119.63115924410296, 34.432483683130329 ], [ -119.630787389810664, 34.432190325385697 ], [ -119.630611668654126, 34.432038059959396 ], [ -119.630598626478061, 34.431925648917833 ], [ -119.630599181717898, 34.431807663187641 ], [ -119.630715361140417, 34.431633865878595 ], [ -119.630872044584081, 34.431505146426829 ], [ -119.630906475368079, 34.431398506925809 ], [ -119.63092052282461, 34.431297420249223 ], [ -119.630941646777131, 34.431134552394788 ], [ -119.630752859029911, 34.430875495264225 ], [ -119.630637948699203, 34.430779610299496 ], [ -119.630529852093971, 34.430678129549925 ], [ -119.630421834037776, 34.430559793301171 ], [ -119.630341436127623, 34.430340414050313 ], [ -119.630219980491972, 34.430193941445623 ], [ -119.630139212911914, 34.430053218669244 ], [ -119.630085271298711, 34.429980005080523 ], [ -119.629977043003777, 34.429906615147964 ], [ -119.629923075158729, 34.429839019036173 ], [ -119.629923234087215, 34.429805308245051 ], [ -119.629984596866791, 34.42974370428913 ], [ -119.630039332603701, 34.429648366674691 ], [ -119.630060140202843, 34.429552920318812 ], [ -119.630060563848957, 34.429463025748575 ], [ -119.63005433408037, 34.429345017809055 ], [ -119.630047945456738, 34.429260720665887 ], [ -119.630041662768662, 34.429153948738801 ], [ -119.63003538118177, 34.429047177704625 ], [ -119.629988198557214, 34.428979603486717 ], [ -119.629921030637632, 34.428833306671308 ], [ -119.629772382150165, 34.428697982586321 ], [ -119.629604357849217, 34.428354712555048 ], [ -119.62949743269921, 34.428006020409313 ], [ -119.629462447517142, 34.427906993488605 ], [ -119.62942974623148, 34.427838527742288 ], [ -119.629413524698563, 34.427776950410554 ], [ -119.629417926990172, 34.427718858719622 ], [ -119.629430714327341, 34.4276334492872 ], [ -119.629435245678792, 34.427548013127769 ], [ -119.629444001799612, 34.427442082648881 ], [ -119.629436294428956, 34.427325844885502 ], [ -119.629412122554541, 34.427199299827222 ], [ -119.629363006609353, 34.427110271992902 ], [ -119.629363684391052, 34.426966717335645 ], [ -119.629355928772483, 34.426860733353564 ], [ -119.629401562049566, 34.426813028165675 ], [ -119.629426556666289, 34.426765257065632 ], [ -119.629480429583182, 34.426720996508408 ], [ -119.629521870243835, 34.426686950600541 ], [ -119.629542800250647, 34.426625493416367 ], [ -119.629538946527219, 34.426567374943026 ], [ -119.629386744632939, 34.426454087483741 ], [ -119.629279627426556, 34.426409305808768 ], [ -119.629255069760163, 34.426364792282421 ], [ -119.629234817613352, 34.426282693774652 ], [ -119.62922756268263, 34.426070752370997 ], [ -119.629174529648537, 34.425937277636109 ], [ -119.629096938323556, 34.425759288367253 ], [ -119.629010607012447, 34.425683812606778 ], [ -119.628920439905059, 34.425546798472396 ], [ -119.628842494020176, 34.425444004808433 ], [ -119.628822371828505, 34.425334562534601 ], [ -119.628765437322031, 34.425153222787948 ], [ -119.628716743692493, 34.424975326806937 ], [ -119.628572801746486, 34.42486206485637 ], [ -119.628494549668943, 34.424824212914672 ], [ -119.628362668196345, 34.42477934994708 ], [ -119.628259665500707, 34.424737999496656 ], [ -119.628173240076933, 34.424683029857363 ], [ -119.628177626924199, 34.424628355989952 ], [ -119.628173790502629, 34.424566818499358 ], [ -119.628190819814037, 34.424457496656359 ], [ -119.628178614440017, 34.42441985893533 ], [ -119.628133482638987, 34.424361605328613 ], [ -119.628108926263053, 34.424317091465838 ], [ -119.628059538301088, 34.424286168967782 ], [ -119.627993638071729, 34.424255191898766 ], [ -119.627935945988838, 34.424234496390497 ], [ -119.627849406833235, 34.424203453069104 ], [ -119.627795842628117, 34.424182770905524 ], [ -119.627734070389764, 34.424151807102334 ], [ -119.627651789983688, 34.424093433402724 ], [ -119.627573798558444, 34.424000892596531 ], [ -119.62756342645487, 34.423923978425677 ], [ -119.62751836744421, 34.42382645596625 ], [ -119.6274769084539, 34.42376978108814 ], [ -119.627393795757257, 34.423697264739566 ], [ -119.627299125414197, 34.423662404341648 ], [ -119.627219523277205, 34.423649580654256 ], [ -119.627120999719907, 34.423627271206726 ], [ -119.626969427726991, 34.423592225209006 ], [ -119.626901190719551, 34.42358257968796 ], [ -119.626829295524317, 34.423544651747022 ], [ -119.626761163115262, 34.423513017848656 ], [ -119.626730890597102, 34.423497214152711 ], [ -119.626685624836597, 34.42344366701785 ], [ -119.626685819015975, 34.423402832641656 ], [ -119.62669739309743, 34.423362035367226 ], [ -119.626712790697695, 34.423314968731127 ], [ -119.62672812853917, 34.423280466446684 ], [ -119.626743511169494, 34.423236541117049 ], [ -119.626755204668214, 34.423170615115616 ], [ -119.626748229664855, 34.423041805485511 ], [ -119.626744885133647, 34.422947560875961 ], [ -119.626730562938846, 34.422768469036882 ], [ -119.626719480740803, 34.422705610119543 ], [ -119.626735042479439, 34.422623991674158 ], [ -119.626742808947455, 34.422586323315791 ], [ -119.626742898569148, 34.422585784727801 ], [ -119.626443136467856, 34.422607523879165 ], [ -119.625937593705146, 34.4225823644869 ], [ -119.625917222927654, 34.423112359473365 ], [ -119.625906113468915, 34.423946709010075 ], [ -119.625995359015107, 34.424048610880483 ], [ -119.626379826555805, 34.42403582548895 ], [ -119.626389692554213, 34.424127145474436 ], [ -119.626113357434178, 34.424112775971068 ], [ -119.625962667616037, 34.424301788201198 ], [ -119.626014234609926, 34.424507469685935 ], [ -119.625921479411261, 34.425844735105329 ], [ -119.625847824597258, 34.425915582247001 ], [ -119.625775253283109, 34.425925313433417 ], [ -119.625632645678223, 34.425901787225406 ], [ -119.625504298743266, 34.425890024033158 ], [ -119.625326038741576, 34.425878261386465 ], [ -119.625304647444779, 34.425948840332744 ], [ -119.625203322412958, 34.426055777049008 ], [ -119.625159984688537, 34.42619528397001 ], [ -119.625072605781895, 34.426476564458277 ], [ -119.624803208687567, 34.426811861726783 ], [ -119.624720607102802, 34.427050476147578 ], [ -119.625066465821334, 34.427251697734626 ], [ -119.625112993799036, 34.427093355133067 ], [ -119.625405879725363, 34.427087630876386 ], [ -119.625769913387288, 34.427198877554183 ], [ -119.62583150247481, 34.427371357487303 ], [ -119.626267915632951, 34.427472708502016 ], [ -119.626297681210715, 34.427553238083526 ], [ -119.626215931794007, 34.427596532919914 ], [ -119.624882976411712, 34.427337234289595 ], [ -119.62480761140209, 34.427835546425094 ], [ -119.624788099282938, 34.427892789126695 ], [ -119.624699521287027, 34.427866021752095 ], [ -119.624493895122839, 34.427842413771486 ], [ -119.624406217506788, 34.427883850456745 ], [ -119.62427456376723, 34.427882453418732 ], [ -119.624253578516061, 34.427940194927288 ], [ -119.624205301586457, 34.428029182849883 ], [ -119.624044206449497, 34.428047435439318 ], [ -119.623949872716622, 34.428101462165742 ], [ -119.623835787048193, 34.428189683182445 ], [ -119.623793003832134, 34.428219090760159 ], [ -119.623721700138759, 34.428283785766062 ], [ -119.623671787634947, 34.428407294947696 ], [ -119.623650396347031, 34.428477871612309 ], [ -119.623629005020632, 34.428548448268003 ], [ -119.623621874765391, 34.428583736597353 ], [ -119.623607614240044, 34.428654312350105 ], [ -119.623586222443919, 34.428701364030339 ], [ -119.623560486313593, 34.42878759976422 ], [ -119.623564832162401, 34.428913092169367 ], [ -119.623586223139185, 34.429013075483375 ], [ -119.623607614488407, 34.429066007092388 ], [ -119.62363613576899, 34.429124820386868 ], [ -119.623686048022307, 34.429207159527799 ], [ -119.623743090973178, 34.429271853584474 ], [ -119.623905213636192, 34.42937087716237 ], [ -119.623942052356341, 34.429425854529661 ], [ -119.623925769724877, 34.429561416817265 ], [ -119.623880088736271, 34.429625999542559 ], [ -119.623816561089683, 34.429645991514199 ], [ -119.62382847882013, 34.429662761068563 ], [ -119.623775230309818, 34.429693054273649 ], [ -119.623738852949671, 34.429731192269585 ], [ -119.623670121872848, 34.42980109693292 ], [ -119.623653609645473, 34.42987297184613 ], [ -119.623643154909516, 34.429974423756931 ], [ -119.623541124683413, 34.430058002573674 ], [ -119.62346501613149, 34.430143120959855 ], [ -119.623427465314492, 34.430218432032326 ], [ -119.623389914588941, 34.430279871081865 ], [ -119.623314142732923, 34.430357571449285 ], [ -119.623271143094726, 34.430394368233031 ], [ -119.62319143079813, 34.430469637813992 ], [ -119.623082215403684, 34.430517791630201 ], [ -119.62301515947884, 34.430559072450272 ], [ -119.62297442349238, 34.430576590575377 ], [ -119.622868476915755, 34.430596958678088 ], [ -119.622824974481432, 34.430598341909601 ], [ -119.622785244278134, 34.430601778611695 ], [ -119.622733863388959, 34.430684172707259 ], [ -119.62271491995466, 34.430748084237365 ], [ -119.622694217299923, 34.430779014003882 ], [ -119.622723218479194, 34.430850511513519 ], [ -119.622755404284931, 34.430878758046354 ], [ -119.622812652802907, 34.430955578741433 ], [ -119.622869475079, 34.430976837022733 ], [ -119.622932178686725, 34.43105616183378 ], [ -119.622941063896931, 34.431090897211675 ], [ -119.622908207097638, 34.431108045653602 ], [ -119.622887922886775, 34.431130257488761 ], [ -119.622886497571045, 34.431182266914327 ], [ -119.622892029873469, 34.431240479198976 ], [ -119.622857076889616, 34.431318766882477 ], [ -119.622815251536508, 34.431397556370214 ], [ -119.622775185579812, 34.4314214025488 ], [ -119.622594220454744, 34.431573366599892 ], [ -119.62254552131526, 34.431704711515657 ], [ -119.622462540977907, 34.431764767672981 ], [ -119.622388551347697, 34.431813813679945 ], [ -119.622317013155779, 34.431906645484062 ], [ -119.622259970476662, 34.431965456963027 ], [ -119.622217187845422, 34.432030149367094 ], [ -119.622073537720169, 34.432122506976377 ], [ -119.622053189071593, 34.432230107613861 ], [ -119.621852673418474, 34.43227648275775 ], [ -119.621863792160326, 34.432376414118828 ], [ -119.621874928995339, 34.432477114191329 ], [ -119.621867798045685, 34.432630022096383 ], [ -119.62183214693097, 34.432712357632042 ], [ -119.621747061459772, 34.432792891618121 ], [ -119.621753712075332, 34.432888790048104 ], [ -119.621676401893239, 34.433010653768463 ], [ -119.621703799392321, 34.433106389132384 ], [ -119.621746581585612, 34.433247534483911 ], [ -119.621746582098481, 34.433329868752701 ], [ -119.621746581646832, 34.433394559827676 ], [ -119.621699284802091, 34.433530709094285 ], [ -119.621760842645145, 34.433623920540732 ], [ -119.621789363876772, 34.433735659058044 ], [ -119.621896319680658, 34.433900327463867 ], [ -119.62200327604512, 34.43403559015556 ], [ -119.622081709779934, 34.434082638265231 ], [ -119.622145883176543, 34.434082638267945 ], [ -119.622252839203739, 34.43407675713653 ], [ -119.622395447556016, 34.4340532331547 ], [ -119.622449046469796, 34.434014176600336 ], [ -119.622595097946402, 34.434059114255859 ], [ -119.622659271514664, 34.43410028107111 ], [ -119.622730575474904, 34.434153210324631 ], [ -119.622809010381431, 34.434294353629362 ], [ -119.622823270442424, 34.434382567772033 ], [ -119.622922707105943, 34.434534106150274 ], [ -119.622986325573066, 34.434547517127044 ], [ -119.622947182738145, 34.434578488842213 ], [ -119.622956235509761, 34.434623290234391 ], [ -119.622957073091769, 34.434693865636483 ], [ -119.622950786721063, 34.434749521052375 ], [ -119.62293159228409, 34.434781455958557 ], [ -119.622891646689411, 34.434821356070728 ], [ -119.622891072134436, 34.434835600089464 ], [ -119.622895549893485, 34.434836064497297 ], [ -119.622963107826195, 34.434832668926802 ], [ -119.622975177896109, 34.434891720743607 ], [ -119.623009040888704, 34.434953663025311 ], [ -119.623021278478433, 34.434976712675621 ], [ -119.623059667616971, 34.435026794792478 ], [ -119.623051788876026, 34.435049593489694 ], [ -119.623044328560226, 34.435076373838506 ], [ -119.6230490226082, 34.435108182831094 ], [ -119.62308053915288, 34.435137017181738 ], [ -119.623086992277749, 34.435193049729968 ], [ -119.623068468799772, 34.435254112155093 ], [ -119.623119682604781, 34.43527167245206 ], [ -119.623125549430881, 34.435293632381082 ], [ -119.623120185404318, 34.435324729713869 ], [ -119.623119598854259, 34.435354400966695 ], [ -119.623150611392404, 34.435409344661949 ], [ -119.623130662274718, 34.435442704481005 ], [ -119.623123119031547, 34.435480633282957 ], [ -119.623097135293719, 34.435537169117758 ], [ -119.623078946438667, 34.435584065123365 ], [ -119.623079114246792, 34.43561507882557 ], [ -119.623064864151232, 34.435660675750263 ], [ -119.62304575341004, 34.435684438612462 ], [ -119.622987248087895, 34.435703088556089 ], [ -119.622976938248542, 34.435767461679362 ], [ -119.622974675621151, 34.435802079086358 ], [ -119.622976183527541, 34.43582873304242 ], [ -119.622984314709782, 34.435912929457423 ], [ -119.62297962010517, 34.435976631693073 ], [ -119.623004514633706, 34.436021600517314 ], [ -119.62301968659213, 34.436067366363694 ], [ -119.623004933717667, 34.436094565129082 ], [ -119.622977357831772, 34.436167529486298 ], [ -119.622961012809967, 34.436189909189615 ], [ -119.622941147724745, 34.436219539469569 ], [ -119.6229139907621, 34.436295228382775 ], [ -119.622927485018948, 34.436356709735961 ], [ -119.622932597591671, 34.436389314863398 ], [ -119.622933687469569, 34.436478289245059 ], [ -119.62292153445739, 34.436566508125132 ], [ -119.622945862036076, 34.436656343884685 ], [ -119.622995210630734, 34.436700744383337 ], [ -119.623051443166162, 34.436770205273362 ], [ -119.623156813803263, 34.436863813979706 ], [ -119.623137008020009, 34.436964271071268 ], [ -119.62308709511808, 34.437034840585284 ], [ -119.623051443986597, 34.437076006463805 ], [ -119.622951617448535, 34.437175979302985 ], [ -119.622921701114336, 34.43725524914192 ], [ -119.622873532790337, 34.437324882613275 ], [ -119.622869314899049, 34.43739648468037 ], [ -119.622816173231413, 34.437500545412306 ], [ -119.62276622817059, 34.437581751514763 ], [ -119.622716314809281, 34.437699365809927 ], [ -119.622653854829338, 34.437742187790398 ], [ -119.622633112799562, 34.437900907396376 ], [ -119.622562956486448, 34.43795358748433 ], [ -119.622526998033024, 34.437964358146189 ], [ -119.622399174171534, 34.43806724608622 ], [ -119.622312839695013, 34.438137528385283 ], [ -119.622251065387658, 34.438172104405858 ], [ -119.622188666193864, 34.438205106771051 ], [ -119.622153013998002, 34.438287436548038 ], [ -119.62211023214509, 34.43838152767453 ], [ -119.622074579710315, 34.4384932610688 ], [ -119.622053188495073, 34.438610874477455 ], [ -119.622057024865526, 34.438703892968348 ], [ -119.622081049405026, 34.438866092411047 ], [ -119.622038284699443, 34.438967615075633 ], [ -119.62200587995153, 34.439044542418827 ], [ -119.621860587057, 34.43925103805833 ], [ -119.621867196047887, 34.43931279038862 ], [ -119.62187735273902, 34.439407697716966 ], [ -119.621887054300387, 34.439498345729206 ], [ -119.621952670174238, 34.439558428422387 ], [ -119.621925060211424, 34.439590783089962 ], [ -119.621839276734093, 34.439675268439885 ], [ -119.621839276380484, 34.439739954602146 ], [ -119.621832146306204, 34.439810521370028 ], [ -119.621803624888102, 34.439892849225991 ], [ -119.621803624469592, 34.439963416096859 ], [ -119.621803624823471, 34.44008690856321 ], [ -119.621796494685626, 34.440157475304517 ], [ -119.621760842137775, 34.440263324983931 ], [ -119.621703799185184, 34.440369175174794 ], [ -119.621710929429682, 34.44045150267614 ], [ -119.621703799347642, 34.440498546508657 ], [ -119.621682408042446, 34.440627918352043 ], [ -119.621661017167128, 34.440692604077817 ], [ -119.621668147529078, 34.440757290302777 ], [ -119.621682408556197, 34.440851378435489 ], [ -119.621689539082567, 34.440898422497902 ], [ -119.621696668572667, 34.440939585837178 ], [ -119.621703799033767, 34.440998390426508 ], [ -119.62170379965707, 34.441063076507625 ], [ -119.621703799028239, 34.441151283641439 ], [ -119.621696668751824, 34.44121596868586 ], [ -119.621696669500153, 34.441263012608118 ], [ -119.62167430754441, 34.441358400781397 ], [ -119.621753712626528, 34.441398263718852 ], [ -119.621796494644613, 34.44143942672995 ], [ -119.621860668192667, 34.441521753262045 ], [ -119.621889189493231, 34.441574677431014 ], [ -119.621910580900874, 34.441645242718479 ], [ -119.621924841269248, 34.441745210545754 ], [ -119.621953363596404, 34.441845178582163 ], [ -119.621960493180751, 34.441921623430609 ], [ -119.622024667064991, 34.442080395462803 ], [ -119.622046058653737, 34.442180362436062 ], [ -119.62204605844444, 34.44225680805399 ], [ -119.622046058174064, 34.442356774698702 ], [ -119.622074579835243, 34.442439100516623 ], [ -119.622131623434313, 34.442544947740842 ], [ -119.62221005701808, 34.44266843551717 ], [ -119.622295621895816, 34.442791923313656 ], [ -119.622366925972884, 34.442886009142043 ], [ -119.622473881270025, 34.443009497018757 ], [ -119.622566576786326, 34.443097702221898 ], [ -119.622673532343455, 34.443156505749272 ], [ -119.622862471856209, 34.443281742942524 ], [ -119.622918826911246, 34.443332097406397 ], [ -119.623175232326815, 34.443561199255946 ], [ -119.623236485708247, 34.443665640393718 ], [ -119.623332544342503, 34.443812811662831 ], [ -119.623394524767605, 34.443738148753461 ], [ -119.623400832655804, 34.443662214202021 ], [ -119.623436485138598, 34.443597530180028 ], [ -119.623486397519954, 34.443526966364942 ], [ -119.623576579077294, 34.44340547117892 ], [ -119.623657526635327, 34.443332915977479 ], [ -119.623707439304823, 34.443297633563702 ], [ -119.623743090947841, 34.443268231837529 ], [ -119.62381439500777, 34.44319766784669 ], [ -119.623888638322256, 34.443163611488728 ], [ -119.623828656023377, 34.4430859416697 ], [ -119.623807265023544, 34.443033018061378 ], [ -119.623693178381799, 34.442950693668465 ], [ -119.623636135699243, 34.442909530527537 ], [ -119.623514919454578, 34.442827205945207 ], [ -119.623418078215067, 34.44268655531399 ], [ -119.623415093775762, 34.442627272555931 ], [ -119.623429353786193, 34.442562588414475 ], [ -119.623465006381494, 34.44246850257953 ], [ -119.623507788347339, 34.442345014092822 ], [ -119.623596612455785, 34.442156734989737 ] ], [ [ -119.630852105034279, 34.43601775184765 ], [ -119.630853840080931, 34.436081847269492 ], [ -119.631001830796819, 34.435942315491239 ], [ -119.631306060118547, 34.435769810723862 ], [ -119.631357028705963, 34.435765187130407 ], [ -119.631296070413455, 34.435744311853647 ], [ -119.631279555780864, 34.435725933392668 ], [ -119.631174485782509, 34.435711851973295 ], [ -119.630991840360394, 34.435720425318848 ], [ -119.630919733796389, 34.435756842620876 ], [ -119.63087522931994, 34.435807092816063 ], [ -119.630852105034279, 34.43601775184765 ] ], [ [ -119.631800433895094, 34.435832539989491 ], [ -119.631865377016624, 34.435947906290465 ], [ -119.631887435119822, 34.435897393430238 ], [ -119.631871179231823, 34.435824041835048 ], [ -119.63180520826694, 34.43573220601143 ], [ -119.631711053757115, 34.43575022763158 ], [ -119.631666764768482, 34.435754666509411 ], [ -119.631596634286097, 34.435766444810447 ], [ -119.631800433895094, 34.435832539989491 ] ], [ [ -119.633174428078732, 34.446281258010707 ], [ -119.633114101414392, 34.446259179375353 ], [ -119.633081288564668, 34.446335200540325 ], [ -119.633023171575616, 34.446444687358017 ], [ -119.632982246413036, 34.446573303144397 ], [ -119.632918034874834, 34.446754297308772 ], [ -119.6328713485956, 34.446882894552573 ], [ -119.632853531954453, 34.44699728000321 ], [ -119.632847437635263, 34.447068786498733 ], [ -119.632916741271103, 34.447030860822409 ], [ -119.632911359642137, 34.446949781035528 ], [ -119.63294027291326, 34.446926031988767 ], [ -119.633032551533489, 34.44690248507392 ], [ -119.633193843700141, 34.446903001742818 ], [ -119.633234189295706, 34.446898363144747 ], [ -119.633240083787314, 34.446869770702868 ], [ -119.633275337037546, 34.446722062788069 ], [ -119.6332931752749, 34.446602910409737 ], [ -119.633287949258047, 34.446488451072653 ], [ -119.633288483997887, 34.446374011068386 ], [ -119.633283170730309, 34.446362330011581 ], [ -119.6332777639131, 34.446356691538398 ], [ -119.633269190730928, 34.446342358871895 ], [ -119.633208890051435, 34.446302825754714 ], [ -119.633174428078732, 34.446281258010707 ] ], [ [ -119.631835546659246, 34.443181301877594 ], [ -119.631792429984174, 34.443163281463008 ], [ -119.631455410478154, 34.443172926168167 ], [ -119.631364620694271, 34.443186939236973 ], [ -119.631337708349307, 34.44339785587259 ], [ -119.631328682261497, 34.443480082727184 ], [ -119.631332784276026, 34.443526587341587 ], [ -119.631362924125483, 34.44354814269343 ], [ -119.631574594039094, 34.443552400347741 ], [ -119.631721495836814, 34.443549296281311 ], [ -119.631747483201337, 34.443535074587253 ], [ -119.631769218359949, 34.443506533958761 ], [ -119.631799777772571, 34.443438681561119 ], [ -119.631817343479497, 34.443377941360765 ], [ -119.63182631980348, 34.443306443020546 ], [ -119.631826554673154, 34.443256375816212 ], [ -119.631835412450258, 34.443209911968502 ], [ -119.631835546659246, 34.443181301877594 ] ], [ [ -119.631118054708779, 34.443254096006271 ], [ -119.630958227000903, 34.443250004566544 ], [ -119.630884784778814, 34.44324976789099 ], [ -119.630863167111727, 34.443253274757353 ], [ -119.630862410189152, 34.443414206715929 ], [ -119.630862258803404, 34.443446393284809 ], [ -119.63089233122038, 34.443482252902093 ], [ -119.63091821889158, 34.443489489410695 ], [ -119.631021901961446, 34.44348982349544 ], [ -119.631052142584849, 34.443489920918275 ], [ -119.631177460182357, 34.443483171475684 ], [ -119.631161104051387, 34.443286421716898 ], [ -119.631118054708779, 34.443254096006271 ] ] ] ] } },
{ "type": "Feature", "properties": { "OBJECTID": 0, "Id": 0, "Shape_Leng": 0.0, "Shape_Length": 1026.8861071177409, "Shape_Area": 52155.324529090401 }, "geometry": { "type": "MultiPolygon", "coordinates": [ [ [ [ -119.607093896600247, 34.442216991966866 ], [ -119.606669508356248, 34.442092666518377 ], [ -119.606509759768088, 34.442013779727169 ], [ -119.606190625296605, 34.441783694442968 ], [ -119.606002003259817, 34.441656499447546 ], [ -119.605871342484804, 34.441583737590655 ], [ -119.605624337114619, 34.441486470901786 ], [ -119.605566346420403, 34.441438063902041 ], [ -119.605486398127226, 34.44141368442903 ], [ -119.605443328765631, 34.441293015565378 ], [ -119.605465560129034, 34.441214754052503 ], [ -119.605487852029441, 34.441124440235654 ], [ -119.605473747668341, 34.441034001931662 ], [ -119.605467104973954, 34.440907432709935 ], [ -119.60544599452713, 34.440762735319709 ], [ -119.605294649902262, 34.4404609128121 ], [ -119.605251794594764, 34.440298062957993 ], [ -119.605223315055241, 34.440171418357203 ], [ -119.605238236206304, 34.440099157409065 ], [ -119.6053472092444, 34.440141715437441 ], [ -119.605426701794471, 34.440256483267341 ], [ -119.605462158612596, 34.440443412595023 ], [ -119.605687625872335, 34.44048034484539 ], [ -119.605767543010629, 34.440510749900398 ], [ -119.605854709794954, 34.440547206554434 ], [ -119.605985279167555, 34.440638045606931 ], [ -119.606218328597862, 34.44074182739358 ], [ -119.606693185743524, 34.440272892269071 ], [ -119.60725378859982, 34.440250712053015 ], [ -119.607652928194042, 34.440493120460708 ], [ -119.607768218193939, 34.440728530707197 ], [ -119.607823620259722, 34.441295165527819 ], [ -119.607836854207861, 34.441560354976595 ], [ -119.607835981036317, 34.441735106403925 ], [ -119.607820910325273, 34.441837496934326 ], [ -119.607093896600247, 34.442216991966866 ] ] ] ] } },
{ "type": "Feature", "properties": { "OBJECTID": 0, "Id": 0, "Shape_Leng": 0.0, "Shape_Length": 282.25867251656985, "Shape_Area": 1496.331370081502 }, "geometry": { "type": "MultiPolygon", "coordinates": [ [ [ [ -119.605676675758446, 34.449077695812008 ], [ -119.605677301164278, 34.448953228803894 ], [ -119.605666903733137, 34.448805675116326 ], [ -119.605650567486791, 34.448731859918162 ], [ -119.605628638792737, 34.448662635560375 ], [ -119.605612232025507, 34.448602649515031 ], [ -119.605601395675507, 34.44854268264536 ], [ -119.605607473563808, 34.448441284872203 ], [ -119.605607774730927, 34.448381357244891 ], [ -119.605635829681944, 34.448339963798027 ], [ -119.60570829665717, 34.448326383874345 ], [ -119.605814133024666, 34.448322138063652 ], [ -119.605875416167578, 34.448317738853461 ], [ -119.605931106867587, 34.448317930475049 ], [ -119.605942152855292, 34.448336407999982 ], [ -119.605947583262306, 34.448364086414422 ], [ -119.605897159781605, 34.448423842490605 ], [ -119.605863513580672, 34.448469825961375 ], [ -119.605807568065927, 34.448520342780697 ], [ -119.605757238098334, 34.448561659591917 ], [ -119.605695746303837, 34.448607547157458 ], [ -119.60568439922676, 34.448648997228801 ], [ -119.605689644265027, 34.448713554938962 ], [ -119.605711457222881, 34.448805828499069 ], [ -119.605727840947623, 34.448870424541347 ], [ -119.605755269645897, 34.448953497204151 ], [ -119.605754968584691, 34.449013425698986 ], [ -119.60572670610496, 34.449096307550832 ], [ -119.605715057881199, 34.449197686089192 ], [ -119.605676675758446, 34.449077695812008 ] ] ] ] } },
{ "type": "Feature", "properties": { "OBJECTID": 0, "Id": 0, "Shape_Leng": 0.0, "Shape_Length": 111.97619920697497, "Shape_Area": 579.00335481679838 }, "geometry": { "type": "MultiPolygon", "coordinates": [ [ [ [ -119.60911657617622, 34.433669104467256 ], [ -119.60901510876063, 34.433629493208826 ], [ -119.60906556315966, 34.433617743539507 ], [ -119.609181123663404, 34.433543630905426 ], [ -119.609350663366016, 34.433472682339584 ], [ -119.60937194895719, 34.433535341017375 ], [ -119.609392968718609, 34.433651644745609 ], [ -119.609320945831698, 34.433657359112104 ], [ -119.609227429687891, 34.43364213897226 ], [ -119.60911657617622, 34.433669104467256 ] ] ] ] } },
{ "type": "Feature", "properties": { "OBJECTID": 0, "Id": 0, "Shape_Leng": 0.0, "Shape_Length": 8381.5719527151268, "Shape_Area": 81863.588471917523 }, "geometry": { "type": "MultiPolygon", "coordinates": [ [ [ [ -119.577582385694157, 34.439190045704485 ], [ -119.577352569409996, 34.439081907186818 ], [ -119.577287546848268, 34.439123391071305 ], [ -119.57725096990626, 34.439230546649604 ], [ -119.577208380566134, 34.439117138792938 ], [ -119.577187390979901, 34.439003809754453 ], [ -119.577151969973841, 34.438896388355332 ], [ -119.577246626936002, 34.438700039374766 ], [ -119.577196902998253, 34.438574683230222 ], [ -119.577197416721063, 34.438479316348804 ], [ -119.577205869093902, 34.438246884261545 ], [ -119.577213999259655, 34.438074057684574 ], [ -119.577265231726599, 34.437919272131225 ], [ -119.577287665675314, 34.437764379333402 ], [ -119.577309842743091, 34.437657170441121 ], [ -119.577328824948694, 34.437582529051198 ], [ -119.577330573304621, 34.437551149285504 ], [ -119.577336922883788, 34.437441497568237 ], [ -119.577331574741223, 34.437365182181743 ], [ -119.577268067009868, 34.437189124516834 ], [ -119.576645526939501, 34.436413722040349 ], [ -119.576513517639754, 34.436327401585956 ], [ -119.576461989721793, 34.436269989447169 ], [ -119.576421877829901, 34.436231693668631 ], [ -119.576329697747568, 34.436236120536933 ], [ -119.576214273917088, 34.436278609636247 ], [ -119.576150711294062, 34.436316522714186 ], [ -119.576035519053207, 34.436316096307088 ], [ -119.575960360133308, 34.436368270838344 ], [ -119.575861981831594, 34.436453738871329 ], [ -119.575792402268618, 34.43653931439777 ], [ -119.5757458099866, 34.436634510763831 ], [ -119.575647560014701, 34.436696137053595 ], [ -119.575607140004408, 34.436715061419122 ], [ -119.575422417485726, 34.436790672406289 ], [ -119.575261069099696, 34.436804379475745 ], [ -119.575139858016058, 34.436851613870267 ], [ -119.575012757655841, 34.436922669190281 ], [ -119.574897098580593, 34.437008073122946 ], [ -119.574746546374158, 34.437155336758686 ], [ -119.574654106708365, 34.437207446223312 ], [ -119.574463390470669, 34.437325949515071 ], [ -119.574370924556732, 34.437382827406616 ], [ -119.574377226539454, 34.437282713164798 ], [ -119.574412250133335, 34.437197011037924 ], [ -119.574487462579853, 34.437135300234935 ], [ -119.574625979396941, 34.43708336206241 ], [ -119.574701269078602, 34.437007346014965 ], [ -119.574718780646734, 34.43696449489255 ], [ -119.574788387585869, 34.436874152289008 ], [ -119.574840535657486, 34.436817124357525 ], [ -119.575036932659572, 34.436712946854634 ], [ -119.575209851466013, 34.43668974549324 ], [ -119.575290666913205, 34.436656666600022 ], [ -119.57537726919864, 34.436618839441472 ], [ -119.575395038263323, 34.436528304218726 ], [ -119.57544713299383, 34.436480812423881 ], [ -119.575504883419342, 34.436452415725086 ], [ -119.575556901761075, 34.436419229887861 ], [ -119.575626301006167, 34.436367033377962 ], [ -119.575661013481877, 34.436338551222029 ], [ -119.5757361210254, 34.436295913323995 ], [ -119.575822953525474, 34.436215171385655 ], [ -119.575869416641027, 34.436143815597738 ], [ -119.575910455708879, 34.43601045024274 ], [ -119.575923005075182, 34.435819757753642 ], [ -119.575971091816371, 34.435447995324573 ], [ -119.575989194794019, 34.435295470742709 ], [ -119.575995520304858, 34.435190587529533 ], [ -119.576001537794426, 34.435142924808723 ], [ -119.576013648929418, 34.435033295130268 ], [ -119.576031828996207, 34.434866465350638 ], [ -119.576084257024107, 34.434756983992678 ], [ -119.576200168942691, 34.434623895498923 ], [ -119.576229506728325, 34.434523866140403 ], [ -119.576276072521679, 34.434433437159832 ], [ -119.576305719007422, 34.434276187216845 ], [ -119.576294766683077, 34.434171239954345 ], [ -119.576226116397308, 34.434085153375463 ], [ -119.576128590986912, 34.434013265296166 ], [ -119.576059734992683, 34.433965325347771 ], [ -119.575956193554191, 34.433941099900245 ], [ -119.575915928528786, 34.433931413238469 ], [ -119.57591605733991, 34.433907571635892 ], [ -119.575922255115984, 34.433826529891569 ], [ -119.575940048677694, 34.433731226552567 ], [ -119.575963447439989, 34.43366455392033 ], [ -119.575992347283162, 34.433645587623666 ], [ -119.576073562604918, 34.433622066050837 ], [ -119.576071198579228, 34.433620248732105 ], [ -119.576002412708277, 34.433559195750213 ], [ -119.575994102522358, 34.433498366662718 ], [ -119.5759685516405, 34.433430321464165 ], [ -119.57596469656751, 34.433344473674758 ], [ -119.575956539904297, 34.433255034265393 ], [ -119.575961149524616, 34.433201406168585 ], [ -119.5759787561514, 34.433140673025541 ], [ -119.576005349010657, 34.433015599118285 ], [ -119.57604033138179, 34.43293704826219 ], [ -119.576071012101025, 34.4328549057796 ], [ -119.576075737508106, 34.432779819469353 ], [ -119.576080481133175, 34.432701156634309 ], [ -119.576085129266531, 34.432640375472431 ], [ -119.576102851547461, 34.432558184985396 ], [ -119.576111858067307, 34.432490266773044 ], [ -119.576099149787723, 34.432443726796812 ], [ -119.576026529144841, 34.43229325116949 ], [ -119.5759540644315, 34.432114164242144 ], [ -119.575834006547268, 34.431949206407864 ], [ -119.575774210819475, 34.431823811473471 ], [ -119.575740640813919, 34.431641292722006 ], [ -119.57573263922049, 34.431523242794576 ], [ -119.575737480850108, 34.431426698183103 ], [ -119.575772481016983, 34.431344571662009 ], [ -119.575807461788045, 34.431266020742619 ], [ -119.575846858819816, 34.431169605007184 ], [ -119.57581756998249, 34.430994253400371 ], [ -119.57580941373115, 34.430904813771804 ], [ -119.575732340073571, 34.430779355576789 ], [ -119.575667935726628, 34.430707589565678 ], [ -119.57560358950704, 34.43062509394607 ], [ -119.575547920361444, 34.430535478159705 ], [ -119.575522448186689, 34.430453127470763 ], [ -119.575505596064147, 34.430374384418933 ], [ -119.575497305936835, 34.430309979480725 ], [ -119.575489130784732, 34.430224115391162 ], [ -119.575532615277325, 34.430170631263366 ], [ -119.575593240799435, 34.430142245017194 ], [ -119.575653906034262, 34.430106705693738 ], [ -119.575723364060821, 34.430042588851926 ], [ -119.575779941437915, 34.429964117860095 ], [ -119.575788831976851, 34.42991765774687 ], [ -119.575784840892695, 34.429856844422964 ], [ -119.575763533701661, 34.429803120135844 ], [ -119.575733723669529, 34.42972432905853 ], [ -119.575734148908552, 34.429645650899054 ], [ -119.575747454618963, 34.429581325045902 ], [ -119.575799827974123, 34.429481380647459 ], [ -119.575921812987687, 34.429288707891104 ], [ -119.575973992746981, 34.429224525955206 ], [ -119.575991617785462, 34.429160216943735 ], [ -119.576018905745613, 34.428906394732557 ], [ -119.576002381842571, 34.428766854245502 ], [ -119.57594276105246, 34.428609272936036 ], [ -119.575943417912825, 34.428487678131617 ], [ -119.575948220455473, 34.428398286280689 ], [ -119.57597886086424, 34.428323295612664 ], [ -119.576044153101748, 34.428230552025937 ], [ -119.576105105243755, 34.428141368028726 ], [ -119.576139987702092, 34.428080698514229 ], [ -119.576201017937009, 34.427977209230349 ], [ -119.576253370343167, 34.427880840096307 ], [ -119.576301441698618, 34.427777302781379 ], [ -119.576388561202521, 34.42764172226596 ], [ -119.576583120414469, 34.427606678542347 ], [ -119.576513626656748, 34.427677949126867 ], [ -119.576457186734459, 34.427731385831315 ], [ -119.576418081634813, 34.427774158623606 ], [ -119.576378995797924, 34.427813353967117 ], [ -119.576305143533332, 34.427891761494145 ], [ -119.576248529566598, 34.427977385069667 ], [ -119.576204893406654, 34.428059480040901 ], [ -119.576174252228441, 34.428134470785167 ], [ -119.576143689320574, 34.428195156296489 ], [ -119.576039369994717, 34.428316367365134 ], [ -119.57599999394931, 34.428409206909748 ], [ -119.576003598794983, 34.428541546407509 ], [ -119.576011869828676, 34.428609528852995 ], [ -119.576028702768326, 34.428691847596525 ], [ -119.576057470823926, 34.428963759516904 ], [ -119.576047402353453, 34.429228374373899 ], [ -119.576021042636128, 34.429310533140189 ], [ -119.575964543245362, 34.429374699095753 ], [ -119.57590370482832, 34.429442424646538 ], [ -119.575842848064354, 34.429513727591782 ], [ -119.575794947890813, 34.429585077599242 ], [ -119.575781468279473, 34.429681589486705 ], [ -119.575854472505682, 34.429760540559343 ], [ -119.57587153740225, 34.42979994363187 ], [ -119.575909832312732, 34.429907377062385 ], [ -119.575896467627558, 34.429982431582644 ], [ -119.57580518180724, 34.430089385022342 ], [ -119.575692510095379, 34.430156918385627 ], [ -119.57561877094993, 34.430213867045559 ], [ -119.575566319527724, 34.430328116481007 ], [ -119.575574629046585, 34.430388945791094 ], [ -119.575608720171701, 34.430474905913421 ], [ -119.575642850045796, 34.430553712071841 ], [ -119.575677039066647, 34.430621790453181 ], [ -119.575797325425867, 34.43074383220479 ], [ -119.575870195394529, 34.430847817033445 ], [ -119.575912712817853, 34.430973148051756 ], [ -119.575937702564175, 34.431144906223231 ], [ -119.575915680032352, 34.431223505182786 ], [ -119.575885154369601, 34.431277037398736 ], [ -119.575832702619877, 34.431391287736588 ], [ -119.575827861114391, 34.431487831454426 ], [ -119.575818699857777, 34.43158436006216 ], [ -119.575818236038927, 34.431670191107784 ], [ -119.575903581991255, 34.431863631367484 ], [ -119.575920667780451, 34.4318994578366 ], [ -119.576066679696751, 34.432057359399771 ], [ -119.576199001345955, 34.432351111417425 ], [ -119.576215873897567, 34.432426277696571 ], [ -119.576228272238012, 34.432530038305039 ], [ -119.576188797755236, 34.432640759201767 ], [ -119.576123116860202, 34.432805029160967 ], [ -119.576126992486508, 34.432887299579498 ], [ -119.576117966620572, 34.432958794280431 ], [ -119.576100282893975, 34.433033831709338 ], [ -119.576086764435459, 34.433137496329117 ], [ -119.576099201341975, 34.433234104753197 ], [ -119.576124694332805, 34.433312879474649 ], [ -119.57617980612244, 34.433506207285852 ], [ -119.576171173326941, 34.433593795774399 ], [ -119.576718962801095, 34.433476609677733 ], [ -119.576741615168217, 34.43354822057335 ], [ -119.576832686679708, 34.433748834091936 ], [ -119.576848885361457, 34.433949169948114 ], [ -119.577059801706866, 34.434355270682154 ], [ -119.5771280421162, 34.434517651090061 ], [ -119.577144755472005, 34.434622619505618 ], [ -119.577126629208962, 34.434779912148137 ], [ -119.577120355532003, 34.434875259010155 ], [ -119.577072455519115, 34.435213644115237 ], [ -119.577065590800643, 34.435418663235247 ], [ -119.577099094847242, 34.435614294765386 ], [ -119.577115191831098, 34.435833704000842 ], [ -119.577120052639685, 34.436000617970009 ], [ -119.57707914409373, 34.436110142208015 ], [ -119.577026870724509, 34.436191013654422 ], [ -119.57697459725253, 34.436271884169322 ], [ -119.57693391967571, 34.436338493002388 ], [ -119.576922272265051, 34.436362291993156 ], [ -119.576933457048298, 34.436424323647451 ], [ -119.576944642942436, 34.436486354399982 ], [ -119.577013064840585, 34.436615356557716 ], [ -119.57707004508768, 34.436730010113976 ], [ -119.577121316848164, 34.436835105925041 ], [ -119.577235765037031, 34.436973814476758 ], [ -119.577355872069276, 34.437131617019709 ], [ -119.577397666960763, 34.437273344515084 ], [ -119.577398324666831, 34.437270059633668 ], [ -119.577433649011695, 34.43739536182089 ], [ -119.577439454262588, 34.437469885645754 ], [ -119.57744711754259, 34.43756826822495 ], [ -119.577350955025707, 34.438044760293486 ], [ -119.577284969203575, 34.438265058195 ], [ -119.577282978928096, 34.438634606804975 ], [ -119.577375709595884, 34.438795884567661 ], [ -119.577504664229508, 34.438915571993753 ], [ -119.577611698855478, 34.439094784204613 ], [ -119.577740557050063, 34.439232352885419 ], [ -119.577826634116164, 34.439292276012516 ], [ -119.577912167486915, 34.439453526696397 ], [ -119.57799792445212, 34.439573054262354 ], [ -119.578039937293099, 34.439793750175532 ], [ -119.578117982978156, 34.44000861783492 ], [ -119.578066206102193, 34.440264731890778 ], [ -119.578035066492944, 34.440699738996301 ], [ -119.578063290210949, 34.440807132505199 ], [ -119.578163224379239, 34.440968435807029 ], [ -119.578319830471969, 34.441302804636251 ], [ -119.578376502240616, 34.441475869317578 ], [ -119.578375541653358, 34.441654682705483 ], [ -119.578266612151182, 34.441827137600391 ], [ -119.578208050463601, 34.442005738798954 ], [ -119.578199601742398, 34.442238170098506 ], [ -119.578220176158069, 34.442428983600884 ], [ -119.578284113141748, 34.44259015395307 ], [ -119.578362321293099, 34.442775218651654 ], [ -119.578311023765949, 34.442941925548453 ], [ -119.578388368900477, 34.443287921775401 ], [ -119.578480915261537, 34.443484960870528 ], [ -119.578523123607496, 34.443669893689517 ], [ -119.578572660861198, 34.443831010683141 ], [ -119.578586294117386, 34.443974113694644 ], [ -119.5785854299927, 34.444135045168501 ], [ -119.578613622601239, 34.444248399864478 ], [ -119.578613238570327, 34.444319924847619 ], [ -119.578410317469803, 34.444563559955427 ], [ -119.578323273433284, 34.444682450431266 ], [ -119.578279270348631, 34.444831302045571 ], [ -119.578285798536911, 34.444956497878849 ], [ -119.578313958989739, 34.445075811540256 ], [ -119.5783059265963, 34.445230756443912 ], [ -119.578261795053919, 34.445403449304926 ], [ -119.578217760501815, 34.445558261576593 ], [ -119.578188509736862, 34.445641601056614 ], [ -119.578115256017981, 34.445873791924129 ], [ -119.57799115018932, 34.446189243394677 ], [ -119.577981578577266, 34.446630287405775 ], [ -119.578001993363685, 34.446850902193191 ], [ -119.578022761885748, 34.447005952921018 ], [ -119.577985829710499, 34.447178671902861 ], [ -119.57792048021031, 34.447279759940272 ], [ -119.577891036133465, 34.447398862033779 ], [ -119.577875961944329, 34.447523977957786 ], [ -119.577803154460369, 34.447672722815895 ], [ -119.577729673207756, 34.447946635650119 ], [ -119.577620156118215, 34.448226376364559 ], [ -119.577533010561993, 34.448363147207303 ], [ -119.577453001627546, 34.448511865161827 ], [ -119.577372766611475, 34.448702305682403 ], [ -119.57729928289271, 34.44897621796175 ], [ -119.577160928177491, 34.449261812413624 ], [ -119.577052017567723, 34.449428304996381 ], [ -119.576972005551951, 34.449577021553161 ], [ -119.576841203352799, 34.449797078217834 ], [ -119.576861776447316, 34.449987890537457 ], [ -119.576925684669277, 34.450155020297366 ], [ -119.576975608290098, 34.450244612395075 ], [ -119.577162058551096, 34.450388353707439 ], [ -119.577463787887623, 34.450520598273101 ], [ -119.577592120265621, 34.450759492054814 ], [ -119.577569715289471, 34.450908422168652 ], [ -119.577489575468405, 34.45108098097424 ], [ -119.577221889655291, 34.451312452672447 ], [ -119.576636105595682, 34.45177520862984 ], [ -119.576383075161459, 34.45195904818835 ], [ -119.576216808393937, 34.452077643213514 ], [ -119.576462960958978, 34.451834173569502 ], [ -119.576694324488713, 34.45166217367133 ], [ -119.576961916656884, 34.451448584629141 ], [ -119.577251238799676, 34.451211232555224 ], [ -119.577374488860485, 34.451056713815582 ], [ -119.577418497147164, 34.450907864366251 ], [ -119.577433733190162, 34.450752946962332 ], [ -119.577391233627907, 34.450621659108755 ], [ -119.577276373559087, 34.450555669274799 ], [ -119.57719751687263, 34.45048981312798 ], [ -119.577053724607325, 34.450447558848126 ], [ -119.57686685661227, 34.45038130267104 ], [ -119.576744988939581, 34.450279523859678 ], [ -119.576709788496302, 34.450130380936486 ], [ -119.576710592235244, 34.449981371043343 ], [ -119.576718435369884, 34.449862189721664 ], [ -119.576740648778269, 34.449749022366689 ], [ -119.576784336101298, 34.449659776050062 ], [ -119.576857018808965, 34.449534873367014 ], [ -119.576973097949491, 34.449374368340152 ], [ -119.577104028633272, 34.449130471093724 ], [ -119.577270962055309, 34.448886705624318 ], [ -119.577322297777229, 34.448714040310826 ], [ -119.577315738708521, 34.448594805652924 ], [ -119.57731650917647, 34.448451756295121 ], [ -119.577367523529389, 34.448338694047962 ], [ -119.577454349507747, 34.448261528299774 ], [ -119.577505235181945, 34.448172308138957 ], [ -119.577585179507722, 34.44803551073371 ], [ -119.57766602276979, 34.447731822521447 ], [ -119.57778273893534, 34.447452107267118 ], [ -119.577885759764726, 34.447041210732699 ], [ -119.577865055619327, 34.446874240237307 ], [ -119.577858527942809, 34.446749044617661 ], [ -119.577808669666197, 34.446647531943199 ], [ -119.577787677194209, 34.446534204760887 ], [ -119.577831553916411, 34.446409194896198 ], [ -119.577861221046959, 34.446248369948975 ], [ -119.57786186225762, 34.446129161572209 ], [ -119.577877257877631, 34.445944442181485 ], [ -119.577913933263858, 34.445819405672353 ], [ -119.577986867019803, 34.44564681914359 ], [ -119.578081240561133, 34.445504113327885 ], [ -119.57811813969569, 34.445337354813645 ], [ -119.578132701532795, 34.445307605741974 ], [ -119.578126237638571, 34.445170489273913 ], [ -119.578119581522245, 34.445069135701111 ], [ -119.578163264672156, 34.444979888445495 ], [ -119.578164097637668, 34.444824916995728 ], [ -119.578179106773547, 34.444711722276061 ], [ -119.578194564353367, 34.444515081001143 ], [ -119.578159523926601, 34.444336135524487 ], [ -119.578123842859071, 34.444276399517463 ], [ -119.578146212855174, 34.444133428208758 ], [ -119.578147077880431, 34.443972496738063 ], [ -119.57814794290222, 34.443811565241617 ], [ -119.57818528959092, 34.443561359807333 ], [ -119.578201387600103, 34.443245509588877 ], [ -119.578166700118572, 34.443000999617198 ], [ -119.578181742027255, 34.442881843897837 ], [ -119.57818225458638, 34.442786476517917 ], [ -119.57821963161841, 34.442530310914677 ], [ -119.578127600744608, 34.442237904895748 ], [ -119.578158130676556, 34.441916146508227 ], [ -119.578195124062063, 34.441731505861128 ], [ -119.578239157600322, 34.441576693015762 ], [ -119.57821887055438, 34.441332235685294 ], [ -119.578147543163041, 34.441206800727066 ], [ -119.578083704800861, 34.441027748553829 ], [ -119.577976538259648, 34.44087237946929 ], [ -119.577955739399016, 34.44072328860323 ], [ -119.5779859810049, 34.440455174395296 ], [ -119.578008798818416, 34.440228756579756 ], [ -119.578024095708784, 34.440061917631731 ], [ -119.577960707263571, 34.439799419158355 ], [ -119.577939844614292, 34.439662248865609 ], [ -119.577825640245322, 34.439477049700358 ], [ -119.577732973070738, 34.43930385167625 ], [ -119.577582385694157, 34.439190045704485 ] ], [ [ -119.576737218315401, 34.434363615458942 ], [ -119.576708472670376, 34.434353972559279 ], [ -119.576656431553204, 34.434391927670475 ], [ -119.576517765378966, 34.434472479603706 ], [ -119.576459527910487, 34.434591476346547 ], [ -119.576447673684697, 34.434653422044498 ], [ -119.576447107611671, 34.434758326638701 ], [ -119.576458164226452, 34.43484420092495 ], [ -119.576469194055846, 34.434934842072906 ], [ -119.576509176670612, 34.434996980363302 ], [ -119.576525992205987, 34.435082875018232 ], [ -119.576548695219614, 34.43514494938443 ], [ -119.576582918092598, 34.435207066337078 ], [ -119.576617141019796, 34.435269183275729 ], [ -119.576616549451586, 34.435378855579764 ], [ -119.576615572068519, 34.43556005437032 ], [ -119.576649667672768, 34.435646012844288 ], [ -119.576752337349347, 34.435832363477125 ], [ -119.57684955602511, 34.435961471346623 ], [ -119.576894811062431, 34.436114230065151 ], [ -119.5769586804727, 34.436019096113384 ], [ -119.576982310332767, 34.435909508983805 ], [ -119.577017793006505, 34.435737974345905 ], [ -119.576984083520912, 34.435580490401243 ], [ -119.576898538091811, 34.435422814013371 ], [ -119.576882287572346, 34.435232014905992 ], [ -119.576894757342785, 34.43505562728955 ], [ -119.576953175480057, 34.434903252352264 ], [ -119.576965208156537, 34.434807926775967 ], [ -119.576954640371738, 34.434631453972735 ], [ -119.576937875863734, 34.434536022886952 ], [ -119.576903781519263, 34.434450063506958 ], [ -119.576846391869893, 34.434411703967577 ], [ -119.576737218315401, 34.434363615458942 ] ] ] ] } },
{ "type": "Feature", "properties": { "OBJECTID": 0, "Id": 0, "Shape_Leng": 0.0, "Shape_Length": 8856.1308945320852, "Shape_Area": 236999.79981618925 }, "geometry": { "type": "MultiPolygon", "coordinates": [ [ [ [ -119.538502949664618, 34.422071336764851 ], [ -119.538589538477893, 34.422035921241232 ], [ -119.538658641340561, 34.422036199704195 ], [ -119.538809783659786, 34.422040385246291 ], [ -119.538874609341164, 34.422033493087895 ], [ -119.538991809265426, 34.421933825684285 ], [ -119.539121943289118, 34.421837786848776 ], [ -119.539295582566254, 34.421688276145311 ], [ -119.539395336874264, 34.421617149356578 ], [ -119.539555703006442, 34.421521230719939 ], [ -119.539646316311348, 34.421535900722368 ], [ -119.539698143130963, 34.421536109095307 ], [ -119.539802467618173, 34.421422083424304 ], [ -119.539859158528643, 34.42132932421827 ], [ -119.539881088617619, 34.421272189820478 ], [ -119.539968095054789, 34.421165246739534 ], [ -119.540033423875315, 34.42107252303294 ], [ -119.540185128881561, 34.420980145308981 ], [ -119.540246117213968, 34.420890979767343 ], [ -119.540298446198435, 34.420805356052959 ], [ -119.54034639312421, 34.420730443720309 ], [ -119.540433398327167, 34.420623500228139 ], [ -119.540533172271296, 34.420548795824899 ], [ -119.540654497574337, 34.420481331069503 ], [ -119.540728524916886, 34.420377911897326 ], [ -119.540720263292471, 34.420313502899631 ], [ -119.540747118273273, 34.420152671865822 ], [ -119.54074378244816, 34.419984567325507 ], [ -119.540818708649951, 34.419727365201211 ], [ -119.540849692963036, 34.4195987385649 ], [ -119.540906444057583, 34.419495249905417 ], [ -119.541084225480716, 34.419374364103767 ], [ -119.541274754536161, 34.419289293692486 ], [ -119.54145664399887, 34.419204188356545 ], [ -119.541586374813164, 34.419176096545065 ], [ -119.541703379142689, 34.419108612395675 ], [ -119.541760190290503, 34.418994394485907 ], [ -119.5417994142541, 34.418933752171242 ], [ -119.54190327314798, 34.418898403166367 ], [ -119.542002855732761, 34.418855884577326 ], [ -119.542141285307196, 34.418817097903499 ], [ -119.542383428386771, 34.418767995728501 ], [ -119.542504603468245, 34.418725563003115 ], [ -119.542768276458943, 34.418687275969553 ], [ -119.542889492855593, 34.418637689714878 ], [ -119.543157963012831, 34.418517163561134 ], [ -119.543266659885646, 34.418392421944162 ], [ -119.543375190004895, 34.418296291792501 ], [ -119.54354054964638, 34.418082365174001 ], [ -119.543685021336898, 34.417746757194891 ], [ -119.543768115371165, 34.417568266879492 ], [ -119.543781508656352, 34.41749321518617 ], [ -119.543781965854691, 34.417414535290987 ], [ -119.543735124684133, 34.417299903134456 ], [ -119.543675474524505, 34.417160185161201 ], [ -119.543641133112189, 34.417124283602782 ], [ -119.543585343702077, 34.417063261796784 ], [ -119.543520916528408, 34.417002205519388 ], [ -119.543447853787811, 34.416941114764676 ], [ -119.543262608746332, 34.416861695026746 ], [ -119.54314206127232, 34.416796837969713 ], [ -119.543094805150403, 34.416753732298702 ], [ -119.543051827450782, 34.416717796080157 ], [ -119.542866708278055, 34.41661691718614 ], [ -119.542711570818781, 34.416559074836336 ], [ -119.542699073483263, 34.416480343122956 ], [ -119.5432554064936, 34.416614891920993 ], [ -119.543376994865426, 34.416500931354236 ], [ -119.543412271804982, 34.416375897404102 ], [ -119.543438848480307, 34.416261556882141 ], [ -119.543564774621188, 34.416144036726557 ], [ -119.543677183632553, 34.416123026725046 ], [ -119.543759361547615, 34.416101895240047 ], [ -119.544018499627697, 34.416099351002188 ], [ -119.544424428158621, 34.416104543705067 ], [ -119.545210229285658, 34.416139856042705 ], [ -119.546285606022792, 34.416136970509257 ], [ -119.546552429839693, 34.416181352067589 ], [ -119.546624372409312, 34.416187598076256 ], [ -119.546725036533346, 34.416205879026066 ], [ -119.546746612651646, 34.416208944540664 ], [ -119.546886933760803, 34.416215461078473 ], [ -119.546980520221567, 34.416212850447373 ], [ -119.547189529250304, 34.41616599224178 ], [ -119.547340852082186, 34.416136787034453 ], [ -119.547679469778743, 34.416081498238526 ], [ -119.547848821357874, 34.416046402502836 ], [ -119.548007324672938, 34.416020205764681 ], [ -119.548126378180555, 34.415970009665735 ], [ -119.548252869723086, 34.41587811699587 ], [ -119.54836854613005, 34.415789162508304 ], [ -119.548434027452984, 34.415667226197577 ], [ -119.548517451806248, 34.415554301777966 ], [ -119.54861508249185, 34.41547421702959 ], [ -119.548975614831662, 34.415362383597056 ], [ -119.549163044442921, 34.415312455750332 ], [ -119.549235414191031, 34.41524419225383 ], [ -119.549289960329006, 34.415146055795219 ], [ -119.549358919502993, 34.415044995040859 ], [ -119.549445820619383, 34.414952945132725 ], [ -119.549485680641538, 34.414905415974047 ], [ -119.54958312145915, 34.414858114258564 ], [ -119.549806195576394, 34.414867932880554 ], [ -119.549924836164521, 34.414889261828819 ], [ -119.550082909501, 34.414937568285524 ], [ -119.550165494022821, 34.414970677457532 ], [ -119.550208474027002, 34.415006610167076 ], [ -119.550255087770751, 34.415036596945399 ], [ -119.550330115988771, 34.415132263694368 ], [ -119.550466120317608, 34.415263933658963 ], [ -119.550620476846746, 34.415333088114359 ], [ -119.550746366491182, 34.415345503470839 ], [ -119.550922776792646, 34.415334274324209 ], [ -119.55120384141172, 34.415272789122277 ], [ -119.551513475383075, 34.415250159072109 ], [ -119.551660924064564, 34.415268618966898 ], [ -119.551761656240544, 34.415274974496533 ], [ -119.551988568386491, 34.415243078069246 ], [ -119.552222660306683, 34.415214190269033 ], [ -119.552384811022449, 34.415179060544745 ], [ -119.552460521502553, 34.415155513084848 ], [ -119.552547011465222, 34.415134988700927 ], [ -119.552730906610549, 34.415073119921736 ], [ -119.552972093970183, 34.415062140673705 ], [ -119.553209631910349, 34.415060087858052 ], [ -119.553443553327867, 34.415061000536852 ], [ -119.553569799939993, 34.415010825904858 ], [ -119.553742812797097, 34.414963815333465 ], [ -119.553951881106315, 34.414905022804561 ], [ -119.554096188252132, 34.414842996673826 ], [ -119.554225795653821, 34.414834561129894 ], [ -119.554491733803545, 34.414901163812665 ], [ -119.554685764109905, 34.414955564911388 ], [ -119.554984650008208, 34.414923943384565 ], [ -119.555211897497585, 34.414832435480925 ], [ -119.555403308494377, 34.414713964399276 ], [ -119.555742892452088, 34.414485794647248 ], [ -119.555782917043643, 34.414408460271119 ], [ -119.555761880674012, 34.414310026477679 ], [ -119.555747755636432, 34.414262286528363 ], [ -119.555730183962169, 34.414187708730665 ], [ -119.5557276468666, 34.413999935691542 ], [ -119.55571387606085, 34.413889608754815 ], [ -119.555649824332562, 34.413761205168555 ], [ -119.555582240798984, 34.413620865625241 ], [ -119.555557522140603, 34.413537318811905 ], [ -119.555446535567498, 34.41343555553037 ], [ -119.555342644799438, 34.413351702085336 ], [ -119.555274775192984, 34.413262027377186 ], [ -119.555142365740991, 34.413130376849381 ], [ -119.555092389311881, 34.413058653039826 ], [ -119.555078248019655, 34.413013892982399 ], [ -119.555063988522264, 34.412989994962537 ], [ -119.555057094684088, 34.412936320964889 ], [ -119.555082775243264, 34.412849990662835 ], [ -119.555169093137792, 34.412859266398634 ], [ -119.555198001566978, 34.412838516220248 ], [ -119.555166085735294, 34.41275494219137 ], [ -119.555148430520561, 34.412695266169621 ], [ -119.555156015612098, 34.412626747019303 ], [ -119.555274856832867, 34.412612307345135 ], [ -119.555690281016837, 34.412971564885851 ], [ -119.555937916618788, 34.413091739612071 ], [ -119.556109678081313, 34.413265267700972 ], [ -119.55625651774919, 34.413391011921497 ], [ -119.556342465881471, 34.413465854702302 ], [ -119.556414137342543, 34.41351977870552 ], [ -119.556457169915717, 34.413546769023029 ], [ -119.556568680830082, 34.413556142199312 ], [ -119.556891389257004, 34.413766017473989 ], [ -119.557278288308822, 34.414080452426944 ], [ -119.557548160821128, 34.414087455946941 ], [ -119.557681314668827, 34.414087970485546 ], [ -119.557760538083258, 34.414079336262127 ], [ -119.557829165435137, 34.414034895398487 ], [ -119.557832798514909, 34.41402894923818 ], [ -119.557815022406885, 34.413990135722706 ], [ -119.557525052300434, 34.413717801303449 ], [ -119.557116712785501, 34.413376460536526 ], [ -119.557016554308873, 34.413268780459987 ], [ -119.556196103170976, 34.41261886255927 ], [ -119.556052947658202, 34.412478230137509 ], [ -119.556006401717895, 34.412436324602872 ], [ -119.556107113764256, 34.412445656362934 ], [ -119.556218099794279, 34.412547419104563 ], [ -119.556339932810573, 34.412640282561725 ], [ -119.556458521299334, 34.412670545793453 ], [ -119.556501554510447, 34.412697536121478 ], [ -119.556505186545806, 34.412691589090073 ], [ -119.556591487599917, 34.412703844691237 ], [ -119.556638085581739, 34.412736809875689 ], [ -119.556688315632528, 34.412763827102268 ], [ -119.556766848031813, 34.412877385798673 ], [ -119.556881400268665, 34.412985121854 ], [ -119.556942073617392, 34.413074767777793 ], [ -119.557035455312658, 34.413107913838239 ], [ -119.55709996377486, 34.41315584861529 ], [ -119.557160839213452, 34.413209731299901 ], [ -119.557210935284658, 34.413260591256957 ], [ -119.557275442886194, 34.413308526824828 ], [ -119.557332905002028, 34.413329611521874 ], [ -119.557383135671188, 34.413356628427699 ], [ -119.557447643456854, 34.413404563893764 ], [ -119.557487062215799, 34.413434519954144 ], [ -119.557533744985662, 34.413452582782462 ], [ -119.557609183578592, 34.413476716912484 ], [ -119.557662861720104, 34.413530571497631 ], [ -119.557709259182857, 34.413599299315301 ], [ -119.557744944347547, 34.413653083437424 ], [ -119.55790936208362, 34.41385340301246 ], [ -119.557999263052935, 34.413865671434074 ], [ -119.558068327316192, 34.413743743276747 ], [ -119.558196832805862, 34.413291223868008 ], [ -119.558251668215931, 34.413139436027691 ], [ -119.558284442585332, 34.413071013906702 ], [ -119.558266666465855, 34.413032201325308 ], [ -119.558331510913987, 34.413020529316967 ], [ -119.558432257504961, 34.413023898956993 ], [ -119.558489535377632, 34.41307776616145 ], [ -119.558391431628266, 34.4132442886173 ], [ -119.558344078209828, 34.413345438297625 ], [ -119.558321999468589, 34.413431784072749 ], [ -119.558321915644868, 34.413446685140229 ], [ -119.55823407079636, 34.413708618206115 ], [ -119.558175383886621, 34.413905096143324 ], [ -119.558167934391193, 34.413949772445193 ], [ -119.558156904315496, 34.413991455730056 ], [ -119.558170963680695, 34.414051117323055 ], [ -119.558357427675944, 34.414171051458752 ], [ -119.558554388115709, 34.414344671970177 ], [ -119.558625877606403, 34.414431377579156 ], [ -119.558815857913856, 34.414566226748207 ], [ -119.55893056719276, 34.414647138505991 ], [ -119.55912766288391, 34.414796915908084 ], [ -119.559123796659165, 34.41484458702439 ], [ -119.559091423957767, 34.414841481357165 ], [ -119.558973116857118, 34.414760555917915 ], [ -119.558611146559954, 34.414490928088362 ], [ -119.558406955221614, 34.414323240901957 ], [ -119.558184805053997, 34.414149522019599 ], [ -119.558087907067943, 34.414101462884567 ], [ -119.558012132189546, 34.41413693421547 ], [ -119.557958116716549, 34.414142686754388 ], [ -119.557896837246489, 34.414160332500927 ], [ -119.557781644044482, 34.414165847784751 ], [ -119.55768440941003, 34.414177393432034 ], [ -119.557375701274594, 34.414158094419911 ], [ -119.557432346127698, 34.414203242841701 ], [ -119.557575658401959, 34.414317050318445 ], [ -119.557675869348074, 34.414415789702559 ], [ -119.557761803169825, 34.414493611371206 ], [ -119.557775576959202, 34.414603937995004 ], [ -119.557775308378012, 34.414651622975029 ], [ -119.557792816045307, 34.414738121447101 ], [ -119.558017912267289, 34.41502808501415 ], [ -119.558168440620918, 34.415138939411783 ], [ -119.55832948091971, 34.415300501131611 ], [ -119.558626875553983, 34.415534115977508 ], [ -119.558658812950625, 34.41561470878294 ], [ -119.55862625565068, 34.415644386885909 ], [ -119.558532635654856, 34.415652967087453 ], [ -119.558485851876981, 34.415652786673057 ], [ -119.558298813015512, 34.415634182844997 ], [ -119.558112345635109, 34.415514248788874 ], [ -119.557979508162504, 34.415457108830125 ], [ -119.557914460278852, 34.415504543639557 ], [ -119.557820991435989, 34.415486300313241 ], [ -119.557648298900233, 34.415476692004226 ], [ -119.557464793039856, 34.415470022629457 ], [ -119.557206383585822, 34.415343847872236 ], [ -119.557116884520639, 34.415260051876487 ], [ -119.557020204419075, 34.415173247023084 ], [ -119.556808362451989, 34.415085997220494 ], [ -119.55625450103004, 34.415021263484007 ], [ -119.556049740385191, 34.414954902166038 ], [ -119.555942046229944, 34.414906798484459 ], [ -119.555877369545698, 34.41488866523158 ], [ -119.555837833740526, 34.414879570667303 ], [ -119.555722756294529, 34.414864222769758 ], [ -119.555625504714172, 34.414878746693212 ], [ -119.55558581711675, 34.414896475002301 ], [ -119.555499446319743, 34.414896139685091 ], [ -119.555420204953194, 34.414907753266462 ], [ -119.55535165878095, 34.414937290698994 ], [ -119.5552721989811, 34.414987648153776 ], [ -119.555142355022014, 34.415037810681319 ], [ -119.555023442543359, 34.415064171196008 ], [ -119.554922625898087, 34.415072720476964 ], [ -119.554793001274987, 34.415084137736798 ], [ -119.554656281088981, 34.415077645785431 ], [ -119.554472911712296, 34.415047128685693 ], [ -119.554325867711498, 34.414957145422974 ], [ -119.554236016829009, 34.41493593314442 ], [ -119.554203576591604, 34.414944748010335 ], [ -119.554145996754229, 34.414944523780413 ], [ -119.554095528136955, 34.41495922859098 ], [ -119.554030479407473, 34.415006661221355 ], [ -119.553954651027794, 34.415051070819068 ], [ -119.553900549963984, 34.415071722478615 ], [ -119.553731084614014, 34.415127689195678 ], [ -119.553601291366903, 34.415168908088148 ], [ -119.553468032924428, 34.415186270766903 ], [ -119.553388724242211, 34.415209803953346 ], [ -119.553248421342587, 34.415200316251877 ], [ -119.553100887599598, 34.41519675943799 ], [ -119.552938907950434, 34.415202088105978 ], [ -119.55279125429648, 34.415219393782785 ], [ -119.552657911776677, 34.41525165655856 ], [ -119.552513891512234, 34.415263014986685 ], [ -119.552394961904056, 34.415292353697474 ], [ -119.552178897325675, 34.415315351278956 ], [ -119.552005864655229, 34.415365341295214 ], [ -119.551861793054826, 34.415385639882523 ], [ -119.551800460209606, 34.415412222423342 ], [ -119.551699693818151, 34.415411827882679 ], [ -119.551584616401115, 34.415396475833617 ], [ -119.551491133222612, 34.415381207368242 ], [ -119.551221187576303, 34.415386110581601 ], [ -119.550997908371855, 34.415412058647185 ], [ -119.55078528807708, 34.415461890648189 ], [ -119.55069524996803, 34.415473458592388 ], [ -119.550562179120575, 34.415458033996401 ], [ -119.550393444424188, 34.415385842912734 ], [ -119.550296788670082, 34.415296052365946 ], [ -119.550232504548859, 34.41520936990576 ], [ -119.550114307401259, 34.415110553372884 ], [ -119.549945676365752, 34.415020479638024 ], [ -119.54978758586401, 34.414975152122182 ], [ -119.549694086439999, 34.414962863111583 ], [ -119.549611262773851, 34.414971478489775 ], [ -119.54952448153243, 34.415042665628256 ], [ -119.549509760566835, 34.415099234902812 ], [ -119.549401129485616, 34.415215041875257 ], [ -119.549346617648325, 34.415307218327364 ], [ -119.549288608759596, 34.415381498614963 ], [ -119.549216307375417, 34.415437841130732 ], [ -119.549144091460462, 34.415479281666357 ], [ -119.54905042036043, 34.415496795098022 ], [ -119.548927974048183, 34.415511214086543 ], [ -119.54883430286192, 34.415528727340842 ], [ -119.548780251506514, 34.415540435592902 ], [ -119.548675645538381, 34.415581748165543 ], [ -119.548592359550071, 34.415670830698168 ], [ -119.548534315402478, 34.415751071527595 ], [ -119.548476322550044, 34.415822372247092 ], [ -119.54842556199111, 34.415887739473362 ], [ -119.548378417002368, 34.415950140844053 ], [ -119.548309678662989, 34.416012457900194 ], [ -119.548222912238415, 34.41608066395429 ], [ -119.548168689987676, 34.416122174857236 ], [ -119.548125366165792, 34.416145846399118 ], [ -119.547768651796616, 34.416218947377168 ], [ -119.547591998633266, 34.416271895584615 ], [ -119.547429878959903, 34.416301058440247 ], [ -119.547166663932458, 34.416386448373878 ], [ -119.547076227707677, 34.416466560287155 ], [ -119.546870628227524, 34.416546216369753 ], [ -119.546639905185799, 34.416613851330759 ], [ -119.546416486656895, 34.416656070904033 ], [ -119.54603167296726, 34.416733227424054 ], [ -119.546035888483004, 34.416751126481579 ], [ -119.546022600877677, 34.416808296563588 ], [ -119.545948770020686, 34.416879532234198 ], [ -119.545857829922085, 34.416922088603926 ], [ -119.545818693941285, 34.416968427072959 ], [ -119.545814168125787, 34.417004173793963 ], [ -119.54586152823839, 34.417029396400878 ], [ -119.545930647405015, 34.417026093910678 ], [ -119.54613794393164, 34.417026915890837 ], [ -119.546280439151218, 34.41703105734819 ], [ -119.546319141993337, 34.417059822101997 ], [ -119.546401010240913, 34.417092334519964 ], [ -119.546439713157412, 34.417121099231323 ], [ -119.546400658981725, 34.417153132526039 ], [ -119.546310008143124, 34.417145620034518 ], [ -119.546171831647442, 34.417141495734903 ], [ -119.545977264117042, 34.417180065614176 ], [ -119.545886530545232, 34.417186858146515 ], [ -119.545709465060682, 34.417186155675751 ], [ -119.545493489925249, 34.417192451762503 ], [ -119.545320348762871, 34.417259716057174 ], [ -119.545259370102301, 34.417348884628545 ], [ -119.545081744749965, 34.417444743012389 ], [ -119.544899862204886, 34.417529854252344 ], [ -119.544783092164366, 34.41755800138354 ], [ -119.544545377011815, 34.417589243959462 ], [ -119.544029271731603, 34.417962713946643 ], [ -119.543843130198582, 34.418037077478822 ], [ -119.543664961097505, 34.418225917879418 ], [ -119.54353435928418, 34.418404218603015 ], [ -119.543116950454831, 34.418885371516865 ], [ -119.542800118955029, 34.419152337685013 ], [ -119.542344792281213, 34.419468820539358 ], [ -119.542249257090049, 34.419557849192472 ], [ -119.542179155347441, 34.419729236750229 ], [ -119.542043936511604, 34.419957587295777 ], [ -119.541774562143274, 34.420231893461278 ], [ -119.541578752714699, 34.420481458850581 ], [ -119.541430846105101, 34.420663264154356 ], [ -119.541256879889204, 34.420869999466802 ], [ -119.540992257897088, 34.421069217799612 ], [ -119.54086604810368, 34.4212332269922 ], [ -119.540623540719707, 34.421343123571837 ], [ -119.540449340593142, 34.421589196846682 ], [ -119.540318684003324, 34.421774645498729 ], [ -119.54023171925472, 34.421874436587736 ], [ -119.539978916166447, 34.422266826188725 ], [ -119.539870250630315, 34.422384411112162 ], [ -119.539792300455105, 34.422419862314136 ], [ -119.539576268501023, 34.422433299395003 ], [ -119.539433491075471, 34.42247564199819 ], [ -119.539190914878617, 34.422596263238944 ], [ -119.538987356998007, 34.422692007370145 ], [ -119.538892087153528, 34.422734540568833 ], [ -119.538736352174055, 34.422776830108994 ], [ -119.538601853746101, 34.422880004093109 ], [ -119.538540694914587, 34.422997779128593 ], [ -119.538518532112491, 34.42309425333876 ], [ -119.538513413977753, 34.423230135528691 ], [ -119.538508337864144, 34.423358866419044 ], [ -119.538510638900135, 34.423702210143482 ], [ -119.538518772927318, 34.42378807742331 ], [ -119.538487950249404, 34.42388809237201 ], [ -119.538448405859327, 34.424002377740599 ], [ -119.538344033911542, 34.424123554962698 ], [ -119.538287276093229, 34.424227041875014 ], [ -119.538265050618094, 34.424334244635951 ], [ -119.538303437541472, 34.424416656350623 ], [ -119.538337653516493, 34.424474016673287 ], [ -119.538393065589602, 34.424599414653791 ], [ -119.538478690084219, 34.424728510096081 ], [ -119.53853844294207, 34.424850348848523 ], [ -119.538598174969607, 34.424975763189821 ], [ -119.538665977384085, 34.425197773334204 ], [ -119.538790349172913, 34.425348483388532 ], [ -119.538940005479944, 34.425606587348113 ], [ -119.53895663087151, 34.425717522246018 ], [ -119.538887671813399, 34.425692210032452 ], [ -119.538831669919091, 34.425666949063256 ], [ -119.538801499320911, 34.425656098588618 ], [ -119.538732729492239, 34.42559859927912 ], [ -119.53868551361596, 34.425548339102583 ], [ -119.53862546573508, 34.425476569287618 ], [ -119.538573951630454, 34.425422716020798 ], [ -119.5384756834668, 34.42523992318818 ], [ -119.538419788251773, 34.425196781137373 ], [ -119.538385740137485, 34.425110810399879 ], [ -119.538334414636552, 34.425024769982542 ], [ -119.538331126925542, 34.424849513119256 ], [ -119.538310204291506, 34.424734983180066 ], [ -119.538173024733268, 34.424559186292406 ], [ -119.538091782296988, 34.424419379308389 ], [ -119.537941773200146, 34.424222071487122 ], [ -119.537920851296107, 34.424107542306416 ], [ -119.537960417557059, 34.423989680592818 ], [ -119.537999773234574, 34.423907581545308 ], [ -119.538052338165969, 34.423782619878047 ], [ -119.53810972722502, 34.423571843124627 ], [ -119.53816206032657, 34.423486220615224 ], [ -119.538236135860259, 34.423375650280988 ], [ -119.538254042917828, 34.423268430910127 ], [ -119.538228738442925, 34.42316461298384 ], [ -119.538203391963179, 34.423067947225441 ], [ -119.538156430414858, 34.422974771793804 ], [ -119.538040554781105, 34.422849129551103 ], [ -119.53799824845818, 34.422698749458796 ], [ -119.537981414590718, 34.422623576827675 ], [ -119.538033641974607, 34.422555836117382 ], [ -119.538103271335558, 34.422466706707006 ], [ -119.538151559089357, 34.422334574304109 ], [ -119.538312222652678, 34.422188589442605 ], [ -119.538407617229211, 34.422124598323947 ], [ -119.538502949664618, 34.422071336764851 ] ] ] ] } },
{ "type": "Feature", "properties": { "OBJECTID": 0, "Id": 0, "Shape_Leng": 0.0, "Shape_Length": 2210.6594836972604, "Shape_Area": 39971.484893457222 }, "geometry": { "type": "MultiPolygon", "coordinates": [ [ [ [ -119.52944452300413, 34.427666757683198 ], [ -119.529501827388742, 34.427714678629343 ], [ -119.529422640700531, 34.427714353220473 ], [ -119.529321858633054, 34.427713938988624 ], [ -119.529149124819966, 34.427707267794986 ], [ -119.528983553365649, 34.427706586824982 ], [ -119.528911637410701, 34.427694369829794 ], [ -119.528803870857729, 34.427658162079723 ], [ -119.528768199156673, 34.427604369689362 ], [ -119.528761430441691, 34.427532814073501 ], [ -119.528747533057071, 34.427449307067832 ], [ -119.528740943286977, 34.427347948861872 ], [ -119.52872719017175, 34.4272406010395 ], [ -119.528569139921672, 34.427186303906886 ], [ -119.52842531020471, 34.427161869342363 ], [ -119.528266973773668, 34.427155256103411 ], [ -119.528058283621391, 34.427142474990738 ], [ -119.527906932403965, 34.427171654390669 ], [ -119.527799023612971, 34.427159288283185 ], [ -119.52772746693752, 34.427087465370178 ], [ -119.527727968971234, 34.427004017589539 ], [ -119.527721451184959, 34.426890738419701 ], [ -119.527750962595618, 34.42677164681362 ], [ -119.527831044609613, 34.426622960397964 ], [ -119.527896477255155, 34.426515938002773 ], [ -119.527911305545842, 34.426444471300982 ], [ -119.527897516792223, 34.426343083258658 ], [ -119.527775355538637, 34.42630681513026 ], [ -119.527681809113659, 34.426300469158988 ], [ -119.527595390026818, 34.426306072774906 ], [ -119.527559576278151, 34.426276122563188 ], [ -119.527502311095773, 34.426222239698504 ], [ -119.52738738405057, 34.426180040873099 ], [ -119.527315505634974, 34.426161861974201 ], [ -119.527272564810502, 34.426119960183101 ], [ -119.527338214213714, 34.425977175459224 ], [ -119.527389501239924, 34.425828370364236 ], [ -119.52749791040182, 34.42575728989204 ], [ -119.527541353371987, 34.425715743727025 ], [ -119.5275704700354, 34.425662218169002 ], [ -119.527628560868891, 34.42557900876966 ], [ -119.527686865663398, 34.425460035810616 ], [ -119.527803046666662, 34.425293615922953 ], [ -119.527789223487332, 34.425198188644686 ], [ -119.527689591138568, 34.425007035331937 ], [ -119.527690595247961, 34.424840141220969 ], [ -119.52762606037038, 34.424798150427151 ], [ -119.527503794019367, 34.424779763725198 ], [ -119.527381563612252, 34.424755416001425 ], [ -119.527288090849979, 34.424737148817577 ], [ -119.52718025730681, 34.424712860314429 ], [ -119.526978915302365, 34.424676265163306 ], [ -119.526885443821698, 34.424657996752664 ], [ -119.526864027816075, 34.424628104860496 ], [ -119.526857224084011, 34.424562508906774 ], [ -119.526857619247394, 34.424496943597809 ], [ -119.526778652487621, 34.424460852810981 ], [ -119.526764363598389, 34.4244429115315 ], [ -119.526671214800089, 34.424370998504848 ], [ -119.526642600079114, 34.424341076802691 ], [ -119.526607147027306, 34.424251520001491 ], [ -119.526556902009247, 34.424227469883611 ], [ -119.526485025573635, 34.424209290427996 ], [ -119.52639875253692, 34.42419105137845 ], [ -119.52616091644704, 34.424237752998323 ], [ -119.526088968129926, 34.424231494180852 ], [ -119.525873196326728, 34.424200797475834 ], [ -119.525628881376363, 34.42412825750985 ], [ -119.525499706983879, 34.424062155283259 ], [ -119.525449605464985, 34.424014261992504 ], [ -119.525421136557938, 34.423960498200714 ], [ -119.525457705066827, 34.423865278457768 ], [ -119.525544986188663, 34.423716623042466 ], [ -119.52563237503152, 34.42355008574696 ], [ -119.525575400236704, 34.423448518187392 ], [ -119.525525912572363, 34.423299295933035 ], [ -119.525512308668894, 34.423168104594005 ], [ -119.525520263960885, 34.423042963631069 ], [ -119.525586381150958, 34.422822692253249 ], [ -119.5258522860494, 34.422895321831177 ], [ -119.525793223203138, 34.423139464956051 ], [ -119.525857972818798, 34.423145694160013 ], [ -119.525937189791335, 34.423140061130823 ], [ -119.526002083371026, 34.42312244845467 ], [ -119.526102859526503, 34.423122865610353 ], [ -119.526203491792273, 34.423147124476415 ], [ -119.526678078914713, 34.423232536660613 ], [ -119.527016005569863, 34.42329950106167 ], [ -119.527195712899044, 34.423341967923108 ], [ -119.527238471600754, 34.423413672547404 ], [ -119.527266799068428, 34.423491278614293 ], [ -119.527309665585861, 34.423545101408017 ], [ -119.527359659193735, 34.423610875695481 ], [ -119.527337813734476, 34.423652510133195 ], [ -119.527308481229696, 34.42374179931533 ], [ -119.527199177230315, 34.423961893143343 ], [ -119.527119133728633, 34.424104618620397 ], [ -119.527010511029118, 34.424211462414156 ], [ -119.526995827080754, 34.424259087389565 ], [ -119.527088472264921, 34.424414447254186 ], [ -119.527325231678802, 34.424546559686704 ], [ -119.527576962525828, 34.42458336305247 ], [ -119.527857128553407, 34.424679889912923 ], [ -119.527899817986949, 34.424763515080599 ], [ -119.527942004631299, 34.424930588181432 ], [ -119.527955434783181, 34.425091581650619 ], [ -119.527947519004002, 34.425210762540118 ], [ -119.527946909693895, 34.42531209133228 ], [ -119.527924740394312, 34.425407370190413 ], [ -119.527888102467671, 34.425514511447567 ], [ -119.52785869928492, 34.425615721480931 ], [ -119.527793588931175, 34.425669099579821 ], [ -119.5276708191046, 34.425734160064387 ], [ -119.52756928630069, 34.425858915664719 ], [ -119.527518286594386, 34.425960036468382 ], [ -119.527496008961094, 34.426073196930993 ], [ -119.527524623550391, 34.426103118363827 ], [ -119.527646784371242, 34.426139386767083 ], [ -119.527754404880184, 34.426199437389315 ], [ -119.52799152918773, 34.42627194299375 ], [ -119.528013017744726, 34.426289913763064 ], [ -119.528055062115683, 34.426480828290657 ], [ -119.527996792961915, 34.426593840436141 ], [ -119.527952847960549, 34.426718833648906 ], [ -119.527901848189543, 34.426819954536946 ], [ -119.52782921618514, 34.426926947216117 ], [ -119.527821407587041, 34.427028246147437 ], [ -119.527842681211766, 34.427081979496883 ], [ -119.527914488902795, 34.4271120789017 ], [ -119.528029847631856, 34.42708275113754 ], [ -119.52826013391757, 34.427095621279889 ], [ -119.528519107221939, 34.427126491258917 ], [ -119.528677335165057, 34.427150985875741 ], [ -119.528806411070619, 34.427234966048154 ], [ -119.528841617555756, 34.427366245332358 ], [ -119.528768664304735, 34.427526882822079 ], [ -119.528854583818287, 34.427604725169026 ], [ -119.529055826930758, 34.427659198637478 ], [ -119.52944452300413, 34.427666757683198 ] ] ] ] } },
{ "type": "Feature", "properties": { "OBJECTID": 0, "Id": 0, "Shape_Leng": 0.0, "Shape_Length": 1294.0089868703319, "Shape_Area": 5131.681422022165 }, "geometry": { "type": "MultiPolygon", "coordinates": [ [ [ [ -119.519491082308477, 34.423232403788965 ], [ -119.519511499355474, 34.423189572609409 ], [ -119.519607305475688, 34.423061224026753 ], [ -119.519645218246708, 34.422982701712471 ], [ -119.519648564573643, 34.422906418786866 ], [ -119.519622985742345, 34.422851473390239 ], [ -119.519588477754198, 34.422844176240964 ], [ -119.519628992741119, 34.422810966135735 ], [ -119.519649235632514, 34.422796745437495 ], [ -119.519718659995149, 34.422744582111235 ], [ -119.519793784903612, 34.422701980335617 ], [ -119.51986325282887, 34.422642664736479 ], [ -119.519950258891683, 34.422540505737352 ], [ -119.520011293284199, 34.422447774573556 ], [ -119.520069519838756, 34.422343111290267 ], [ -119.520072792850598, 34.422278749209653 ], [ -119.520093224996089, 34.422233533528711 ], [ -119.520110865092633, 34.422174000504533 ], [ -119.520131515788421, 34.422093022088809 ], [ -119.520166752119167, 34.421981108191169 ], [ -119.520190296738733, 34.421897757454396 ], [ -119.520187869003863, 34.421823834659016 ], [ -119.520193948494736, 34.421771405520559 ], [ -119.52019707457471, 34.421730886121175 ], [ -119.520183013547765, 34.42167598905197 ], [ -119.520183421562578, 34.421609230495228 ], [ -119.520172210867713, 34.421559114211277 ], [ -119.520169739446473, 34.421492343579338 ], [ -119.520129983190287, 34.421401574235837 ], [ -119.5200788998321, 34.421279762571402 ], [ -119.520056362088766, 34.421198602155059 ], [ -119.520048015306131, 34.421150881367176 ], [ -119.520045369086958, 34.421112722174406 ], [ -119.520048423427511, 34.421084123677012 ], [ -119.520060260721323, 34.42103171864337 ], [ -119.520063431652304, 34.420984047030139 ], [ -119.520086670018273, 34.420950764283788 ], [ -119.520095525822342, 34.420915036821235 ], [ -119.520095729859506, 34.42088165841934 ], [ -119.520096108793865, 34.420819668539856 ], [ -119.520093478231573, 34.420779124074073 ], [ -119.5200736294629, 34.420728971530572 ], [ -119.520079532959571, 34.420705152915886 ], [ -119.520085612430691, 34.420652724625832 ], [ -119.520085976796437, 34.420593119097518 ], [ -119.520086282865208, 34.420543050126653 ], [ -119.520098032601581, 34.420504951254387 ], [ -119.52011827481347, 34.420490730440541 ], [ -119.5201071080444, 34.420433460997188 ], [ -119.520104724157804, 34.420352384994423 ], [ -119.520105219670356, 34.420271321955475 ], [ -119.52009672830485, 34.420247442991695 ], [ -119.520071237475932, 34.42017819225277 ], [ -119.52006859127826, 34.420140033023557 ], [ -119.520068897356339, 34.420089964030055 ], [ -119.52005767238083, 34.420042231124683 ], [ -119.52002617616759, 34.4200134877577 ], [ -119.51997448160445, 34.419991812981117 ], [ -119.519919849364868, 34.41997966267315 ], [ -119.519873927129026, 34.419955626725361 ], [ -119.519853889153907, 34.419936468169709 ], [ -119.519796466172167, 34.41991000043064 ], [ -119.519741819431303, 34.41990023440372 ], [ -119.519658365351759, 34.419892731021207 ], [ -119.519592202186402, 34.419882916605317 ], [ -119.519534705288777, 34.419868369663227 ], [ -119.519491663702723, 34.419844346548487 ], [ -119.519356603015254, 34.419800861720901 ], [ -119.519255977154643, 34.419776596756378 ], [ -119.519115086018545, 34.41974500930089 ], [ -119.518985696815562, 34.419715854423529 ], [ -119.518865077349275, 34.419665277294712 ], [ -119.51882503127112, 34.419622191981276 ], [ -119.518776245902444, 34.419595760021302 ], [ -119.518776552797135, 34.419545691905284 ], [ -119.518779680613662, 34.419505171558264 ], [ -119.518805870433567, 34.41945998018236 ], [ -119.51885807572576, 34.41939820892722 ], [ -119.518947681300133, 34.419341361852524 ], [ -119.518959096501192, 34.419358099921062 ], [ -119.518999068388652, 34.419413107034742 ], [ -119.519145162712974, 34.419535318501701 ], [ -119.51930256953051, 34.419690958364001 ], [ -119.519503471995165, 34.419796710242025 ], [ -119.519612458919227, 34.419866311505025 ], [ -119.519753481736799, 34.419876439942634 ], [ -119.519796626586952, 34.41988377419586 ], [ -119.51987417500338, 34.419915095191058 ], [ -119.519931540788392, 34.41995109946204 ], [ -119.519983235307365, 34.419972775159991 ], [ -119.520075268284884, 34.419989851076664 ], [ -119.520098185717785, 34.420009021661961 ], [ -119.520123777441711, 34.420061582736743 ], [ -119.520135032696203, 34.420104546906089 ], [ -119.520171907816191, 34.420195304293195 ], [ -119.52019707817054, 34.420317008359667 ], [ -119.520199607866076, 34.420374241605572 ], [ -119.520199214443593, 34.42043861587883 ], [ -119.520196029044939, 34.420488671887327 ], [ -119.520163876850503, 34.420567218714439 ], [ -119.520160749711536, 34.42060773815529 ], [ -119.520160545697252, 34.420641117467461 ], [ -119.520145610524807, 34.420729273237143 ], [ -119.520133670237712, 34.420798367043155 ], [ -119.520141973318886, 34.420853240034745 ], [ -119.520152921581143, 34.42094627311743 ], [ -119.520123488275757, 34.421051058170747 ], [ -119.520142987401513, 34.421158432724802 ], [ -119.520154285456229, 34.421194243749028 ], [ -119.52015370254702, 34.421289612896359 ], [ -119.520170468057486, 34.421373132618363 ], [ -119.520244542369809, 34.421502194743951 ], [ -119.520246839021979, 34.421597575026929 ], [ -119.520243056231706, 34.421745384446282 ], [ -119.520180827756803, 34.422033621784855 ], [ -119.520174705611325, 34.422093203097887 ], [ -119.520159812810959, 34.422174205652567 ], [ -119.520095200840316, 34.422381366988148 ], [ -119.520063091499537, 34.422452760556091 ], [ -119.520002188364515, 34.42252403340126 ], [ -119.519944222919023, 34.422585781740956 ], [ -119.519787777998218, 34.422742487603124 ], [ -119.519701048642645, 34.422799347222025 ], [ -119.519680674476973, 34.422835025367519 ], [ -119.51967751782162, 34.42288031342337 ], [ -119.519688773236084, 34.422923277516162 ], [ -119.519688525256527, 34.422963808928529 ], [ -119.519685368600534, 34.423009096978873 ], [ -119.519656239156774, 34.423063813749309 ], [ -119.519627212890143, 34.423101839998353 ], [ -119.519491082308477, 34.423232403788965 ] ] ] ] } },
{ "type": "Feature", "properties": { "OBJECTID": 0, "Id": 0, "Shape_Leng": 0.0, "Shape_Length": 265.31474239459413, "Shape_Area": 1205.2047361315181 }, "geometry": { "type": "MultiPolygon", "coordinates": [ [ [ [ -119.514330919048902, 34.419877587683985 ], [ -119.51432189849497, 34.419939540963718 ], [ -119.514299085739552, 34.419903680459356 ], [ -119.51428489641134, 34.419870240061201 ], [ -119.514267886714876, 34.419827250879656 ], [ -119.514262363974112, 34.419789078385946 ], [ -119.514237129224142, 34.419679294785055 ], [ -119.514154060614175, 34.419609797458577 ], [ -119.514105394875784, 34.419564289472852 ], [ -119.514073974817407, 34.419523623520128 ], [ -119.514039660662789, 34.419485329702951 ], [ -119.513979566153239, 34.419425467467654 ], [ -119.513881894533043, 34.419389288152111 ], [ -119.513835857458659, 34.419384324712794 ], [ -119.513784046896689, 34.419381720265235 ], [ -119.513801454895358, 34.41936033522169 ], [ -119.513830512130909, 34.419317541572696 ], [ -119.513853752645844, 34.419284260036278 ], [ -119.513871263940729, 34.419246186207893 ], [ -119.513857060149178, 34.419215130102735 ], [ -119.513860190485985, 34.419174610777894 ], [ -119.513929408832226, 34.419155830124183 ], [ -119.513995614951938, 34.419158495616756 ], [ -119.514018574936102, 34.419170514330801 ], [ -119.514041328315045, 34.4192159123888 ], [ -119.514046849825448, 34.41925408400936 ], [ -119.514058027846957, 34.419308970648963 ], [ -119.514071995625144, 34.419378173903731 ], [ -119.514097538837404, 34.419437889460468 ], [ -119.514120189049677, 34.4194999771602 ], [ -119.514185952859435, 34.419574169049866 ], [ -119.514277438328307, 34.419679465802517 ], [ -119.514294226746117, 34.419758217785578 ], [ -119.514330919048902, 34.419877587683985 ] ] ] ] } },
{ "type": "Feature", "properties": { "OBJECTID": 0, "Id": 0, "Shape_Leng": 0.0, "Shape_Length": 18264.48600099461, "Shape_Area": 546686.51172880293 }, "geometry": { "type": "MultiPolygon", "coordinates": [ [ [ [ -119.478898643289867, 34.417312077143194 ], [ -119.478721839361839, 34.417271931705443 ], [ -119.478566344112323, 34.417274800260934 ], [ -119.478471356964874, 34.417270790938474 ], [ -119.478345996956335, 34.417288102206321 ], [ -119.478194795733955, 34.41729456558145 ], [ -119.478052374989844, 34.417279610630935 ], [ -119.477918592148356, 34.417264694893689 ], [ -119.477806544515744, 34.417228419981726 ], [ -119.477716590115605, 34.417117139484752 ], [ -119.477587721450121, 34.417012834662238 ], [ -119.477424445801603, 34.416886914469288 ], [ -119.477239577289652, 34.416760894529382 ], [ -119.476889839946992, 34.416748567951849 ], [ -119.476773093298988, 34.416769492620993 ], [ -119.476600372154934, 34.416765127352789 ], [ -119.47641901324404, 34.416760721419749 ], [ -119.476306895460084, 34.416735173780083 ], [ -119.476238012223916, 34.416702670507647 ], [ -119.47609139444792, 34.416669811490024 ], [ -119.476005283536097, 34.416630076811913 ], [ -119.475901970966163, 34.416579533333028 ], [ -119.475837574050914, 34.416522015512037 ], [ -119.475716796245251, 34.41650000339834 ], [ -119.475639920601409, 34.416370899549165 ], [ -119.475597808958042, 34.416209766698252 ], [ -119.475602653338413, 34.416131106777634 ], [ -119.475616229873609, 34.416038181990636 ], [ -119.475595187179394, 34.41595582681591 ], [ -119.475522463881205, 34.415851776691134 ], [ -119.475462409490021, 34.415790701841587 ], [ -119.475380906551365, 34.415708070477137 ], [ -119.475269173045376, 34.415625299589905 ], [ -119.475183303838449, 34.415549801390235 ], [ -119.475157989627306, 34.41546027407788 ], [ -119.475128620737934, 34.415331386623286 ], [ -119.475090996877412, 34.415145239112242 ], [ -119.475095913427253, 34.415055850354257 ], [ -119.475096391619502, 34.414984323680876 ], [ -119.475092885756041, 34.414862708072107 ], [ -119.475068098998563, 34.414694500869857 ], [ -119.474978247036233, 34.41456891350029 ], [ -119.474931244944514, 34.414493592364593 ], [ -119.474819371193803, 34.414432279408153 ], [ -119.474794081682575, 34.414339175354279 ], [ -119.474790217462086, 34.414271205379372 ], [ -119.474769223953317, 34.414181697685031 ], [ -119.474757607479518, 34.413981363373132 ], [ -119.474740716410466, 34.413924061819408 ], [ -119.474736852256626, 34.41385609181463 ], [ -119.474737665729592, 34.413734495873229 ], [ -119.474738503120903, 34.413609324254345 ], [ -119.474743587456942, 34.413494900325695 ], [ -119.47475272730496, 34.413419837508528 ], [ -119.474748815318705, 34.413359019698511 ], [ -119.47479641353911, 34.413344932278392 ], [ -119.474749963718651, 34.413187354485522 ], [ -119.474728993378633, 34.4130942710173 ], [ -119.474695044187357, 34.413004703756762 ], [ -119.474661334364242, 34.412879372616032 ], [ -119.47468457769989, 34.412632703899703 ], [ -119.474697987235359, 34.412564812167545 ], [ -119.474737451173993, 34.412475581713572 ], [ -119.474772692062174, 34.412372026052168 ], [ -119.474930019302761, 34.412093783953615 ], [ -119.475090635965415, 34.411969344867316 ], [ -119.475181847708782, 34.411891080613223 ], [ -119.475251586743767, 34.411794836257812 ], [ -119.475360238783779, 34.411691616831661 ], [ -119.475451402148011, 34.411620505483384 ], [ -119.47552505311144, 34.41158507793179 ], [ -119.475585677605537, 34.411560320701632 ], [ -119.475646229324283, 34.411546292247145 ], [ -119.475706782109583, 34.411532263765345 ], [ -119.475797491321401, 34.411529102486064 ], [ -119.475827504523465, 34.411561428240447 ], [ -119.475909577632734, 34.411558227328861 ], [ -119.475961684115234, 34.411515548399578 ], [ -119.476022569864142, 34.411451450443849 ], [ -119.476096363585924, 34.411394564888639 ], [ -119.476152955477787, 34.411326871425494 ], [ -119.476166101058979, 34.411298319928491 ], [ -119.476201148669603, 34.411223374485537 ], [ -119.4762039903447, 34.411212680872026 ], [ -119.476205872846975, 34.411162596111723 ], [ -119.476340838644646, 34.410998696097366 ], [ -119.476453734098328, 34.410906224121717 ], [ -119.476571139672359, 34.41078516098505 ], [ -119.47671428722623, 34.410689251273041 ], [ -119.476813679116603, 34.410678976413642 ], [ -119.477051090586798, 34.410694367034658 ], [ -119.477145760116272, 34.410744869428612 ], [ -119.477274736948473, 34.410831294331658 ], [ -119.477417026839518, 34.410864131415138 ], [ -119.477576590050688, 34.410897048050764 ], [ -119.477775280048689, 34.410890802153489 ], [ -119.47817387213685, 34.410695913926631 ], [ -119.478282471291237, 34.410599843863451 ], [ -119.478477887109989, 34.4104362176449 ], [ -119.47866060879754, 34.410233190627054 ], [ -119.478761281884601, 34.410029790619781 ], [ -119.478909052455876, 34.409887404944428 ], [ -119.479078247872422, 34.4097701515607 ], [ -119.479286045184566, 34.409692414362979 ], [ -119.479532587912047, 34.409632735483264 ], [ -119.479938763991257, 34.409595240622863 ], [ -119.480222939161223, 34.409721708111739 ], [ -119.480482151748305, 34.409705002253695 ], [ -119.480573189879237, 34.409651767779849 ], [ -119.480708521312508, 34.409430640689457 ], [ -119.480713927803166, 34.409266147494897 ], [ -119.480697884893061, 34.409080098642093 ], [ -119.48070277102623, 34.408994285683711 ], [ -119.480703315035669, 34.408912028808437 ], [ -119.480752281202555, 34.40869050968918 ], [ -119.480770357998765, 34.408568992326664 ], [ -119.480840347343573, 34.40843340363034 ], [ -119.480923220816805, 34.408308602470747 ], [ -119.481032498778873, 34.408108815823603 ], [ -119.481111737474038, 34.407880280232767 ], [ -119.481129600838543, 34.407790949286294 ], [ -119.481165303813199, 34.407615863947818 ], [ -119.481183144513082, 34.407530109561357 ], [ -119.481192229166552, 34.407462198051448 ], [ -119.481245582309654, 34.407229968207901 ], [ -119.481315168025731, 34.407155178339728 ], [ -119.481584590632139, 34.406898892043564 ], [ -119.481732208565845, 34.406777960014765 ], [ -119.481984922506356, 34.406435761704131 ], [ -119.482171661113512, 34.406275665110321 ], [ -119.482311276955784, 34.406058131506263 ], [ -119.482429089470742, 34.405872687601963 ], [ -119.482525948513526, 34.405590583314421 ], [ -119.482747887662853, 34.405330502551635 ], [ -119.48281791781352, 34.40518775991702 ], [ -119.482952481672484, 34.405081073058469 ], [ -119.483134002298527, 34.405056857726066 ], [ -119.483199854484852, 34.404892636640596 ], [ -119.483096976482116, 34.40477772481988 ], [ -119.482993510109523, 34.404752222422623 ], [ -119.483041760888455, 34.404637992129928 ], [ -119.4832109152849, 34.404524308620879 ], [ -119.48362349694483, 34.404164945914609 ], [ -119.483673767763378, 34.404143742188829 ], [ -119.483715359327704, 34.40409442634428 ], [ -119.484163288694106, 34.403831189194172 ], [ -119.484239322952362, 34.403760002186146 ], [ -119.484568388715985, 34.403514110374374 ], [ -119.484687991847437, 34.403383511033184 ], [ -119.484742551739231, 34.403294344343763 ], [ -119.484822534814143, 34.403169527662428 ], [ -119.48488450636458, 34.403047609996555 ], [ -119.484928231902728, 34.402964354714527 ], [ -119.485004890083431, 34.402797797324311 ], [ -119.485092595664852, 34.402592543203731 ], [ -119.485179753697025, 34.402470738609061 ], [ -119.485277276410045, 34.40241454908427 ], [ -119.485410937263623, 34.402334679002387 ], [ -119.485450321886333, 34.402364660185043 ], [ -119.485417020906624, 34.402504589784527 ], [ -119.485460003502894, 34.402534587133403 ], [ -119.485347521691139, 34.402677140867283 ], [ -119.485271197539362, 34.402793034000979 ], [ -119.485147919126078, 34.40293553895372 ], [ -119.485031760079593, 34.40308999814912 ], [ -119.485013162444062, 34.40318230693628 ], [ -119.4850091345252, 34.403247858202739 ], [ -119.484958114253857, 34.403345981367742 ], [ -119.484881143712713, 34.403560224864783 ], [ -119.484851242546753, 34.403729973527973 ], [ -119.484853942204012, 34.403867084656149 ], [ -119.48497997916607, 34.404033040898632 ], [ -119.485322382576584, 34.404285674877926 ], [ -119.48544494221963, 34.404284018939926 ], [ -119.485484757439536, 34.404248433567801 ], [ -119.485560848390776, 34.404168304657702 ], [ -119.485623346693359, 34.403965917258226 ], [ -119.485627765662286, 34.403840760511585 ], [ -119.485635644822764, 34.403736481168025 ], [ -119.485697830270567, 34.403581779866016 ], [ -119.485759917891059, 34.403441979665246 ], [ -119.485801860817062, 34.40308153873773 ], [ -119.48580079882359, 34.402694080509804 ], [ -119.485819551537887, 34.40257792841345 ], [ -119.485796237627099, 34.40229170479769 ], [ -119.485754015112093, 34.402145474595073 ], [ -119.485682929603769, 34.402011037044119 ], [ -119.485608402666088, 34.401852740109014 ], [ -119.485565965974672, 34.401739293099297 ], [ -119.485552452089095, 34.401605114143265 ], [ -119.4856139332217, 34.401557703630516 ], [ -119.485711805819165, 34.401447868145631 ], [ -119.48573065595285, 34.401316814728503 ], [ -119.48570589837712, 34.401251133978619 ], [ -119.485616451561356, 34.401173241942544 ], [ -119.485358459669456, 34.401008158881254 ], [ -119.485604069988895, 34.400866203277246 ], [ -119.485722535334148, 34.400908461269509 ], [ -119.4858840412505, 34.400971775295844 ], [ -119.486013047847081, 34.401052826736901 ], [ -119.486246479339371, 34.401122423491202 ], [ -119.486533979305619, 34.401177361594179 ], [ -119.486757084547307, 34.401175381166389 ], [ -119.486976454568435, 34.401194247285979 ], [ -119.487321877308261, 34.401195794974662 ], [ -119.487663526148623, 34.401224148741974 ], [ -119.487897638761183, 34.401189431055698 ], [ -119.48823574822373, 34.401208825941644 ], [ -119.488469531587882, 34.401224773493837 ], [ -119.488721150046558, 34.401264642298692 ], [ -119.489080480766972, 34.401340757637364 ], [ -119.489247262657784, 34.401367928571432 ], [ -119.48932773792086, 34.401387361649633 ], [ -119.489529265036282, 34.401383492537725 ], [ -119.489713986894529, 34.401308017467606 ], [ -119.490014220275725, 34.401175832984819 ], [ -119.490487566471643, 34.400982425630801 ], [ -119.490908972600948, 34.40080786020642 ], [ -119.491058840763969, 34.400779914755844 ], [ -119.491318307249287, 34.400719075350992 ], [ -119.491658001491516, 34.400715816451338 ], [ -119.491975038646629, 34.400655231225464 ], [ -119.492257501480083, 34.400599260710159 ], [ -119.492625671641264, 34.400643811203651 ], [ -119.493010712979213, 34.400750428045889 ], [ -119.493275136285163, 34.400813590872225 ], [ -119.493482234553952, 34.400838351391776 ], [ -119.493700970673018, 34.40084408719855 ], [ -119.493851113437415, 34.400773221428203 ], [ -119.494307514577798, 34.400527268416631 ], [ -119.494550658243682, 34.400318520947678 ], [ -119.494920148279832, 34.400158017393608 ], [ -119.495312755787381, 34.399983308590592 ], [ -119.495687355810631, 34.399922966861936 ], [ -119.495941426961963, 34.399804869287969 ], [ -119.495964637587448, 34.39977635955352 ], [ -119.496016878364642, 34.399709828676563 ], [ -119.496092759052473, 34.399548028071408 ], [ -119.496110886503899, 34.399414585112943 ], [ -119.496082897939772, 34.399290476131924 ], [ -119.496072270813556, 34.399152138485441 ], [ -119.496050223241994, 34.398999443649743 ], [ -119.496028297071916, 34.398827675271249 ], [ -119.496052395880952, 34.39866087757526 ], [ -119.496122548884614, 34.398494282601888 ], [ -119.496284902836493, 34.398313787370292 ], [ -119.496735005395706, 34.398148864369411 ], [ -119.497122238622779, 34.39791213247441 ], [ -119.497434204964335, 34.397741830703531 ], [ -119.497596005234385, 34.397647167088607 ], [ -119.497758139484461, 34.397500049652344 ], [ -119.497828258426637, 34.397338222280176 ], [ -119.497909675691162, 34.397209825393404 ], [ -119.497962065536328, 34.397119450174735 ], [ -119.49797412842149, 34.397033667018853 ], [ -119.498026670477799, 34.396919448466953 ], [ -119.498102299435885, 34.396795794978246 ], [ -119.498218500721663, 34.396629400354151 ], [ -119.498300678190503, 34.396381789302765 ], [ -119.498415964766494, 34.39635845062579 ], [ -119.498444625968304, 34.396377651222657 ], [ -119.498432290690644, 34.396506351346147 ], [ -119.498414381044284, 34.396606415889067 ], [ -119.498327055858013, 34.396758630369995 ], [ -119.49829138846458, 34.396934915170647 ], [ -119.498186670596439, 34.397106129137896 ], [ -119.49808764733973, 34.397286904992676 ], [ -119.498109882335356, 34.397410987591279 ], [ -119.498189592887968, 34.397549629081375 ], [ -119.498603198080843, 34.397689732774822 ], [ -119.498908642538922, 34.397638615388573 ], [ -119.49946196227188, 34.397536125519366 ], [ -119.499987468697626, 34.397280913474852 ], [ -119.500437829474564, 34.397073058903061 ], [ -119.500605230211477, 34.397002259388231 ], [ -119.500732484829527, 34.396907440555879 ], [ -119.501043772825199, 34.396842036929165 ], [ -119.501556544736189, 34.39677750918321 ], [ -119.501608203802149, 34.39680157719814 ], [ -119.501757393850909, 34.396878525777865 ], [ -119.50184311046749, 34.396979040958499 ], [ -119.501848594229855, 34.397021983754776 ], [ -119.502153761920738, 34.397013773616301 ], [ -119.502562882851677, 34.396953559441911 ], [ -119.502672593098282, 34.3969015811386 ], [ -119.502759940215128, 34.396744594524321 ], [ -119.502783933515204, 34.396592100684153 ], [ -119.502871340439953, 34.396425576253378 ], [ -119.50291224124112, 34.396330380749987 ], [ -119.50304524901685, 34.396235584285776 ], [ -119.503241006296335, 34.39623166511906 ], [ -119.503448095623298, 34.396256407720621 ], [ -119.503580258640469, 34.3962951301095 ], [ -119.503781350164076, 34.396357995169559 ], [ -119.504191158849977, 34.396188098964814 ], [ -119.50457161130177, 34.39610867839788 ], [ -119.505020391461628, 34.396148770115794 ], [ -119.505169944168856, 34.396168490883483 ], [ -119.505314251637685, 34.396107121645549 ], [ -119.505551116072851, 34.395974622913975 ], [ -119.505718389812628, 34.395922889419161 ], [ -119.505955403003796, 34.395766546501079 ], [ -119.506162941745202, 34.39571975512407 ], [ -119.50648009627875, 34.395635286986298 ], [ -119.50661294877716, 34.395564329641964 ], [ -119.507120938383053, 34.395342390019522 ], [ -119.507345776116921, 34.395290902004305 ], [ -119.507432663480984, 34.395205439794886 ], [ -119.507479014932471, 34.395157952198637 ], [ -119.50755468820401, 34.395024754552203 ], [ -119.507572735333412, 34.3949008468743 ], [ -119.507631018924215, 34.394786649340006 ], [ -119.507781497270386, 34.394658541362602 ], [ -119.507920222279921, 34.394568532679955 ], [ -119.508029925648984, 34.394516549117142 ], [ -119.50816277376677, 34.394445589889514 ], [ -119.508220847146646, 34.394364771268975 ], [ -119.508313638692897, 34.394255490584136 ], [ -119.508365775788761, 34.394203258461765 ], [ -119.508383463251207, 34.3941365731975 ], [ -119.508430291051354, 34.394012788002122 ], [ -119.508453884513216, 34.393922284067152 ], [ -119.508477477920735, 34.393831780118937 ], [ -119.50849755263431, 34.393383609714597 ], [ -119.508503936146838, 34.393283494732522 ], [ -119.508504712047966, 34.393159511626187 ], [ -119.508522190273638, 34.393126205578973 ], [ -119.508602362401732, 34.393193312044168 ], [ -119.508790207616713, 34.393532695680733 ], [ -119.508726409515262, 34.393608721094836 ], [ -119.508685755828068, 34.393665770790115 ], [ -119.508633470130974, 34.39374184556354 ], [ -119.508707618749682, 34.393851843296275 ], [ -119.508810997087224, 34.393890437079932 ], [ -119.508879925979684, 34.393914575997201 ], [ -119.509006599175422, 34.393910350516045 ], [ -119.509041108367143, 34.393915267539363 ], [ -119.509240828556401, 34.394197476941706 ], [ -119.50940607050596, 34.394470000163118 ], [ -119.509598288618577, 34.394414315314094 ], [ -119.509710809572866, 34.394371879270636 ], [ -119.509853529602225, 34.39433314918562 ], [ -119.509996271806287, 34.394290842281052 ], [ -119.510065751749977, 34.394226762088742 ], [ -119.510066153347466, 34.394162386163892 ], [ -119.510062348836911, 34.39408011034962 ], [ -119.510110353993753, 34.393998055404062 ], [ -119.51025376451355, 34.393848456125717 ], [ -119.510496629637771, 34.393674244895848 ], [ -119.510592191615231, 34.393581664697784 ], [ -119.510700749719703, 34.393481986497939 ], [ -119.510856664447203, 34.39340396922357 ], [ -119.510956564475563, 34.39330782959955 ], [ -119.51108192353712, 34.393283329822488 ], [ -119.511194219474902, 34.393276656911112 ], [ -119.511267414247527, 34.393309157447042 ], [ -119.511426644486363, 34.393392097785586 ], [ -119.511483059476234, 34.393345843702569 ], [ -119.511526321358488, 34.393331722300317 ], [ -119.511629916467157, 34.393335741141058 ], [ -119.511953805933402, 34.393322816711326 ], [ -119.512195778202042, 34.393291659454114 ], [ -119.512481011942199, 34.393246379919987 ], [ -119.512735580484971, 34.393272499395081 ], [ -119.512977506841779, 34.393248493767743 ], [ -119.513111389544378, 34.393241909932485 ], [ -119.513348732149169, 34.393260802182915 ], [ -119.513499862042138, 34.393257868869178 ], [ -119.513603655418578, 34.39322969701891 ], [ -119.513668658843144, 34.393190631834564 ], [ -119.513712297792296, 34.393115710248281 ], [ -119.513764615053162, 34.393033672932368 ], [ -119.513781928651952, 34.393026593008983 ], [ -119.513824947496246, 34.393051812035296 ], [ -119.513859353307453, 34.393073416819277 ], [ -119.513889485803887, 34.39308785086444 ], [ -119.513933102349583, 34.393016505831689 ], [ -119.513924843443064, 34.39295566978646 ], [ -119.513903455773502, 34.392923390092733 ], [ -119.51391244512682, 34.392866204038214 ], [ -119.513942798889772, 34.392844874315252 ], [ -119.513981721424443, 34.392834309390807 ], [ -119.514037979597902, 34.392813089645358 ], [ -119.514085580443506, 34.39279540895479 ], [ -119.514137565227657, 34.392767017535427 ], [ -119.514176664677734, 34.392727842074983 ], [ -119.514215719848735, 34.392695818991996 ], [ -119.514237461517325, 34.392670874990827 ], [ -119.514238081474858, 34.392670366659246 ], [ -119.514241844369252, 34.392660164272435 ], [ -119.514264382305072, 34.39250646997867 ], [ -119.51428242564883, 34.392381367812909 ], [ -119.514353094622152, 34.392124157594765 ], [ -119.514522021979332, 34.392035462038749 ], [ -119.514807316103244, 34.391979446701839 ], [ -119.515113843139687, 34.391980745799927 ], [ -119.515476427697024, 34.391993011645198 ], [ -119.51575238134771, 34.392051403872074 ], [ -119.515868793176153, 34.392076931769736 ], [ -119.516166444246522, 34.392117531962306 ], [ -119.516360633960858, 34.392132658816777 ], [ -119.516623504023016, 34.392212453190098 ], [ -119.517038008354561, 34.392207050547192 ], [ -119.517362266990872, 34.39213331137038 ], [ -119.517531102006046, 34.392058916165254 ], [ -119.517713021106573, 34.391963116290874 ], [ -119.518189852150499, 34.391650391135123 ], [ -119.518493770688949, 34.391372701291751 ], [ -119.518697865217845, 34.391180427286344 ], [ -119.518836542362379, 34.391095173028582 ], [ -119.518949294527474, 34.391013387275663 ], [ -119.519235545038654, 34.390799998873987 ], [ -119.519461024495484, 34.390640001263641 ], [ -119.519591131635579, 34.390543981628475 ], [ -119.519781942041519, 34.390405297399489 ], [ -119.519920529191154, 34.390334348386965 ], [ -119.520032995008023, 34.390299055334722 ], [ -119.520183702740127, 34.390364064245148 ], [ -119.520200119386118, 34.390503618117364 ], [ -119.520190698994227, 34.390632333408014 ], [ -119.520116672645912, 34.390735742375128 ], [ -119.519995571281129, 34.390771000178781 ], [ -119.519938595876994, 34.390910245287976 ], [ -119.520033333600722, 34.390949985045367 ], [ -119.520145253979592, 34.391004101948269 ], [ -119.520257196354621, 34.39105464298629 ], [ -119.520433722262752, 34.391134065814235 ], [ -119.520549741264091, 34.391223965129051 ], [ -119.520691489878274, 34.391342584229562 ], [ -119.520777419991802, 34.391410898612556 ], [ -119.520820091077454, 34.391493336982926 ], [ -119.520901573049542, 34.391583091294869 ], [ -119.520974595748257, 34.391644197991191 ], [ -119.521185334710765, 34.391777411237271 ], [ -119.52123236756178, 34.391852715086024 ], [ -119.521240718130031, 34.391899244964144 ], [ -119.521183873848074, 34.392017032430473 ], [ -119.521136122430931, 34.392059750837291 ], [ -119.521088327347996, 34.392109621621501 ], [ -119.521057931099875, 34.392138106550767 ], [ -119.521010179535125, 34.392180825800956 ], [ -119.52077715481802, 34.392161967492683 ], [ -119.520618419280837, 34.3919967825111 ], [ -119.520515372427028, 34.391903360947147 ], [ -119.520420916119647, 34.391817128764131 ], [ -119.520262378642201, 34.391619755168499 ], [ -119.520197991561773, 34.391558684217912 ], [ -119.520099240356018, 34.391468856986499 ], [ -119.519926572462424, 34.391464556974313 ], [ -119.519693265797869, 34.391492190220887 ], [ -119.519615730933836, 34.391463252647526 ], [ -119.519551212130892, 34.391423639430791 ], [ -119.519508237179366, 34.391391271017689 ], [ -119.519478234504732, 34.391355379408843 ], [ -119.519465633176225, 34.391298102191534 ], [ -119.519431904993084, 34.391165629119342 ], [ -119.519402122372711, 34.391093973656425 ], [ -119.519142255837082, 34.391228789393161 ], [ -119.519012212714671, 34.391314080296489 ], [ -119.518704681136256, 34.391477307733886 ], [ -119.518275671835397, 34.391736588832323 ], [ -119.517946110350536, 34.391971251792825 ], [ -119.517504144264109, 34.392230475317625 ], [ -119.517257486103759, 34.392322425043645 ], [ -119.516850700317946, 34.392337062909007 ], [ -119.516902983801629, 34.392399612996385 ], [ -119.516937324182948, 34.392431945912477 ], [ -119.517001754517835, 34.392485866253658 ], [ -119.517074731042001, 34.392554127777274 ], [ -119.517216366883119, 34.392690633358811 ], [ -119.517504286132194, 34.392910015144061 ], [ -119.51759865268167, 34.393010555323471 ], [ -119.517864768729936, 34.393265609796437 ], [ -119.517976581161463, 34.393337611018971 ], [ -119.51805856656857, 34.393345109761597 ], [ -119.518119141629143, 34.393323905301159 ], [ -119.518240575758114, 34.39323500349149 ], [ -119.518327076106772, 34.393210332209009 ], [ -119.518344213859109, 34.393231863860642 ], [ -119.518361198092634, 34.393278430225244 ], [ -119.518382346441925, 34.39335004946853 ], [ -119.518424994135827, 34.393436065216321 ], [ -119.518480548774605, 34.393529288717744 ], [ -119.518505905299918, 34.393618808405705 ], [ -119.518509828265749, 34.393683201658376 ], [ -119.518457405884732, 34.393783123406877 ], [ -119.518387955113909, 34.393843632078465 ], [ -119.518193320878609, 34.393900037045121 ], [ -119.517968861175987, 34.393891939333344 ], [ -119.517835352129751, 34.393837729521195 ], [ -119.517792748783904, 34.393744560301229 ], [ -119.517802151524933, 34.393619421352916 ], [ -119.517819969911159, 34.393530083411747 ], [ -119.51780763293992, 34.393429889104077 ], [ -119.517769018065039, 34.39339038499935 ], [ -119.517618526193701, 34.393289608457252 ], [ -119.517554204625156, 34.393217806180807 ], [ -119.517481250129663, 34.393145968367278 ], [ -119.517399505638537, 34.393099128804515 ], [ -119.517330296433087, 34.393120296476162 ], [ -119.517325759030797, 34.393156042021019 ], [ -119.517316817175427, 34.393206075941791 ], [ -119.517303557695243, 34.393256091649583 ], [ -119.51711365956082, 34.393244560368736 ], [ -119.517075023133373, 34.393208632668056 ], [ -119.51708396623097, 34.393158598770853 ], [ -119.517131764494948, 34.393108729711436 ], [ -119.517175158242054, 34.393073147201058 ], [ -119.517188483730123, 34.393012402461778 ], [ -119.517189121328698, 34.392908686026054 ], [ -119.517155176415159, 34.392811977164079 ], [ -119.517017858042976, 34.392675489744136 ], [ -119.516936290298091, 34.392600038450411 ], [ -119.516764412288452, 34.392466981559572 ], [ -119.51665680972134, 34.392412879664242 ], [ -119.516510307372613, 34.392365765918122 ], [ -119.516223918660771, 34.392242710372685 ], [ -119.515919983269313, 34.39217729077842 ], [ -119.515635350922622, 34.392126015720663 ], [ -119.515190935313839, 34.392081215788316 ], [ -119.514862800231313, 34.392083401146259 ], [ -119.514521137686174, 34.392178518982718 ], [ -119.5144517737439, 34.392224719670352 ], [ -119.514390490914167, 34.392360367745077 ], [ -119.514394255651837, 34.392449795951535 ], [ -119.514367444630381, 34.392596320466964 ], [ -119.514283912074418, 34.392839169021386 ], [ -119.514187957139796, 34.392996128389605 ], [ -119.514165530616879, 34.393131941174076 ], [ -119.514168497587946, 34.393350121309958 ], [ -119.513877441500412, 34.393638584059268 ], [ -119.513574627574968, 34.393733863056369 ], [ -119.513358870581143, 34.393715063975257 ], [ -119.512845412752355, 34.393662807975041 ], [ -119.512620954285126, 34.393654698871956 ], [ -119.512349181717497, 34.393617776542968 ], [ -119.512085866921652, 34.393609500822052 ], [ -119.511965069750033, 34.393594679732686 ], [ -119.511705960427662, 34.393604304759293 ], [ -119.511446496170691, 34.393671150982591 ], [ -119.511195376289194, 34.393784527135814 ], [ -119.511073866542873, 34.393884150445579 ], [ -119.510831156897964, 34.39403332727148 ], [ -119.510714030807108, 34.394122239606624 ], [ -119.510596903363322, 34.394211151809209 ], [ -119.510449621024591, 34.394289205599001 ], [ -119.510319943578139, 34.394313686190223 ], [ -119.510108100793644, 34.394359274476486 ], [ -119.50990030652909, 34.394447797825784 ], [ -119.509679739553945, 34.394507653995603 ], [ -119.509536952118168, 34.39455711287335 ], [ -119.509445995803034, 34.394603217905427 ], [ -119.509425863207312, 34.394603608330108 ], [ -119.509433512464582, 34.394684709261014 ], [ -119.509449650289426, 34.394865988809926 ], [ -119.509460120602313, 34.395032937100055 ], [ -119.50944762486796, 34.395190250777262 ], [ -119.509458184575081, 34.395342893369317 ], [ -119.509457946290453, 34.395381042353378 ], [ -119.509571113816278, 34.395696260764645 ], [ -119.509627727699566, 34.395849100594305 ], [ -119.509638496262312, 34.395968363854742 ], [ -119.509632530822969, 34.396001719304657 ], [ -119.509580750716381, 34.395996728471374 ], [ -119.509489299133236, 34.395891425473124 ], [ -119.509357849963237, 34.395738264797004 ], [ -119.509249337686285, 34.395599507417899 ], [ -119.509123406919016, 34.395484519186176 ], [ -119.509008899935694, 34.395383885835791 ], [ -119.508934661091473, 34.395288193215308 ], [ -119.50883151834843, 34.3952114515061 ], [ -119.508710957968418, 34.395158478917359 ], [ -119.508636300920244, 34.395129546363755 ], [ -119.508521348538665, 34.395100440731142 ], [ -119.508129003890659, 34.395241815557348 ], [ -119.507898142021929, 34.395336196394148 ], [ -119.507713242449441, 34.395445081391216 ], [ -119.507470986226764, 34.395520338241141 ], [ -119.507274692412153, 34.395610098479963 ], [ -119.507101394023564, 34.395704725483554 ], [ -119.506910826384512, 34.395799278720041 ], [ -119.506841297561962, 34.395870509262764 ], [ -119.50680612882789, 34.395970499866472 ], [ -119.506713093537385, 34.396117928091293 ], [ -119.506470533522815, 34.396240868499703 ], [ -119.506349043958636, 34.396335717704744 ], [ -119.506175683968038, 34.396439880927154 ], [ -119.505933243205916, 34.396543745696128 ], [ -119.505287831349634, 34.396645868866415 ], [ -119.504976728012565, 34.396682672806428 ], [ -119.50471743581214, 34.396719701017979 ], [ -119.504250599787582, 34.396803515972032 ], [ -119.504059723831205, 34.396945749142688 ], [ -119.503898053293241, 34.397021347506985 ], [ -119.503748197960832, 34.39704930987817 ], [ -119.503655728278062, 34.397106132938369 ], [ -119.503401104539009, 34.397314850462379 ], [ -119.503204530097165, 34.397447520387246 ], [ -119.503008528366848, 34.39748958747559 ], [ -119.50270275499625, 34.39759317030299 ], [ -119.502420249990578, 34.397658704434036 ], [ -119.502235820955804, 34.397691282570925 ], [ -119.502040090226046, 34.397690431177502 ], [ -119.501804274549983, 34.397656024912337 ], [ -119.501637841851604, 34.397574232416154 ], [ -119.501511465036558, 34.397530764072272 ], [ -119.50093545391185, 34.397580708959936 ], [ -119.500756235912533, 34.397699144344045 ], [ -119.500634676543811, 34.397803525013394 ], [ -119.500558746242618, 34.397974866579219 ], [ -119.500396220801619, 34.398183978225653 ], [ -119.500292052027348, 34.398269360339079 ], [ -119.500101682455266, 34.398330521074733 ], [ -119.499917433068632, 34.398334485168114 ], [ -119.499537846401608, 34.398275602085967 ], [ -119.499077634865031, 34.398221133875474 ], [ -119.498686810087861, 34.398119279887354 ], [ -119.49833010063891, 34.398084336905832 ], [ -119.498063989205605, 34.398052743272039 ], [ -119.497736691017792, 34.398153264396207 ], [ -119.497435566704368, 34.398428525447699 ], [ -119.497317958103096, 34.398814271603911 ], [ -119.497293953510251, 34.398966763958327 ], [ -119.497119415345992, 34.399252116896896 ], [ -119.497049324858423, 34.399409175604667 ], [ -119.496770914701216, 34.399732221282093 ], [ -119.496320007939048, 34.400021126347681 ], [ -119.495800871531301, 34.400176206370574 ], [ -119.49513679686622, 34.400488011341352 ], [ -119.49496941552583, 34.400554033796013 ], [ -119.494830664012397, 34.400644026235661 ], [ -119.494680123478702, 34.400776884338221 ], [ -119.494581394429076, 34.40090997102029 ], [ -119.494552241438484, 34.400967066121474 ], [ -119.494366972367075, 34.401128382323755 ], [ -119.494205283888121, 34.401203966679816 ], [ -119.494020936376259, 34.401222226822362 ], [ -119.493802076232413, 34.401235565091397 ], [ -119.493658303785836, 34.401211086218304 ], [ -119.493324949452429, 34.401123774436329 ], [ -119.49307207061058, 34.401055893925246 ], [ -119.492503049138136, 34.400910312818098 ], [ -119.492313345317228, 34.400866553667704 ], [ -119.491823319570642, 34.400969288906929 ], [ -119.491609939289546, 34.40102556609655 ], [ -119.491298132613167, 34.401167240340392 ], [ -119.490998086875734, 34.401270817103686 ], [ -119.490756013129541, 34.401312658231994 ], [ -119.490196557494656, 34.401467533333886 ], [ -119.489665668749453, 34.401655913913793 ], [ -119.489267996189568, 34.40172090189089 ], [ -119.489002184199279, 34.401760646315772 ], [ -119.488865395690866, 34.40176897689588 ], [ -119.488653102869506, 34.401768028698115 ], [ -119.488336657849317, 34.401736810435978 ], [ -119.488196271461575, 34.401745124133669 ], [ -119.4879191147987, 34.401758786145585 ], [ -119.487868409024685, 34.401809226237198 ], [ -119.487760055378573, 34.401871330710243 ], [ -119.487623305439826, 34.401873698790979 ], [ -119.487540663830401, 34.401855446161825 ], [ -119.487407589583498, 34.401845908965193 ], [ -119.487264051530417, 34.401785657790448 ], [ -119.487160035999395, 34.401734524849424 ], [ -119.48703798916516, 34.401689272194311 ], [ -119.486958888406534, 34.401679976342628 ], [ -119.486854171021861, 34.401736135077627 ], [ -119.486771023305806, 34.401795369674012 ], [ -119.48665940215821, 34.40180679150744 ], [ -119.486479473712293, 34.401808964565987 ], [ -119.486274338608624, 34.401814005257897 ], [ -119.486144511403523, 34.401858128261615 ], [ -119.486075756624061, 34.401917427863168 ], [ -119.48602493361048, 34.401985749273017 ], [ -119.485988425021532, 34.402066056412515 ], [ -119.485980916069849, 34.402113709489278 ], [ -119.485997815152444, 34.402280687797315 ], [ -119.486033231472817, 34.402367279073921 ], [ -119.486029164349631, 34.402438790534084 ], [ -119.486017511308034, 34.402569876169849 ], [ -119.485980475710932, 34.40273065192217 ], [ -119.485993289311963, 34.402972123408283 ], [ -119.486017325910879, 34.403148074941377 ], [ -119.486055150709277, 34.403416481680075 ], [ -119.486086228498451, 34.403616308546724 ], [ -119.486106490933295, 34.403819066947179 ], [ -119.486093316458138, 34.40418261791644 ], [ -119.485929638072861, 34.404450119571806 ], [ -119.485737991187946, 34.404592317866225 ], [ -119.485464032545451, 34.404665596430306 ], [ -119.485215455762216, 34.404709185329537 ], [ -119.485081165290381, 34.404884424616206 ], [ -119.484827718676328, 34.405121716636025 ], [ -119.484664914179291, 34.405255102456891 ], [ -119.484538502316269, 34.405326062800803 ], [ -119.484303671269231, 34.405468064119027 ], [ -119.48402896297651, 34.405654591697896 ], [ -119.483956232018528, 34.405770499827831 ], [ -119.483753020054465, 34.406028878466479 ], [ -119.483680347139085, 34.406135844446055 ], [ -119.48341893038095, 34.406489333048356 ], [ -119.48305720752397, 34.406773817813431 ], [ -119.482999063749915, 34.406859987092908 ], [ -119.482911661948137, 34.407017553582115 ], [ -119.482882659148729, 34.407050206688794 ], [ -119.482820936515964, 34.407133378658344 ], [ -119.482806248589227, 34.407178018732729 ], [ -119.482802099758231, 34.407261450793861 ], [ -119.482798246460078, 34.407300178656222 ], [ -119.482786252882292, 34.407372846080563 ], [ -119.482590193811049, 34.407636619185205 ], [ -119.482472943650578, 34.407736231159014 ], [ -119.482268954302697, 34.407892673310798 ], [ -119.48214302043985, 34.407999398133249 ], [ -119.481864605033238, 34.408309291530863 ], [ -119.481738386697799, 34.408458931265521 ], [ -119.481655727931084, 34.408551545553436 ], [ -119.481593714578622, 34.408787311849707 ], [ -119.481722056819677, 34.408970293324138 ], [ -119.481751481364896, 34.409092026742677 ], [ -119.481758867284412, 34.409281612930648 ], [ -119.481766393779139, 34.409449740497486 ], [ -119.48173536389794, 34.409571200163271 ], [ -119.481691236752212, 34.409714058820995 ], [ -119.481629790327844, 34.4098639923889 ], [ -119.481369324387387, 34.410070247771337 ], [ -119.481269295931995, 34.410177088783328 ], [ -119.481018387003132, 34.410243904045977 ], [ -119.480750275510417, 34.410299912477825 ], [ -119.480590191710974, 34.410345679531687 ], [ -119.480382866221376, 34.410351892014823 ], [ -119.480249000046854, 34.410351284303502 ], [ -119.480067561018615, 34.410361189527528 ], [ -119.479821845662883, 34.410295697445974 ], [ -119.479657537588736, 34.410327138166686 ], [ -119.479501771636336, 34.410372924227836 ], [ -119.479419344244761, 34.410429772759244 ], [ -119.479354404364543, 34.410454513312501 ], [ -119.479302300430277, 34.410497193831162 ], [ -119.479280020943222, 34.41060081000844 ], [ -119.479262202275294, 34.410682987264742 ], [ -119.479221866723265, 34.410904544593251 ], [ -119.479207963244491, 34.411047539617506 ], [ -119.479142548304594, 34.411143807005132 ], [ -119.479085864215278, 34.411225807350888 ], [ -119.479029322380512, 34.411286350025598 ], [ -119.478817107040044, 34.411378372362016 ], [ -119.478695789094147, 34.411438619938636 ], [ -119.478639414127997, 34.411474127307905 ], [ -119.478617798437497, 34.411477605542608 ], [ -119.478350179994393, 34.41145850387138 ], [ -119.478159793041129, 34.411514860344056 ], [ -119.478008460262473, 34.411542782041458 ], [ -119.477801132501909, 34.411548988945356 ], [ -119.477662897022384, 34.411555511649617 ], [ -119.477468833351594, 34.411515284329177 ], [ -119.477308935617799, 34.41153243686751 ], [ -119.477068132978061, 34.411377548869368 ], [ -119.476891819883207, 34.411265873420767 ], [ -119.476805858567317, 34.411204680599319 ], [ -119.476792902795694, 34.411204621386702 ], [ -119.476581257235168, 34.411210807246675 ], [ -119.476503336198377, 34.411239062597083 ], [ -119.476399338776261, 34.411292233596669 ], [ -119.476380884745438, 34.411307348959554 ], [ -119.476299254297075, 34.411406222378439 ], [ -119.47613842594474, 34.411562851473448 ], [ -119.475908384051579, 34.411737045073203 ], [ -119.475717539863695, 34.411861346896565 ], [ -119.475470461620361, 34.411999697460367 ], [ -119.475271027705887, 34.412116806698506 ], [ -119.475105853294252, 34.412276990104239 ], [ -119.475019174892367, 34.412323086758136 ], [ -119.474941061950886, 34.412379951763747 ], [ -119.47484941884133, 34.412522589504825 ], [ -119.474827467796004, 34.412576136264931 ], [ -119.474822598941486, 34.412658372097908 ], [ -119.474826247818257, 34.412758529482083 ], [ -119.474821331105261, 34.412847918433442 ], [ -119.474851057368085, 34.412923160495332 ], [ -119.474901994446, 34.413055723042909 ], [ -119.474931314282031, 34.413191763078167 ], [ -119.474985899692953, 34.413424482861984 ], [ -119.47498942815389, 34.413542522079425 ], [ -119.475018653760387, 34.413692867384761 ], [ -119.475030724100662, 34.413825251529943 ], [ -119.475033488546813, 34.414057733497096 ], [ -119.475014612469195, 34.414297269516503 ], [ -119.475013918986718, 34.414400983487113 ], [ -119.475086042517816, 34.414594442694415 ], [ -119.475133019820902, 34.414673340314138 ], [ -119.475171265111584, 34.414766503654441 ], [ -119.475209390975522, 34.414877547968651 ], [ -119.475251930267518, 34.414974306713404 ], [ -119.475228927054303, 34.415185212088709 ], [ -119.475254241257545, 34.415274739409895 ], [ -119.475283801547491, 34.415375015279423 ], [ -119.47536943167789, 34.415486278089894 ], [ -119.475613918563965, 34.415737749535317 ], [ -119.475742257141917, 34.415920736438785 ], [ -119.475736912511877, 34.416074498644647 ], [ -119.475766664754687, 34.416146163671584 ], [ -119.475822138138497, 34.416246558866298 ], [ -119.475856090023356, 34.416336124601713 ], [ -119.475890137475204, 34.416411385904844 ], [ -119.476100961855636, 34.416530373535565 ], [ -119.476264950343079, 34.416549006263416 ], [ -119.476381242532824, 34.416596032117909 ], [ -119.476583741406586, 34.416668486846987 ], [ -119.476786359815321, 34.416723060248962 ], [ -119.476920332135109, 34.416709366693539 ], [ -119.477231273962744, 34.4167107869511 ], [ -119.477399438073363, 34.416750895283961 ], [ -119.477519740741727, 34.416844432172923 ], [ -119.477717541749271, 34.416974086405162 ], [ -119.477747487544704, 34.41701714024164 ], [ -119.477803034353997, 34.417106804728242 ], [ -119.477850088337789, 34.417174971384838 ], [ -119.477914558607196, 34.417221759282519 ], [ -119.478061250589207, 34.417243887198509 ], [ -119.478255590158042, 34.417244773019469 ], [ -119.4784067437635, 34.417245461765937 ], [ -119.478644364303406, 34.417232238365628 ], [ -119.478946385568676, 34.41727653054545 ], [ -119.479036508014914, 34.41736277509996 ], [ -119.478967528162187, 34.417344578795031 ], [ -119.478898643289867, 34.417312077143194 ] ] ] ] } },
{ "type": "Feature", "properties": { "OBJECTID": 0, "Id": 0, "Shape_Leng": 0.0, "Shape_Length": 3025.0111082180115, "Shape_Area": 27600.920474699466 }, "geometry": { "type": "MultiPolygon", "coordinates": [ [ [ [ -119.577340530564825, 34.412715256307962 ], [ -119.577121138977162, 34.412824123053596 ], [ -119.577068547239222, 34.412966986939182 ], [ -119.577062558872697, 34.413009881991556 ], [ -119.577033306162633, 34.413095608262402 ], [ -119.576969609640699, 34.413162133550088 ], [ -119.576888817995595, 34.413195214397469 ], [ -119.57678486674267, 34.413252053042648 ], [ -119.576744303754722, 34.413299589119219 ], [ -119.576651740317828, 34.413380313208386 ], [ -119.576611151472648, 34.413432617108974 ], [ -119.576558995588286, 34.413494415955618 ], [ -119.576598837697517, 34.413580397622781 ], [ -119.576627422530819, 34.413618652517471 ], [ -119.576776923639713, 34.413657353579062 ], [ -119.576897662184649, 34.413691180174574 ], [ -119.577001151517621, 34.413720174036143 ], [ -119.57711597673125, 34.413782589977338 ], [ -119.577167414417531, 34.413854308538902 ], [ -119.577161014061858, 34.413973499466124 ], [ -119.577091301733688, 34.414087687644873 ], [ -119.576987298065461, 34.414154063072246 ], [ -119.576877278865808, 34.414268103061289 ], [ -119.576807925694112, 34.414315531801641 ], [ -119.576721220164302, 34.414377202948849 ], [ -119.576645723820775, 34.414496138296819 ], [ -119.57667870369157, 34.41478714405843 ], [ -119.576672559623091, 34.414858649836106 ], [ -119.576573308971305, 34.415111017373931 ], [ -119.576514700147641, 34.415301543476119 ], [ -119.576536883059077, 34.415458988136656 ], [ -119.576748313653866, 34.415760190349211 ], [ -119.576878978026258, 34.416089704063587 ], [ -119.577090283206189, 34.416414747474249 ], [ -119.577227092726616, 34.416672755807781 ], [ -119.577278248900683, 34.416796927793825 ], [ -119.577277093559104, 34.41701150856651 ], [ -119.577176815995529, 34.417454614768054 ], [ -119.57709519807554, 34.417640287791869 ], [ -119.57708293701566, 34.417778530225931 ], [ -119.57705373501399, 34.417854719484545 ], [ -119.576977797965725, 34.418054718091476 ], [ -119.576879006835441, 34.418221252898476 ], [ -119.576849598867128, 34.418335589409445 ], [ -119.576797311390521, 34.418421230935039 ], [ -119.576756103081465, 34.418587977514719 ], [ -119.576720704713011, 34.418745209638573 ], [ -119.576743070052061, 34.418869274257737 ], [ -119.576765281220517, 34.419021950467396 ], [ -119.576799163082725, 34.419146058514592 ], [ -119.576907697686266, 34.419308590497003 ], [ -119.576906618387895, 34.41950886538126 ], [ -119.576819779775249, 34.419594378231459 ], [ -119.576692631741679, 34.419679741979948 ], [ -119.576518593381266, 34.419917526116038 ], [ -119.576506202336546, 34.420079611007445 ], [ -119.576551600779297, 34.420203761595154 ], [ -119.576746231541179, 34.420419065589741 ], [ -119.576969425243178, 34.420677392491278 ], [ -119.577112617118601, 34.420820977618284 ], [ -119.577354319829794, 34.420850481338519 ], [ -119.577383111946489, 34.420850587620158 ], [ -119.577555919228971, 34.420841688584467 ], [ -119.577688210355277, 34.420870787849232 ], [ -119.577791555578131, 34.42092839144459 ], [ -119.57785459213639, 34.420985846328151 ], [ -119.577882922804463, 34.421071784442695 ], [ -119.577859581792779, 34.421128921722953 ], [ -119.577749990092656, 34.421161896753475 ], [ -119.577611297099267, 34.421251987652163 ], [ -119.577582248261578, 34.42129956613735 ], [ -119.577581298941624, 34.421475998731715 ], [ -119.577575026879984, 34.421571346879681 ], [ -119.577580529220924, 34.421619051920274 ], [ -119.577488417681082, 34.4216139441086 ], [ -119.577466845981036, 34.421342057125955 ], [ -119.577473143816334, 34.421241941121764 ], [ -119.577536898873504, 34.421165879511378 ], [ -119.577571578275325, 34.421142165087929 ], [ -119.577629393611971, 34.421099461559713 ], [ -119.5776355373022, 34.421027955274276 ], [ -119.577595637874126, 34.420951512088131 ], [ -119.577463243992113, 34.420941485888001 ], [ -119.577353832080647, 34.420941082049474 ], [ -119.577100482934583, 34.420935377700701 ], [ -119.57702017256355, 34.420877858581996 ], [ -119.576796669663651, 34.420676754056501 ], [ -119.576567487326599, 34.420461321525806 ], [ -119.57646465811068, 34.420308348198439 ], [ -119.576373191445427, 34.420184027142298 ], [ -119.576338975287115, 34.420121909199111 ], [ -119.576339695792612, 34.419988392398743 ], [ -119.576351778384421, 34.419883529780343 ], [ -119.576433220307891, 34.419731237138535 ], [ -119.57645062417879, 34.419707458207306 ], [ -119.576578003979151, 34.419579178692246 ], [ -119.5766594440598, 34.41942688583925 ], [ -119.576677233463073, 34.419331581020998 ], [ -119.576741373353968, 34.419183992951758 ], [ -119.576638494046378, 34.419040556188222 ], [ -119.576564149334772, 34.418944909717396 ], [ -119.576501115359576, 34.418887454006523 ], [ -119.576438339825117, 34.418782313437482 ], [ -119.576438751439966, 34.418706017894245 ], [ -119.576450679356753, 34.418629764950019 ], [ -119.576474150350535, 34.418548786752531 ], [ -119.576497518410548, 34.418486881758753 ], [ -119.576584484736713, 34.418377526185886 ], [ -119.576694458692032, 34.418273025357344 ], [ -119.576746849006554, 34.418168310645065 ], [ -119.576857413564454, 34.417954133642809 ], [ -119.576915895050746, 34.417787450756911 ], [ -119.576974428770839, 34.417611229399348 ], [ -119.576992243073789, 34.417511155600565 ], [ -119.577027614645971, 34.417358692860169 ], [ -119.577103191306719, 34.417225452223917 ], [ -119.577155734467439, 34.41709212645155 ], [ -119.577133524173789, 34.41693945002794 ], [ -119.577083471548264, 34.41661023380356 ], [ -119.577021082400279, 34.41643356636083 ], [ -119.576906612047878, 34.416304392286641 ], [ -119.576849596553075, 34.416199272953449 ], [ -119.576764457000337, 34.415970066434618 ], [ -119.576627907354734, 34.415664373295847 ], [ -119.576502102969741, 34.41550177655413 ], [ -119.576439381588685, 34.415387098993889 ], [ -119.576439870358541, 34.415296497785221 ], [ -119.576463597600139, 34.415167834324556 ], [ -119.576510124833902, 34.415082172273628 ], [ -119.576562513265173, 34.414977457312425 ], [ -119.576563567665289, 34.414781949397259 ], [ -119.576455913541167, 34.414457287979559 ], [ -119.576439256845987, 34.41434278071025 ], [ -119.576457276878386, 34.414204558274349 ], [ -119.576521181520945, 34.414099885847683 ], [ -119.576746257660702, 34.414005346200781 ], [ -119.576815713402681, 34.413938843280512 ], [ -119.576931130850284, 34.413891583858472 ], [ -119.576925680837931, 34.413834340866273 ], [ -119.576862728884464, 34.413762579636298 ], [ -119.576788080462066, 34.41372415452885 ], [ -119.576598297694446, 34.413680535640545 ], [ -119.576494782840228, 34.413656310190909 ], [ -119.57634543625116, 34.413588997898238 ], [ -119.576259452835856, 34.413517150181441 ], [ -119.576248399436849, 34.413431274954455 ], [ -119.576197118387597, 34.413330945084077 ], [ -119.576208968508553, 34.41326899719234 ], [ -119.576232360939571, 34.413202324048456 ], [ -119.576313255801523, 34.413150168546373 ], [ -119.576474812614265, 34.413088774576693 ], [ -119.576624801176536, 34.413036875345348 ], [ -119.576745871784283, 34.413008711579501 ], [ -119.576855555326929, 34.412956662119491 ], [ -119.576896118065577, 34.412909126888287 ], [ -119.576988681783789, 34.412828402567584 ], [ -119.576949018392824, 34.412709041297312 ], [ -119.576903341000488, 34.412637343841396 ], [ -119.576886504161138, 34.412556216105628 ], [ -119.576972923859287, 34.412546997723133 ], [ -119.577105123744033, 34.412590403348588 ], [ -119.577202828856841, 34.412624144574565 ], [ -119.577271718183155, 34.412662547289834 ], [ -119.577340530564825, 34.412715256307962 ] ] ] ] } }
]
}
